hour,addtocart_pair_count,abandoned_pair_count,abandonment_rate
2015-05-03 03:00:00,26,21.0,80.76923076923077
2015-05-03 04:00:00,19,15.0,78.94736842105263
2015-05-03 05:00:00,17,14.0,82.35294117647058
2015-05-03 06:00:00,9,5.0,55.55555555555556
2015-05-03 08:00:00,2,2.0,100.0
2015-05-03 09:00:00,2,2.0,100.0
2015-05-03 10:00:00,1,1.0,100.0
2015-05-03 11:00:00,1,1.0,100.0
2015-05-03 12:00:00,6,6.0,100.0
2015-05-03 13:00:00,2,2.0,100.0
2015-05-03 14:00:00,5,3.0,60.0
2015-05-03 15:00:00,17,10.0,58.82352941176471
2015-05-03 16:00:00,20,13.0,65.0
2015-05-03 17:00:00,21,13.0,61.904761904761905
2015-05-03 18:00:00,14,11.0,78.57142857142857
2015-05-03 19:00:00,14,13.0,92.85714285714286
2015-05-03 20:00:00,28,21.0,75.0
2015-05-03 21:00:00,20,15.0,75.0
2015-05-03 22:00:00,31,22.0,70.96774193548387
2015-05-03 23:00:00,17,13.0,76.47058823529412
2015-05-04 00:00:00,29,19.0,65.51724137931035
2015-05-04 01:00:00,14,12.0,85.71428571428571
2015-05-04 02:00:00,24,22.0,91.66666666666666
2015-05-04 03:00:00,20,19.0,95.0
2015-05-04 04:00:00,38,35.0,92.10526315789474
2015-05-04 05:00:00,17,16.0,94.11764705882352
2015-05-04 06:00:00,19,13.0,68.42105263157895
2015-05-04 07:00:00,4,3.0,75.0
2015-05-04 08:00:00,4,2.0,50.0
2015-05-04 09:00:00,2,1.0,50.0
2015-05-04 12:00:00,6,6.0,100.0
2015-05-04 13:00:00,7,7.0,100.0
2015-05-04 14:00:00,9,5.0,55.55555555555556
2015-05-04 15:00:00,13,5.0,38.46153846153847
2015-05-04 16:00:00,22,14.0,63.63636363636363
2015-05-04 17:00:00,35,24.0,68.57142857142857
2015-05-04 18:00:00,34,16.0,47.05882352941176
2015-05-04 19:00:00,44,34.0,77.27272727272727
2015-05-04 20:00:00,37,26.0,70.27027027027027
2015-05-04 21:00:00,51,42.0,82.35294117647058
2015-05-04 22:00:00,42,29.0,69.04761904761905
2015-05-04 23:00:00,35,24.0,68.57142857142857
2015-05-05 00:00:00,33,27.0,81.81818181818183
2015-05-05 01:00:00,27,16.0,59.25925925925925
2015-05-05 02:00:00,17,12.0,70.58823529411765
2015-05-05 03:00:00,29,24.0,82.75862068965517
2015-05-05 04:00:00,21,15.0,71.42857142857143
2015-05-05 05:00:00,25,17.0,68.0
2015-05-05 06:00:00,6,6.0,100.0
2015-05-05 07:00:00,8,4.0,50.0
2015-05-05 08:00:00,1,1.0,100.0
2015-05-05 09:00:00,9,8.0,88.88888888888889
2015-05-05 10:00:00,2,1.0,50.0
2015-05-05 11:00:00,1,1.0,100.0
2015-05-05 12:00:00,2,1.0,50.0
2015-05-05 13:00:00,5,3.0,60.0
2015-05-05 14:00:00,15,11.0,73.33333333333333
2015-05-05 15:00:00,19,14.0,73.68421052631578
2015-05-05 16:00:00,27,11.0,40.74074074074074
2015-05-05 17:00:00,36,23.0,63.888888888888886
2015-05-05 18:00:00,48,21.0,43.75
2015-05-05 19:00:00,37,24.0,64.86486486486487
2015-05-05 20:00:00,50,38.0,76.0
2015-05-05 21:00:00,15,6.0,40.0
2015-05-05 22:00:00,34,22.0,64.70588235294117
2015-05-05 23:00:00,59,38.0,64.40677966101694
2015-05-06 00:00:00,43,28.0,65.11627906976744
2015-05-06 01:00:00,32,19.0,59.375
2015-05-06 02:00:00,26,21.0,80.76923076923077
2015-05-06 03:00:00,27,21.0,77.77777777777779
2015-05-06 04:00:00,25,16.0,64.0
2015-05-06 05:00:00,26,24.0,92.3076923076923
2015-05-06 06:00:00,15,10.0,66.66666666666666
2015-05-06 07:00:00,4,4.0,100.0
2015-05-06 08:00:00,8,8.0,100.0
2015-05-06 09:00:00,3,3.0,100.0
2015-05-06 10:00:00,5,1.0,20.0
2015-05-06 11:00:00,4,2.0,50.0
2015-05-06 12:00:00,4,4.0,100.0
2015-05-06 13:00:00,11,9.0,81.81818181818183
2015-05-06 14:00:00,14,9.0,64.28571428571429
2015-05-06 15:00:00,37,16.0,43.24324324324324
2015-05-06 16:00:00,41,23.0,56.09756097560976
2015-05-06 17:00:00,59,36.0,61.016949152542374
2015-05-06 18:00:00,35,20.0,57.14285714285714
2015-05-06 19:00:00,43,25.0,58.139534883720934
2015-05-06 20:00:00,32,16.0,50.0
2015-05-06 21:00:00,38,28.0,73.68421052631578
2015-05-06 22:00:00,26,16.0,61.53846153846154
2015-05-06 23:00:00,38,19.0,50.0
2015-05-07 00:00:00,27,15.0,55.55555555555556
2015-05-07 01:00:00,23,14.0,60.86956521739131
2015-05-07 02:00:00,30,20.0,66.66666666666666
2015-05-07 03:00:00,27,24.0,88.88888888888889
2015-05-07 04:00:00,23,19.0,82.6086956521739
2015-05-07 05:00:00,17,13.0,76.47058823529412
2015-05-07 06:00:00,11,5.0,45.45454545454545
2015-05-07 07:00:00,8,5.0,62.5
2015-05-07 08:00:00,4,4.0,100.0
2015-05-07 12:00:00,2,2.0,100.0
2015-05-07 13:00:00,7,3.0,42.857142857142854
2015-05-07 14:00:00,10,9.0,90.0
2015-05-07 15:00:00,26,10.0,38.46153846153847
2015-05-07 16:00:00,27,18.0,66.66666666666666
2015-05-07 17:00:00,38,24.0,63.1578947368421
2015-05-07 18:00:00,51,38.0,74.50980392156863
2015-05-07 19:00:00,62,39.0,62.903225806451616
2015-05-07 20:00:00,40,23.0,57.49999999999999
2015-05-07 21:00:00,37,24.0,64.86486486486487
2015-05-07 22:00:00,26,14.0,53.84615384615385
2015-05-07 23:00:00,18,13.0,72.22222222222221
2015-05-08 00:00:00,26,21.0,80.76923076923077
2015-05-08 01:00:00,28,22.0,78.57142857142857
2015-05-08 02:00:00,37,13.0,35.13513513513514
2015-05-08 03:00:00,24,15.0,62.5
2015-05-08 04:00:00,17,15.0,88.23529411764706
2015-05-08 05:00:00,18,15.0,83.33333333333334
2015-05-08 06:00:00,14,12.0,85.71428571428571
2015-05-08 07:00:00,3,3.0,100.0
2015-05-08 08:00:00,5,5.0,100.0
2015-05-08 10:00:00,4,4.0,100.0
2015-05-08 11:00:00,1,1.0,100.0
2015-05-08 12:00:00,5,5.0,100.0
2015-05-08 13:00:00,30,30.0,100.0
2015-05-08 14:00:00,27,26.0,96.29629629629629
2015-05-08 15:00:00,22,20.0,90.9090909090909
2015-05-08 16:00:00,21,17.0,80.95238095238095
2015-05-08 17:00:00,27,19.0,70.37037037037037
2015-05-08 18:00:00,32,27.0,84.375
2015-05-08 19:00:00,41,26.0,63.41463414634146
2015-05-08 20:00:00,41,24.0,58.536585365853654
2015-05-08 21:00:00,24,18.0,75.0
2015-05-08 22:00:00,17,8.0,47.05882352941176
2015-05-08 23:00:00,19,12.0,63.1578947368421
2015-05-09 00:00:00,24,18.0,75.0
2015-05-09 01:00:00,27,17.0,62.96296296296296
2015-05-09 02:00:00,44,34.0,77.27272727272727
2015-05-09 03:00:00,9,8.0,88.88888888888889
2015-05-09 04:00:00,16,14.0,87.5
2015-05-09 05:00:00,6,6.0,100.0
2015-05-09 06:00:00,9,9.0,100.0
2015-05-09 07:00:00,1,1.0,100.0
2015-05-09 08:00:00,5,5.0,100.0
2015-05-09 11:00:00,3,3.0,100.0
2015-05-09 12:00:00,1,1.0,100.0
2015-05-09 13:00:00,2,2.0,100.0
2015-05-09 14:00:00,7,7.0,100.0
2015-05-09 15:00:00,9,6.0,66.66666666666666
2015-05-09 16:00:00,9,5.0,55.55555555555556
2015-05-09 17:00:00,9,5.0,55.55555555555556
2015-05-09 18:00:00,9,6.0,66.66666666666666
2015-05-09 19:00:00,8,7.0,87.5
2015-05-09 20:00:00,9,5.0,55.55555555555556
2015-05-09 21:00:00,9,6.0,66.66666666666666
2015-05-09 22:00:00,17,16.0,94.11764705882352
2015-05-09 23:00:00,15,12.0,80.0
2015-05-10 00:00:00,33,30.0,90.9090909090909
2015-05-10 01:00:00,15,13.0,86.66666666666667
2015-05-10 02:00:00,44,41.0,93.18181818181817
2015-05-10 03:00:00,6,6.0,100.0
2015-05-10 04:00:00,11,9.0,81.81818181818183
2015-05-10 05:00:00,3,3.0,100.0
2015-05-10 06:00:00,9,8.0,88.88888888888889
2015-05-10 07:00:00,3,3.0,100.0
2015-05-10 08:00:00,1,1.0,100.0
2015-05-10 09:00:00,1,1.0,100.0
2015-05-10 11:00:00,3,3.0,100.0
2015-05-10 12:00:00,5,2.0,40.0
2015-05-10 13:00:00,8,5.0,62.5
2015-05-10 14:00:00,3,3.0,100.0
2015-05-10 15:00:00,7,3.0,42.857142857142854
2015-05-10 16:00:00,10,7.0,70.0
2015-05-10 17:00:00,15,15.0,100.0
2015-05-10 18:00:00,24,24.0,100.0
2015-05-10 19:00:00,21,17.0,80.95238095238095
2015-05-10 20:00:00,13,7.0,53.84615384615385
2015-05-10 21:00:00,13,9.0,69.23076923076923
2015-05-10 22:00:00,10,4.0,40.0
2015-05-10 23:00:00,16,14.0,87.5
2015-05-11 00:00:00,11,9.0,81.81818181818183
2015-05-11 01:00:00,16,13.0,81.25
2015-05-11 02:00:00,10,7.0,70.0
2015-05-11 03:00:00,11,10.0,90.9090909090909
2015-05-11 04:00:00,29,20.0,68.96551724137932
2015-05-11 05:00:00,19,15.0,78.94736842105263
2015-05-11 06:00:00,4,4.0,100.0
2015-05-11 07:00:00,4,4.0,100.0
2015-05-11 08:00:00,1,1.0,100.0
2015-05-11 09:00:00,3,2.0,66.66666666666666
2015-05-11 10:00:00,1,1.0,100.0
2015-05-11 11:00:00,5,5.0,100.0
2015-05-11 12:00:00,2,2.0,100.0
2015-05-11 13:00:00,9,9.0,100.0
2015-05-11 14:00:00,24,23.0,95.83333333333334
2015-05-11 15:00:00,3,3.0,100.0
2015-05-11 16:00:00,15,13.0,86.66666666666667
2015-05-11 17:00:00,16,13.0,81.25
2015-05-11 18:00:00,21,11.0,52.38095238095239
2015-05-11 19:00:00,28,17.0,60.71428571428571
2015-05-11 20:00:00,24,17.0,70.83333333333334
2015-05-11 21:00:00,20,15.0,75.0
2015-05-11 22:00:00,41,35.0,85.36585365853658
2015-05-11 23:00:00,15,11.0,73.33333333333333
2015-05-12 00:00:00,26,22.0,84.61538461538461
2015-05-12 01:00:00,23,15.0,65.21739130434783
2015-05-12 02:00:00,23,15.0,65.21739130434783
2015-05-12 03:00:00,25,19.0,76.0
2015-05-12 04:00:00,14,12.0,85.71428571428571
2015-05-12 05:00:00,16,15.0,93.75
2015-05-12 06:00:00,7,6.0,85.71428571428571
2015-05-12 07:00:00,4,3.0,75.0
2015-05-12 09:00:00,2,1.0,50.0
2015-05-12 11:00:00,4,3.0,75.0
2015-05-12 12:00:00,1,0.0,0.0
2015-05-12 13:00:00,9,6.0,66.66666666666666
2015-05-12 14:00:00,9,4.0,44.44444444444444
2015-05-12 15:00:00,28,9.0,32.142857142857146
2015-05-12 16:00:00,42,32.0,76.19047619047619
2015-05-12 17:00:00,38,23.0,60.526315789473685
2015-05-12 18:00:00,56,41.0,73.21428571428571
2015-05-12 19:00:00,41,27.0,65.85365853658537
2015-05-12 20:00:00,36,25.0,69.44444444444444
2015-05-12 21:00:00,44,28.0,63.63636363636363
2015-05-12 22:00:00,43,34.0,79.06976744186046
2015-05-12 23:00:00,33,19.0,57.57575757575758
2015-05-13 00:00:00,30,22.0,73.33333333333333
2015-05-13 01:00:00,22,17.0,77.27272727272727
2015-05-13 02:00:00,23,18.0,78.26086956521739
2015-05-13 03:00:00,25,21.0,84.0
2015-05-13 04:00:00,11,9.0,81.81818181818183
2015-05-13 05:00:00,20,16.0,80.0
2015-05-13 06:00:00,9,5.0,55.55555555555556
2015-05-13 07:00:00,4,3.0,75.0
2015-05-13 08:00:00,1,1.0,100.0
2015-05-13 09:00:00,2,2.0,100.0
2015-05-13 10:00:00,1,1.0,100.0
2015-05-13 11:00:00,3,2.0,66.66666666666666
2015-05-13 12:00:00,2,1.0,50.0
2015-05-13 13:00:00,3,1.0,33.33333333333333
2015-05-13 14:00:00,9,7.0,77.77777777777779
2015-05-13 15:00:00,27,15.0,55.55555555555556
2015-05-13 16:00:00,34,25.0,73.52941176470588
2015-05-13 17:00:00,34,16.0,47.05882352941176
2015-05-13 18:00:00,55,31.0,56.36363636363636
2015-05-13 19:00:00,36,24.0,66.66666666666666
2015-05-13 20:00:00,40,23.0,57.49999999999999
2015-05-13 21:00:00,41,22.0,53.65853658536586
2015-05-13 22:00:00,62,31.0,50.0
2015-05-13 23:00:00,33,19.0,57.57575757575758
2015-05-14 00:00:00,33,26.0,78.78787878787878
2015-05-14 01:00:00,21,18.0,85.71428571428571
2015-05-14 02:00:00,23,18.0,78.26086956521739
2015-05-14 03:00:00,24,18.0,75.0
2015-05-14 04:00:00,28,19.0,67.85714285714286
2015-05-14 05:00:00,21,13.0,61.904761904761905
2015-05-14 06:00:00,19,17.0,89.47368421052632
2015-05-14 07:00:00,5,4.0,80.0
2015-05-14 09:00:00,2,0.0,0.0
2015-05-14 10:00:00,3,3.0,100.0
2015-05-14 11:00:00,1,1.0,100.0
2015-05-14 12:00:00,7,7.0,100.0
2015-05-14 13:00:00,10,6.0,60.0
2015-05-14 14:00:00,19,16.0,84.21052631578947
2015-05-14 15:00:00,33,19.0,57.57575757575758
2015-05-14 16:00:00,46,32.0,69.56521739130434
2015-05-14 17:00:00,43,28.0,65.11627906976744
2015-05-14 18:00:00,62,48.0,77.41935483870968
2015-05-14 19:00:00,48,35.0,72.91666666666666
2015-05-14 20:00:00,41,28.0,68.29268292682927
2015-05-14 21:00:00,54,37.0,68.51851851851852
2015-05-14 22:00:00,31,23.0,74.19354838709677
2015-05-14 23:00:00,19,13.0,68.42105263157895
2015-05-15 00:00:00,16,13.0,81.25
2015-05-15 01:00:00,9,5.0,55.55555555555556
2015-05-15 02:00:00,19,10.0,52.63157894736842
2015-05-15 03:00:00,18,13.0,72.22222222222221
2015-05-15 04:00:00,9,7.0,77.77777777777779
2015-05-15 05:00:00,24,10.0,41.66666666666667
2015-05-15 06:00:00,14,6.0,42.857142857142854
2015-05-15 07:00:00,6,6.0,100.0
2015-05-15 08:00:00,8,7.0,87.5
2015-05-15 10:00:00,6,5.0,83.33333333333334
2015-05-15 11:00:00,5,5.0,100.0
2015-05-15 12:00:00,10,8.0,80.0
2015-05-15 13:00:00,6,5.0,83.33333333333334
2015-05-15 14:00:00,11,9.0,81.81818181818183
2015-05-15 15:00:00,24,18.0,75.0
2015-05-15 16:00:00,27,19.0,70.37037037037037
2015-05-15 17:00:00,36,26.0,72.22222222222221
2015-05-15 18:00:00,48,29.0,60.416666666666664
2015-05-15 19:00:00,41,27.0,65.85365853658537
2015-05-15 20:00:00,45,37.0,82.22222222222221
2015-05-15 21:00:00,34,21.0,61.76470588235294
2015-05-15 22:00:00,25,14.0,56.00000000000001
2015-05-15 23:00:00,26,15.0,57.692307692307686
2015-05-16 00:00:00,23,12.0,52.17391304347826
2015-05-16 01:00:00,13,11.0,84.61538461538461
2015-05-16 02:00:00,19,12.0,63.1578947368421
2015-05-16 03:00:00,20,16.0,80.0
2015-05-16 04:00:00,17,15.0,88.23529411764706
2015-05-16 05:00:00,9,8.0,88.88888888888889
2015-05-16 06:00:00,7,6.0,85.71428571428571
2015-05-16 07:00:00,29,23.0,79.3103448275862
2015-05-16 08:00:00,20,20.0,100.0
2015-05-16 09:00:00,1,0.0,0.0
2015-05-16 10:00:00,1,0.0,0.0
2015-05-16 11:00:00,3,3.0,100.0
2015-05-16 12:00:00,3,3.0,100.0
2015-05-16 13:00:00,12,11.0,91.66666666666666
2015-05-16 14:00:00,7,6.0,85.71428571428571
2015-05-16 15:00:00,18,17.0,94.44444444444444
2015-05-16 16:00:00,17,10.0,58.82352941176471
2015-05-16 17:00:00,20,14.0,70.0
2015-05-16 18:00:00,15,7.0,46.666666666666664
2015-05-16 19:00:00,26,14.0,53.84615384615385
2015-05-16 20:00:00,22,17.0,77.27272727272727
2015-05-16 21:00:00,21,15.0,71.42857142857143
2015-05-16 22:00:00,22,12.0,54.54545454545454
2015-05-16 23:00:00,28,22.0,78.57142857142857
2015-05-17 00:00:00,44,28.0,63.63636363636363
2015-05-17 01:00:00,23,15.0,65.21739130434783
2015-05-17 02:00:00,21,15.0,71.42857142857143
2015-05-17 03:00:00,26,17.0,65.38461538461539
2015-05-17 04:00:00,14,8.0,57.14285714285714
2015-05-17 05:00:00,18,16.0,88.88888888888889
2015-05-17 06:00:00,10,9.0,90.0
2015-05-17 07:00:00,7,6.0,85.71428571428571
2015-05-17 08:00:00,1,1.0,100.0
2015-05-17 09:00:00,13,11.0,84.61538461538461
2015-05-17 11:00:00,3,2.0,66.66666666666666
2015-05-17 12:00:00,1,1.0,100.0
2015-05-17 13:00:00,5,5.0,100.0
2015-05-17 14:00:00,9,9.0,100.0
2015-05-17 15:00:00,16,9.0,56.25
2015-05-17 16:00:00,21,13.0,61.904761904761905
2015-05-17 17:00:00,26,17.0,65.38461538461539
2015-05-17 18:00:00,26,15.0,57.692307692307686
2015-05-17 19:00:00,29,18.0,62.06896551724138
2015-05-17 20:00:00,32,23.0,71.875
2015-05-17 21:00:00,35,23.0,65.71428571428571
2015-05-17 22:00:00,30,23.0,76.66666666666667
2015-05-17 23:00:00,27,23.0,85.18518518518519
2015-05-18 00:00:00,28,20.0,71.42857142857143
2015-05-18 01:00:00,35,28.0,80.0
2015-05-18 02:00:00,29,18.0,62.06896551724138
2015-05-18 03:00:00,17,13.0,76.47058823529412
2015-05-18 04:00:00,19,10.0,52.63157894736842
2015-05-18 05:00:00,31,27.0,87.09677419354838
2015-05-18 06:00:00,26,22.0,84.61538461538461
2015-05-18 07:00:00,8,5.0,62.5
2015-05-18 08:00:00,1,0.0,0.0
2015-05-18 12:00:00,3,2.0,66.66666666666666
2015-05-18 13:00:00,16,11.0,68.75
2015-05-18 14:00:00,14,9.0,64.28571428571429
2015-05-18 15:00:00,28,6.0,21.428571428571427
2015-05-18 16:00:00,41,18.0,43.90243902439025
2015-05-18 17:00:00,43,21.0,48.837209302325576
2015-05-18 18:00:00,39,23.0,58.97435897435898
2015-05-18 19:00:00,40,25.0,62.5
2015-05-18 20:00:00,48,33.0,68.75
2015-05-18 21:00:00,43,28.0,65.11627906976744
2015-05-18 22:00:00,39,31.0,79.48717948717949
2015-05-18 23:00:00,30,18.0,60.0
2015-05-19 00:00:00,30,25.0,83.33333333333334
2015-05-19 01:00:00,23,17.0,73.91304347826086
2015-05-19 02:00:00,27,17.0,62.96296296296296
2015-05-19 03:00:00,18,17.0,94.44444444444444
2015-05-19 04:00:00,20,14.0,70.0
2015-05-19 05:00:00,28,25.0,89.28571428571429
2015-05-19 06:00:00,15,14.0,93.33333333333333
2015-05-19 07:00:00,15,15.0,100.0
2015-05-19 08:00:00,3,2.0,66.66666666666666
2015-05-19 09:00:00,2,2.0,100.0
2015-05-19 10:00:00,3,3.0,100.0
2015-05-19 11:00:00,2,2.0,100.0
2015-05-19 12:00:00,4,4.0,100.0
2015-05-19 13:00:00,6,4.0,66.66666666666666
2015-05-19 14:00:00,7,6.0,85.71428571428571
2015-05-19 15:00:00,38,28.0,73.68421052631578
2015-05-19 16:00:00,28,18.0,64.28571428571429
2015-05-19 17:00:00,56,41.0,73.21428571428571
2015-05-19 18:00:00,50,34.0,68.0
2015-05-19 19:00:00,47,33.0,70.2127659574468
2015-05-19 20:00:00,54,36.0,66.66666666666666
2015-05-19 21:00:00,54,35.0,64.81481481481481
2015-05-19 22:00:00,39,23.0,58.97435897435898
2015-05-19 23:00:00,32,23.0,71.875
2015-05-20 00:00:00,14,11.0,78.57142857142857
2015-05-20 01:00:00,36,27.0,75.0
2015-05-20 02:00:00,14,12.0,85.71428571428571
2015-05-20 03:00:00,36,29.0,80.55555555555556
2015-05-20 04:00:00,25,23.0,92.0
2015-05-20 05:00:00,14,11.0,78.57142857142857
2015-05-20 06:00:00,1,1.0,100.0
2015-05-20 07:00:00,3,2.0,66.66666666666666
2015-05-20 09:00:00,8,8.0,100.0
2015-05-20 11:00:00,3,1.0,33.33333333333333
2015-05-20 12:00:00,2,1.0,50.0
2015-05-20 13:00:00,3,2.0,66.66666666666666
2015-05-20 14:00:00,2,1.0,50.0
2015-05-20 15:00:00,14,10.0,71.42857142857143
2015-05-20 16:00:00,16,12.0,75.0
2015-05-20 17:00:00,15,9.0,60.0
2015-05-20 18:00:00,23,20.0,86.95652173913044
2015-05-20 19:00:00,25,11.0,44.0
2015-05-20 20:00:00,56,46.0,82.14285714285714
2015-05-20 21:00:00,27,18.0,66.66666666666666
2015-05-20 22:00:00,30,20.0,66.66666666666666
2015-05-20 23:00:00,21,15.0,71.42857142857143
2015-05-21 00:00:00,53,41.0,77.35849056603774
2015-05-21 01:00:00,88,82.0,93.18181818181817
2015-05-21 02:00:00,33,23.0,69.6969696969697
2015-05-21 03:00:00,15,14.0,93.33333333333333
2015-05-21 04:00:00,21,19.0,90.47619047619048
2015-05-21 05:00:00,17,11.0,64.70588235294117
2015-05-21 06:00:00,10,10.0,100.0
2015-05-21 07:00:00,5,4.0,80.0
2015-05-21 08:00:00,1,1.0,100.0
2015-05-21 09:00:00,3,3.0,100.0
2015-05-21 11:00:00,2,2.0,100.0
2015-05-21 12:00:00,11,7.0,63.63636363636363
2015-05-21 13:00:00,4,3.0,75.0
2015-05-21 14:00:00,8,7.0,87.5
2015-05-21 15:00:00,30,26.0,86.66666666666667
2015-05-21 16:00:00,35,26.0,74.28571428571429
2015-05-21 17:00:00,29,10.0,34.48275862068966
2015-05-21 18:00:00,17,12.0,70.58823529411765
2015-05-21 19:00:00,17,10.0,58.82352941176471
2015-05-21 20:00:00,42,33.0,78.57142857142857
2015-05-21 21:00:00,16,10.0,62.5
2015-05-21 22:00:00,21,16.0,76.19047619047619
2015-05-21 23:00:00,19,19.0,100.0
2015-05-22 00:00:00,25,21.0,84.0
2015-05-22 01:00:00,18,16.0,88.88888888888889
2015-05-22 02:00:00,8,4.0,50.0
2015-05-22 03:00:00,19,18.0,94.73684210526315
2015-05-22 04:00:00,12,10.0,83.33333333333334
2015-05-22 05:00:00,16,6.0,37.5
2015-05-22 06:00:00,12,11.0,91.66666666666666
2015-05-22 07:00:00,2,0.0,0.0
2015-05-22 08:00:00,4,4.0,100.0
2015-05-22 10:00:00,1,0.0,0.0
2015-05-22 11:00:00,3,1.0,33.33333333333333
2015-05-22 12:00:00,8,6.0,75.0
2015-05-22 13:00:00,7,4.0,57.14285714285714
2015-05-22 14:00:00,8,5.0,62.5
2015-05-22 15:00:00,22,16.0,72.72727272727273
2015-05-22 16:00:00,42,28.0,66.66666666666666
2015-05-22 17:00:00,30,22.0,73.33333333333333
2015-05-22 18:00:00,41,26.0,63.41463414634146
2015-05-22 19:00:00,30,20.0,66.66666666666666
2015-05-22 20:00:00,35,15.0,42.857142857142854
2015-05-22 21:00:00,29,15.0,51.724137931034484
2015-05-22 22:00:00,21,15.0,71.42857142857143
2015-05-22 23:00:00,17,13.0,76.47058823529412
2015-05-23 00:00:00,18,12.0,66.66666666666666
2015-05-23 01:00:00,33,19.0,57.57575757575758
2015-05-23 02:00:00,15,14.0,93.33333333333333
2015-05-23 03:00:00,11,6.0,54.54545454545454
2015-05-23 04:00:00,16,15.0,93.75
2015-05-23 05:00:00,16,11.0,68.75
2015-05-23 06:00:00,4,2.0,50.0
2015-05-23 07:00:00,6,3.0,50.0
2015-05-23 08:00:00,2,0.0,0.0
2015-05-23 09:00:00,7,7.0,100.0
2015-05-23 10:00:00,2,1.0,50.0
2015-05-23 11:00:00,2,2.0,100.0
2015-05-23 13:00:00,7,6.0,85.71428571428571
2015-05-23 14:00:00,9,8.0,88.88888888888889
2015-05-23 15:00:00,10,4.0,40.0
2015-05-23 16:00:00,17,13.0,76.47058823529412
2015-05-23 17:00:00,11,6.0,54.54545454545454
2015-05-23 18:00:00,15,10.0,66.66666666666666
2015-05-23 19:00:00,20,13.0,65.0
2015-05-23 20:00:00,18,12.0,66.66666666666666
2015-05-23 21:00:00,36,27.0,75.0
2015-05-23 22:00:00,27,19.0,70.37037037037037
2015-05-23 23:00:00,24,17.0,70.83333333333334
2015-05-24 00:00:00,21,16.0,76.19047619047619
2015-05-24 01:00:00,21,15.0,71.42857142857143
2015-05-24 02:00:00,21,17.0,80.95238095238095
2015-05-24 03:00:00,17,11.0,64.70588235294117
2015-05-24 04:00:00,9,8.0,88.88888888888889
2015-05-24 05:00:00,10,8.0,80.0
2015-05-24 06:00:00,7,6.0,85.71428571428571
2015-05-24 07:00:00,4,4.0,100.0
2015-05-24 08:00:00,1,1.0,100.0
2015-05-24 09:00:00,1,0.0,0.0
2015-05-24 10:00:00,2,1.0,50.0
2015-05-24 12:00:00,1,1.0,100.0
2015-05-24 13:00:00,1,1.0,100.0
2015-05-24 14:00:00,7,5.0,71.42857142857143
2015-05-24 15:00:00,10,7.0,70.0
2015-05-24 16:00:00,21,13.0,61.904761904761905
2015-05-24 17:00:00,17,10.0,58.82352941176471
2015-05-24 18:00:00,18,9.0,50.0
2015-05-24 19:00:00,18,13.0,72.22222222222221
2015-05-24 20:00:00,27,19.0,70.37037037037037
2015-05-24 21:00:00,17,14.0,82.35294117647058
2015-05-24 22:00:00,20,12.0,60.0
2015-05-24 23:00:00,18,14.0,77.77777777777779
2015-05-25 00:00:00,26,22.0,84.61538461538461
2015-05-25 01:00:00,20,15.0,75.0
2015-05-25 02:00:00,19,10.0,52.63157894736842
2015-05-25 03:00:00,16,7.0,43.75
2015-05-25 04:00:00,15,12.0,80.0
2015-05-25 05:00:00,15,10.0,66.66666666666666
2015-05-25 06:00:00,7,4.0,57.14285714285714
2015-05-25 07:00:00,12,11.0,91.66666666666666
2015-05-25 08:00:00,3,3.0,100.0
2015-05-25 09:00:00,1,1.0,100.0
2015-05-25 10:00:00,1,1.0,100.0
2015-05-25 11:00:00,3,3.0,100.0
2015-05-25 12:00:00,2,2.0,100.0
2015-05-25 13:00:00,3,1.0,33.33333333333333
2015-05-25 14:00:00,9,8.0,88.88888888888889
2015-05-25 15:00:00,21,15.0,71.42857142857143
2015-05-25 16:00:00,36,26.0,72.22222222222221
2015-05-25 17:00:00,51,36.0,70.58823529411765
2015-05-25 18:00:00,46,33.0,71.73913043478261
2015-05-25 19:00:00,52,38.0,73.07692307692307
2015-05-25 20:00:00,40,32.0,80.0
2015-05-25 21:00:00,49,31.0,63.26530612244898
2015-05-25 22:00:00,46,25.0,54.347826086956516
2015-05-25 23:00:00,31,19.0,61.29032258064516
2015-05-26 00:00:00,31,30.0,96.7741935483871
2015-05-26 01:00:00,21,11.0,52.38095238095239
2015-05-26 02:00:00,23,13.0,56.52173913043478
2015-05-26 03:00:00,27,23.0,85.18518518518519
2015-05-26 04:00:00,32,22.0,68.75
2015-05-26 05:00:00,12,10.0,83.33333333333334
2015-05-26 06:00:00,10,8.0,80.0
2015-05-26 07:00:00,4,3.0,75.0
2015-05-26 08:00:00,1,1.0,100.0
2015-05-26 09:00:00,1,0.0,0.0
2015-05-26 11:00:00,2,2.0,100.0
2015-05-26 12:00:00,3,3.0,100.0
2015-05-26 13:00:00,13,12.0,92.3076923076923
2015-05-26 14:00:00,18,11.0,61.111111111111114
2015-05-26 15:00:00,33,20.0,60.60606060606061
2015-05-26 16:00:00,23,8.0,34.78260869565217
2015-05-26 17:00:00,34,25.0,73.52941176470588
2015-05-26 18:00:00,17,14.0,82.35294117647058
2015-05-26 19:00:00,42,18.0,42.857142857142854
2015-05-26 20:00:00,44,36.0,81.81818181818183
2015-05-26 21:00:00,66,47.0,71.21212121212122
2015-05-26 22:00:00,24,16.0,66.66666666666666
2015-05-26 23:00:00,28,16.0,57.14285714285714
2015-05-27 00:00:00,12,8.0,66.66666666666666
2015-05-27 01:00:00,26,16.0,61.53846153846154
2015-05-27 02:00:00,18,8.0,44.44444444444444
2015-05-27 03:00:00,32,29.0,90.625
2015-05-27 04:00:00,29,20.0,68.96551724137932
2015-05-27 05:00:00,21,17.0,80.95238095238095
2015-05-27 06:00:00,15,11.0,73.33333333333333
2015-05-27 07:00:00,1,1.0,100.0
2015-05-27 10:00:00,1,1.0,100.0
2015-05-27 11:00:00,1,1.0,100.0
2015-05-27 12:00:00,3,3.0,100.0
2015-05-27 13:00:00,9,7.0,77.77777777777779
2015-05-27 14:00:00,14,9.0,64.28571428571429
2015-05-27 15:00:00,22,8.0,36.36363636363637
2015-05-27 16:00:00,32,26.0,81.25
2015-05-27 17:00:00,48,29.0,60.416666666666664
2015-05-27 18:00:00,35,18.0,51.42857142857142
2015-05-27 19:00:00,19,13.0,68.42105263157895
2015-05-27 20:00:00,24,13.0,54.166666666666664
2015-05-27 21:00:00,46,25.0,54.347826086956516
2015-05-27 22:00:00,36,26.0,72.22222222222221
2015-05-27 23:00:00,23,15.0,65.21739130434783
2015-05-28 00:00:00,18,13.0,72.22222222222221
2015-05-28 01:00:00,27,15.0,55.55555555555556
2015-05-28 02:00:00,38,24.0,63.1578947368421
2015-05-28 03:00:00,34,19.0,55.88235294117647
2015-05-28 04:00:00,15,11.0,73.33333333333333
2015-05-28 05:00:00,20,19.0,95.0
2015-05-28 06:00:00,10,8.0,80.0
2015-05-28 07:00:00,5,4.0,80.0
2015-05-28 08:00:00,2,2.0,100.0
2015-05-28 10:00:00,2,2.0,100.0
2015-05-28 11:00:00,2,2.0,100.0
2015-05-28 12:00:00,3,2.0,66.66666666666666
2015-05-28 13:00:00,5,5.0,100.0
2015-05-28 14:00:00,10,8.0,80.0
2015-05-28 15:00:00,19,15.0,78.94736842105263
2015-05-28 16:00:00,38,23.0,60.526315789473685
2015-05-28 17:00:00,39,20.0,51.28205128205128
2015-05-28 18:00:00,43,30.0,69.76744186046511
2015-05-28 19:00:00,59,35.0,59.32203389830508
2015-05-28 20:00:00,51,25.0,49.01960784313725
2015-05-28 21:00:00,27,14.0,51.85185185185185
2015-05-28 22:00:00,36,20.0,55.55555555555556
2015-05-28 23:00:00,27,21.0,77.77777777777779
2015-05-29 00:00:00,27,15.0,55.55555555555556
2015-05-29 01:00:00,15,14.0,93.33333333333333
2015-05-29 02:00:00,19,14.0,73.68421052631578
2015-05-29 03:00:00,16,11.0,68.75
2015-05-29 04:00:00,10,9.0,90.0
2015-05-29 05:00:00,16,16.0,100.0
2015-05-29 06:00:00,10,8.0,80.0
2015-05-29 07:00:00,4,4.0,100.0
2015-05-29 08:00:00,1,0.0,0.0
2015-05-29 10:00:00,1,1.0,100.0
2015-05-29 11:00:00,1,1.0,100.0
2015-05-29 12:00:00,5,3.0,60.0
2015-05-29 13:00:00,7,6.0,85.71428571428571
2015-05-29 14:00:00,15,12.0,80.0
2015-05-29 15:00:00,18,10.0,55.55555555555556
2015-05-29 16:00:00,22,15.0,68.18181818181817
2015-05-29 17:00:00,14,11.0,78.57142857142857
2015-05-29 18:00:00,24,17.0,70.83333333333334
2015-05-29 19:00:00,44,27.0,61.36363636363637
2015-05-29 20:00:00,42,29.0,69.04761904761905
2015-05-29 21:00:00,28,24.0,85.71428571428571
2015-05-29 22:00:00,22,18.0,81.81818181818183
2015-05-29 23:00:00,21,10.0,47.61904761904761
2015-05-30 00:00:00,18,13.0,72.22222222222221
2015-05-30 01:00:00,17,16.0,94.11764705882352
2015-05-30 02:00:00,23,17.0,73.91304347826086
2015-05-30 03:00:00,15,12.0,80.0
2015-05-30 04:00:00,18,16.0,88.88888888888889
2015-05-30 05:00:00,32,27.0,84.375
2015-05-30 06:00:00,8,8.0,100.0
2015-05-30 07:00:00,10,10.0,100.0
2015-05-30 08:00:00,2,1.0,50.0
2015-05-30 09:00:00,8,8.0,100.0
2015-05-30 10:00:00,1,1.0,100.0
2015-05-30 12:00:00,3,2.0,66.66666666666666
2015-05-30 13:00:00,11,6.0,54.54545454545454
2015-05-30 14:00:00,15,13.0,86.66666666666667
2015-05-30 15:00:00,11,7.0,63.63636363636363
2015-05-30 16:00:00,18,15.0,83.33333333333334
2015-05-30 17:00:00,27,15.0,55.55555555555556
2015-05-30 18:00:00,18,15.0,83.33333333333334
2015-05-30 19:00:00,35,18.0,51.42857142857142
2015-05-30 20:00:00,13,7.0,53.84615384615385
2015-05-30 21:00:00,19,10.0,52.63157894736842
2015-05-30 22:00:00,14,9.0,64.28571428571429
2015-05-30 23:00:00,27,23.0,85.18518518518519
2015-05-31 00:00:00,10,7.0,70.0
2015-05-31 01:00:00,10,8.0,80.0
2015-05-31 02:00:00,10,6.0,60.0
2015-05-31 03:00:00,23,17.0,73.91304347826086
2015-05-31 04:00:00,24,20.0,83.33333333333334
2015-05-31 05:00:00,19,17.0,89.47368421052632
2015-05-31 06:00:00,12,7.0,58.333333333333336
2015-05-31 07:00:00,11,10.0,90.9090909090909
2015-05-31 08:00:00,2,2.0,100.0
2015-05-31 09:00:00,3,2.0,66.66666666666666
2015-05-31 10:00:00,5,5.0,100.0
2015-05-31 11:00:00,1,1.0,100.0
2015-05-31 12:00:00,8,7.0,87.5
2015-05-31 13:00:00,7,6.0,85.71428571428571
2015-05-31 14:00:00,5,5.0,100.0
2015-05-31 15:00:00,8,8.0,100.0
2015-05-31 16:00:00,24,14.0,58.333333333333336
2015-05-31 17:00:00,17,15.0,88.23529411764706
2015-05-31 18:00:00,23,14.0,60.86956521739131
2015-05-31 19:00:00,26,20.0,76.92307692307693
2015-05-31 20:00:00,14,9.0,64.28571428571429
2015-05-31 21:00:00,18,15.0,83.33333333333334
2015-05-31 22:00:00,13,7.0,53.84615384615385
2015-05-31 23:00:00,30,19.0,63.33333333333333
2015-06-01 00:00:00,21,13.0,61.904761904761905
2015-06-01 01:00:00,23,15.0,65.21739130434783
2015-06-01 02:00:00,22,16.0,72.72727272727273
2015-06-01 03:00:00,13,6.0,46.15384615384615
2015-06-01 04:00:00,18,13.0,72.22222222222221
2015-06-01 05:00:00,7,5.0,71.42857142857143
2015-06-01 06:00:00,7,4.0,57.14285714285714
2015-06-01 07:00:00,30,27.0,90.0
2015-06-01 08:00:00,4,4.0,100.0
2015-06-01 10:00:00,3,2.0,66.66666666666666
2015-06-01 11:00:00,1,0.0,0.0
2015-06-01 12:00:00,11,10.0,90.9090909090909
2015-06-01 13:00:00,9,6.0,66.66666666666666
2015-06-01 14:00:00,6,5.0,83.33333333333334
2015-06-01 15:00:00,21,14.0,66.66666666666666
2015-06-01 16:00:00,24,14.0,58.333333333333336
2015-06-01 17:00:00,59,33.0,55.932203389830505
2015-06-01 18:00:00,44,23.0,52.27272727272727
2015-06-01 19:00:00,45,29.0,64.44444444444444
2015-06-01 20:00:00,36,21.0,58.333333333333336
2015-06-01 21:00:00,26,19.0,73.07692307692307
2015-06-01 22:00:00,36,28.0,77.77777777777779
2015-06-01 23:00:00,24,17.0,70.83333333333334
2015-06-02 00:00:00,25,17.0,68.0
2015-06-02 01:00:00,32,21.0,65.625
2015-06-02 02:00:00,14,7.0,50.0
2015-06-02 03:00:00,28,23.0,82.14285714285714
2015-06-02 04:00:00,32,23.0,71.875
2015-06-02 05:00:00,15,10.0,66.66666666666666
2015-06-02 06:00:00,23,21.0,91.30434782608695
2015-06-02 07:00:00,2,2.0,100.0
2015-06-02 08:00:00,5,4.0,80.0
2015-06-02 09:00:00,5,4.0,80.0
2015-06-02 10:00:00,1,0.0,0.0
2015-06-02 11:00:00,6,1.0,16.666666666666664
2015-06-02 12:00:00,6,5.0,83.33333333333334
2015-06-02 13:00:00,17,16.0,94.11764705882352
2015-06-02 14:00:00,13,8.0,61.53846153846154
2015-06-02 15:00:00,17,9.0,52.94117647058824
2015-06-02 16:00:00,37,19.0,51.35135135135135
2015-06-02 17:00:00,31,17.0,54.83870967741935
2015-06-02 18:00:00,33,20.0,60.60606060606061
2015-06-02 19:00:00,40,24.0,60.0
2015-06-02 20:00:00,31,21.0,67.74193548387096
2015-06-02 21:00:00,35,15.0,42.857142857142854
2015-06-02 22:00:00,30,18.0,60.0
2015-06-02 23:00:00,19,14.0,73.68421052631578
2015-06-03 00:00:00,21,14.0,66.66666666666666
2015-06-03 01:00:00,22,14.0,63.63636363636363
2015-06-03 02:00:00,29,17.0,58.620689655172406
2015-06-03 03:00:00,29,21.0,72.41379310344827
2015-06-03 04:00:00,17,15.0,88.23529411764706
2015-06-03 05:00:00,23,18.0,78.26086956521739
2015-06-03 06:00:00,11,8.0,72.72727272727273
2015-06-03 07:00:00,13,7.0,53.84615384615385
2015-06-03 08:00:00,6,6.0,100.0
2015-06-03 09:00:00,3,3.0,100.0
2015-06-03 11:00:00,2,2.0,100.0
2015-06-03 12:00:00,5,2.0,40.0
2015-06-03 13:00:00,10,6.0,60.0
2015-06-03 14:00:00,9,9.0,100.0
2015-06-03 15:00:00,21,10.0,47.61904761904761
2015-06-03 16:00:00,28,14.0,50.0
2015-06-03 17:00:00,39,18.0,46.15384615384615
2015-06-03 18:00:00,47,32.0,68.08510638297872
2015-06-03 19:00:00,39,29.0,74.35897435897436
2015-06-03 20:00:00,30,21.0,70.0
2015-06-03 21:00:00,44,29.0,65.9090909090909
2015-06-03 22:00:00,43,26.0,60.46511627906976
2015-06-03 23:00:00,33,28.0,84.84848484848484
2015-06-04 00:00:00,38,29.0,76.31578947368422
2015-06-04 01:00:00,37,22.0,59.45945945945946
2015-06-04 02:00:00,28,16.0,57.14285714285714
2015-06-04 03:00:00,23,19.0,82.6086956521739
2015-06-04 04:00:00,32,25.0,78.125
2015-06-04 05:00:00,13,10.0,76.92307692307693
2015-06-04 06:00:00,12,11.0,91.66666666666666
2015-06-04 07:00:00,8,7.0,87.5
2015-06-04 08:00:00,1,0.0,0.0
2015-06-04 09:00:00,5,5.0,100.0
2015-06-04 11:00:00,2,2.0,100.0
2015-06-04 12:00:00,9,9.0,100.0
2015-06-04 13:00:00,7,6.0,85.71428571428571
2015-06-04 14:00:00,13,10.0,76.92307692307693
2015-06-04 15:00:00,27,14.0,51.85185185185185
2015-06-04 16:00:00,37,24.0,64.86486486486487
2015-06-04 17:00:00,49,34.0,69.38775510204081
2015-06-04 18:00:00,41,27.0,65.85365853658537
2015-06-04 19:00:00,30,18.0,60.0
2015-06-04 20:00:00,35,20.0,57.14285714285714
2015-06-04 21:00:00,44,31.0,70.45454545454545
2015-06-04 22:00:00,56,40.0,71.42857142857143
2015-06-04 23:00:00,29,20.0,68.96551724137932
2015-06-05 00:00:00,21,13.0,61.904761904761905
2015-06-05 01:00:00,21,13.0,61.904761904761905
2015-06-05 02:00:00,25,18.0,72.0
2015-06-05 03:00:00,29,22.0,75.86206896551724
2015-06-05 04:00:00,22,15.0,68.18181818181817
2015-06-05 05:00:00,6,4.0,66.66666666666666
2015-06-05 06:00:00,9,8.0,88.88888888888889
2015-06-05 07:00:00,4,4.0,100.0
2015-06-05 08:00:00,1,1.0,100.0
2015-06-05 09:00:00,1,1.0,100.0
2015-06-05 10:00:00,3,2.0,66.66666666666666
2015-06-05 11:00:00,2,2.0,100.0
2015-06-05 12:00:00,13,12.0,92.3076923076923
2015-06-05 13:00:00,4,3.0,75.0
2015-06-05 14:00:00,12,10.0,83.33333333333334
2015-06-05 15:00:00,21,14.0,66.66666666666666
2015-06-05 16:00:00,19,14.0,73.68421052631578
2015-06-05 17:00:00,27,18.0,66.66666666666666
2015-06-05 18:00:00,21,12.0,57.14285714285714
2015-06-05 19:00:00,27,20.0,74.07407407407408
2015-06-05 20:00:00,48,36.0,75.0
2015-06-05 21:00:00,27,13.0,48.148148148148145
2015-06-05 22:00:00,24,15.0,62.5
2015-06-05 23:00:00,32,22.0,68.75
2015-06-06 00:00:00,18,13.0,72.22222222222221
2015-06-06 01:00:00,15,10.0,66.66666666666666
2015-06-06 02:00:00,24,12.0,50.0
2015-06-06 03:00:00,28,21.0,75.0
2015-06-06 04:00:00,20,17.0,85.0
2015-06-06 05:00:00,10,8.0,80.0
2015-06-06 06:00:00,9,7.0,77.77777777777779
2015-06-06 07:00:00,9,6.0,66.66666666666666
2015-06-06 08:00:00,6,4.0,66.66666666666666
2015-06-06 09:00:00,3,0.0,0.0
2015-06-06 10:00:00,1,1.0,100.0
2015-06-06 12:00:00,2,1.0,50.0
2015-06-06 13:00:00,8,7.0,87.5
2015-06-06 14:00:00,4,4.0,100.0
2015-06-06 15:00:00,19,18.0,94.73684210526315
2015-06-06 16:00:00,19,13.0,68.42105263157895
2015-06-06 17:00:00,25,20.0,80.0
2015-06-06 18:00:00,9,7.0,77.77777777777779
2015-06-06 19:00:00,12,8.0,66.66666666666666
2015-06-06 20:00:00,35,29.0,82.85714285714286
2015-06-06 21:00:00,16,13.0,81.25
2015-06-06 22:00:00,33,28.0,84.84848484848484
2015-06-06 23:00:00,16,11.0,68.75
2015-06-07 00:00:00,28,21.0,75.0
2015-06-07 01:00:00,13,10.0,76.92307692307693
2015-06-07 02:00:00,17,12.0,70.58823529411765
2015-06-07 03:00:00,16,14.0,87.5
2015-06-07 04:00:00,26,17.0,65.38461538461539
2015-06-07 05:00:00,16,15.0,93.75
2015-06-07 06:00:00,10,7.0,70.0
2015-06-07 07:00:00,4,2.0,50.0
2015-06-07 08:00:00,6,3.0,50.0
2015-06-07 09:00:00,2,2.0,100.0
2015-06-07 12:00:00,5,5.0,100.0
2015-06-07 13:00:00,4,4.0,100.0
2015-06-07 14:00:00,11,9.0,81.81818181818183
2015-06-07 15:00:00,6,5.0,83.33333333333334
2015-06-07 16:00:00,20,13.0,65.0
2015-06-07 17:00:00,29,18.0,62.06896551724138
2015-06-07 18:00:00,16,11.0,68.75
2015-06-07 19:00:00,14,8.0,57.14285714285714
2015-06-07 20:00:00,23,15.0,65.21739130434783
2015-06-07 21:00:00,20,11.0,55.00000000000001
2015-06-07 22:00:00,18,15.0,83.33333333333334
2015-06-07 23:00:00,19,16.0,84.21052631578947
2015-06-08 00:00:00,12,10.0,83.33333333333334
2015-06-08 01:00:00,24,20.0,83.33333333333334
2015-06-08 02:00:00,22,17.0,77.27272727272727
2015-06-08 03:00:00,11,8.0,72.72727272727273
2015-06-08 04:00:00,24,16.0,66.66666666666666
2015-06-08 05:00:00,16,10.0,62.5
2015-06-08 06:00:00,7,6.0,85.71428571428571
2015-06-08 07:00:00,9,8.0,88.88888888888889
2015-06-08 08:00:00,3,3.0,100.0
2015-06-08 10:00:00,1,0.0,0.0
2015-06-08 11:00:00,6,6.0,100.0
2015-06-08 12:00:00,10,10.0,100.0
2015-06-08 13:00:00,7,7.0,100.0
2015-06-08 14:00:00,16,12.0,75.0
2015-06-08 15:00:00,21,14.0,66.66666666666666
2015-06-08 16:00:00,27,16.0,59.25925925925925
2015-06-08 17:00:00,57,21.0,36.84210526315789
2015-06-08 18:00:00,37,22.0,59.45945945945946
2015-06-08 19:00:00,32,13.0,40.625
2015-06-08 20:00:00,36,21.0,58.333333333333336
2015-06-08 21:00:00,33,21.0,63.63636363636363
2015-06-08 22:00:00,24,15.0,62.5
2015-06-08 23:00:00,32,22.0,68.75
2015-06-09 00:00:00,13,10.0,76.92307692307693
2015-06-09 01:00:00,19,11.0,57.89473684210527
2015-06-09 02:00:00,25,18.0,72.0
2015-06-09 03:00:00,14,9.0,64.28571428571429
2015-06-09 04:00:00,26,20.0,76.92307692307693
2015-06-09 05:00:00,19,18.0,94.73684210526315
2015-06-09 06:00:00,11,11.0,100.0
2015-06-09 07:00:00,9,7.0,77.77777777777779
2015-06-09 08:00:00,2,2.0,100.0
2015-06-09 09:00:00,9,9.0,100.0
2015-06-09 10:00:00,2,2.0,100.0
2015-06-09 11:00:00,9,6.0,66.66666666666666
2015-06-09 12:00:00,2,0.0,0.0
2015-06-09 13:00:00,6,5.0,83.33333333333334
2015-06-09 14:00:00,14,11.0,78.57142857142857
2015-06-09 15:00:00,23,18.0,78.26086956521739
2015-06-09 16:00:00,22,8.0,36.36363636363637
2015-06-09 17:00:00,32,23.0,71.875
2015-06-09 18:00:00,31,20.0,64.51612903225806
2015-06-09 19:00:00,33,21.0,63.63636363636363
2015-06-09 20:00:00,31,22.0,70.96774193548387
2015-06-09 21:00:00,36,28.0,77.77777777777779
2015-06-09 22:00:00,27,23.0,85.18518518518519
2015-06-09 23:00:00,31,24.0,77.41935483870968
2015-06-10 00:00:00,18,11.0,61.111111111111114
2015-06-10 01:00:00,42,31.0,73.80952380952381
2015-06-10 02:00:00,24,13.0,54.166666666666664
2015-06-10 03:00:00,11,7.0,63.63636363636363
2015-06-10 04:00:00,30,30.0,100.0
2015-06-10 05:00:00,20,18.0,90.0
2015-06-10 06:00:00,21,14.0,66.66666666666666
2015-06-10 07:00:00,3,2.0,66.66666666666666
2015-06-10 09:00:00,4,4.0,100.0
2015-06-10 11:00:00,2,2.0,100.0
2015-06-10 12:00:00,8,4.0,50.0
2015-06-10 13:00:00,6,4.0,66.66666666666666
2015-06-10 14:00:00,12,11.0,91.66666666666666
2015-06-10 15:00:00,24,16.0,66.66666666666666
2015-06-10 16:00:00,33,25.0,75.75757575757575
2015-06-10 17:00:00,36,23.0,63.888888888888886
2015-06-10 18:00:00,35,15.0,42.857142857142854
2015-06-10 19:00:00,43,22.0,51.162790697674424
2015-06-10 20:00:00,39,27.0,69.23076923076923
2015-06-10 21:00:00,54,32.0,59.25925925925925
2015-06-10 22:00:00,39,28.0,71.7948717948718
2015-06-10 23:00:00,25,12.0,48.0
2015-06-11 00:00:00,29,20.0,68.96551724137932
2015-06-11 01:00:00,21,13.0,61.904761904761905
2015-06-11 02:00:00,12,7.0,58.333333333333336
2015-06-11 03:00:00,16,14.0,87.5
2015-06-11 04:00:00,26,22.0,84.61538461538461
2015-06-11 05:00:00,23,17.0,73.91304347826086
2015-06-11 06:00:00,11,8.0,72.72727272727273
2015-06-11 07:00:00,5,2.0,40.0
2015-06-11 08:00:00,5,3.0,60.0
2015-06-11 09:00:00,3,2.0,66.66666666666666
2015-06-11 10:00:00,1,1.0,100.0
2015-06-11 11:00:00,3,1.0,33.33333333333333
2015-06-11 12:00:00,2,2.0,100.0
2015-06-11 13:00:00,3,3.0,100.0
2015-06-11 14:00:00,13,7.0,53.84615384615385
2015-06-11 15:00:00,26,18.0,69.23076923076923
2015-06-11 16:00:00,16,14.0,87.5
2015-06-11 17:00:00,25,16.0,64.0
2015-06-11 18:00:00,40,27.0,67.5
2015-06-11 19:00:00,27,24.0,88.88888888888889
2015-06-11 20:00:00,60,33.0,55.00000000000001
2015-06-11 21:00:00,23,13.0,56.52173913043478
2015-06-11 22:00:00,22,15.0,68.18181818181817
2015-06-11 23:00:00,27,20.0,74.07407407407408
2015-06-12 00:00:00,20,10.0,50.0
2015-06-12 01:00:00,21,17.0,80.95238095238095
2015-06-12 02:00:00,15,10.0,66.66666666666666
2015-06-12 03:00:00,16,13.0,81.25
2015-06-12 04:00:00,18,15.0,83.33333333333334
2015-06-12 05:00:00,20,17.0,85.0
2015-06-12 06:00:00,9,7.0,77.77777777777779
2015-06-12 07:00:00,5,4.0,80.0
2015-06-12 08:00:00,5,5.0,100.0
2015-06-12 09:00:00,1,1.0,100.0
2015-06-12 10:00:00,1,1.0,100.0
2015-06-12 11:00:00,5,5.0,100.0
2015-06-12 12:00:00,5,5.0,100.0
2015-06-12 13:00:00,6,5.0,83.33333333333334
2015-06-12 14:00:00,5,4.0,80.0
2015-06-12 15:00:00,17,12.0,70.58823529411765
2015-06-12 16:00:00,14,12.0,85.71428571428571
2015-06-12 17:00:00,8,4.0,50.0
2015-06-12 18:00:00,15,7.0,46.666666666666664
2015-06-12 19:00:00,14,7.0,50.0
2015-06-12 20:00:00,9,3.0,33.33333333333333
2015-06-12 21:00:00,25,12.0,48.0
2015-06-12 22:00:00,21,9.0,42.857142857142854
2015-06-12 23:00:00,21,16.0,76.19047619047619
2015-06-13 00:00:00,31,26.0,83.87096774193549
2015-06-13 01:00:00,19,14.0,73.68421052631578
2015-06-13 02:00:00,15,14.0,93.33333333333333
2015-06-13 03:00:00,11,11.0,100.0
2015-06-13 04:00:00,17,13.0,76.47058823529412
2015-06-13 05:00:00,11,6.0,54.54545454545454
2015-06-13 06:00:00,15,13.0,86.66666666666667
2015-06-13 07:00:00,4,3.0,75.0
2015-06-13 08:00:00,2,2.0,100.0
2015-06-13 10:00:00,1,1.0,100.0
2015-06-13 11:00:00,1,1.0,100.0
2015-06-13 12:00:00,4,3.0,75.0
2015-06-13 13:00:00,4,4.0,100.0
2015-06-13 14:00:00,9,8.0,88.88888888888889
2015-06-13 15:00:00,30,29.0,96.66666666666667
2015-06-13 16:00:00,12,8.0,66.66666666666666
2015-06-13 17:00:00,18,15.0,83.33333333333334
2015-06-13 18:00:00,13,12.0,92.3076923076923
2015-06-13 19:00:00,8,7.0,87.5
2015-06-13 20:00:00,6,3.0,50.0
2015-06-13 21:00:00,8,3.0,37.5
2015-06-13 22:00:00,17,15.0,88.23529411764706
2015-06-13 23:00:00,4,3.0,75.0
2015-06-14 00:00:00,11,6.0,54.54545454545454
2015-06-14 01:00:00,10,6.0,60.0
2015-06-14 02:00:00,9,6.0,66.66666666666666
2015-06-14 03:00:00,13,13.0,100.0
2015-06-14 04:00:00,26,23.0,88.46153846153845
2015-06-14 05:00:00,27,21.0,77.77777777777779
2015-06-14 06:00:00,9,5.0,55.55555555555556
2015-06-14 07:00:00,8,4.0,50.0
2015-06-14 09:00:00,1,1.0,100.0
2015-06-14 10:00:00,3,3.0,100.0
2015-06-14 11:00:00,3,3.0,100.0
2015-06-14 12:00:00,2,0.0,0.0
2015-06-14 13:00:00,8,7.0,87.5
2015-06-14 14:00:00,9,9.0,100.0
2015-06-14 15:00:00,13,7.0,53.84615384615385
2015-06-14 16:00:00,19,13.0,68.42105263157895
2015-06-14 17:00:00,10,8.0,80.0
2015-06-14 18:00:00,23,18.0,78.26086956521739
2015-06-14 19:00:00,35,26.0,74.28571428571429
2015-06-14 20:00:00,20,16.0,80.0
2015-06-14 21:00:00,16,10.0,62.5
2015-06-14 22:00:00,33,25.0,75.75757575757575
2015-06-14 23:00:00,11,7.0,63.63636363636363
2015-06-15 00:00:00,16,13.0,81.25
2015-06-15 01:00:00,31,23.0,74.19354838709677
2015-06-15 02:00:00,24,12.0,50.0
2015-06-15 03:00:00,19,14.0,73.68421052631578
2015-06-15 04:00:00,22,20.0,90.9090909090909
2015-06-15 05:00:00,12,10.0,83.33333333333334
2015-06-15 06:00:00,15,10.0,66.66666666666666
2015-06-15 07:00:00,6,4.0,66.66666666666666
2015-06-15 08:00:00,6,6.0,100.0
2015-06-15 09:00:00,1,1.0,100.0
2015-06-15 10:00:00,1,1.0,100.0
2015-06-15 11:00:00,1,1.0,100.0
2015-06-15 12:00:00,2,1.0,50.0
2015-06-15 13:00:00,8,7.0,87.5
2015-06-15 14:00:00,16,13.0,81.25
2015-06-15 15:00:00,44,29.0,65.9090909090909
2015-06-15 16:00:00,35,19.0,54.285714285714285
2015-06-15 17:00:00,44,21.0,47.72727272727273
2015-06-15 18:00:00,59,49.0,83.05084745762711
2015-06-15 19:00:00,37,27.0,72.97297297297297
2015-06-15 20:00:00,42,24.0,57.14285714285714
2015-06-15 21:00:00,59,45.0,76.27118644067797
2015-06-15 22:00:00,30,17.0,56.666666666666664
2015-06-15 23:00:00,28,20.0,71.42857142857143
2015-06-16 00:00:00,33,23.0,69.6969696969697
2015-06-16 01:00:00,38,23.0,60.526315789473685
2015-06-16 02:00:00,29,20.0,68.96551724137932
2015-06-16 03:00:00,25,16.0,64.0
2015-06-16 04:00:00,37,23.0,62.16216216216216
2015-06-16 05:00:00,23,15.0,65.21739130434783
2015-06-16 06:00:00,19,16.0,84.21052631578947
2015-06-16 07:00:00,5,5.0,100.0
2015-06-16 08:00:00,12,11.0,91.66666666666666
2015-06-16 09:00:00,1,1.0,100.0
2015-06-16 11:00:00,2,0.0,0.0
2015-06-16 12:00:00,13,13.0,100.0
2015-06-16 13:00:00,7,7.0,100.0
2015-06-16 14:00:00,34,27.0,79.41176470588235
2015-06-16 15:00:00,29,18.0,62.06896551724138
2015-06-16 16:00:00,46,34.0,73.91304347826086
2015-06-16 17:00:00,50,36.0,72.0
2015-06-16 18:00:00,59,33.0,55.932203389830505
2015-06-16 19:00:00,73,39.0,53.42465753424658
2015-06-16 20:00:00,51,33.0,64.70588235294117
2015-06-16 21:00:00,53,32.0,60.37735849056604
2015-06-16 22:00:00,43,31.0,72.09302325581395
2015-06-16 23:00:00,44,35.0,79.54545454545455
2015-06-17 00:00:00,45,34.0,75.55555555555556
2015-06-17 01:00:00,32,26.0,81.25
2015-06-17 02:00:00,31,19.0,61.29032258064516
2015-06-17 03:00:00,30,19.0,63.33333333333333
2015-06-17 04:00:00,28,18.0,64.28571428571429
2015-06-17 05:00:00,40,22.0,55.00000000000001
2015-06-17 06:00:00,21,13.0,61.904761904761905
2015-06-17 07:00:00,9,8.0,88.88888888888889
2015-06-17 08:00:00,3,3.0,100.0
2015-06-17 09:00:00,4,4.0,100.0
2015-06-17 10:00:00,1,1.0,100.0
2015-06-17 11:00:00,4,4.0,100.0
2015-06-17 12:00:00,3,3.0,100.0
2015-06-17 13:00:00,6,6.0,100.0
2015-06-17 14:00:00,12,11.0,91.66666666666666
2015-06-17 15:00:00,33,18.0,54.54545454545454
2015-06-17 16:00:00,47,18.0,38.297872340425535
2015-06-17 17:00:00,45,26.0,57.77777777777777
2015-06-17 18:00:00,43,22.0,51.162790697674424
2015-06-17 19:00:00,48,24.0,50.0
2015-06-17 20:00:00,25,14.0,56.00000000000001
2015-06-17 21:00:00,51,30.0,58.82352941176471
2015-06-17 22:00:00,32,23.0,71.875
2015-06-17 23:00:00,34,21.0,61.76470588235294
2015-06-18 00:00:00,36,24.0,66.66666666666666
2015-06-18 01:00:00,22,18.0,81.81818181818183
2015-06-18 02:00:00,26,20.0,76.92307692307693
2015-06-18 03:00:00,24,20.0,83.33333333333334
2015-06-18 04:00:00,33,29.0,87.87878787878788
2015-06-18 05:00:00,40,24.0,60.0
2015-06-18 06:00:00,11,10.0,90.9090909090909
2015-06-18 07:00:00,7,7.0,100.0
2015-06-18 08:00:00,2,2.0,100.0
2015-06-18 09:00:00,1,0.0,0.0
2015-06-18 10:00:00,2,1.0,50.0
2015-06-18 11:00:00,2,2.0,100.0
2015-06-18 12:00:00,7,3.0,42.857142857142854
2015-06-18 13:00:00,15,14.0,93.33333333333333
2015-06-18 14:00:00,4,3.0,75.0
2015-06-18 15:00:00,22,18.0,81.81818181818183
2015-06-18 16:00:00,51,25.0,49.01960784313725
2015-06-18 17:00:00,43,30.0,69.76744186046511
2015-06-18 18:00:00,47,32.0,68.08510638297872
2015-06-18 19:00:00,30,19.0,63.33333333333333
2015-06-18 20:00:00,40,23.0,57.49999999999999
2015-06-18 21:00:00,58,50.0,86.20689655172413
2015-06-18 22:00:00,86,79.0,91.86046511627907
2015-06-18 23:00:00,36,26.0,72.22222222222221
2015-06-19 00:00:00,25,19.0,76.0
2015-06-19 01:00:00,12,9.0,75.0
2015-06-19 02:00:00,26,21.0,80.76923076923077
2015-06-19 03:00:00,31,19.0,61.29032258064516
2015-06-19 04:00:00,25,21.0,84.0
2015-06-19 05:00:00,19,19.0,100.0
2015-06-19 06:00:00,17,15.0,88.23529411764706
2015-06-19 07:00:00,14,9.0,64.28571428571429
2015-06-19 08:00:00,2,2.0,100.0
2015-06-19 09:00:00,1,1.0,100.0
2015-06-19 10:00:00,3,2.0,66.66666666666666
2015-06-19 11:00:00,1,1.0,100.0
2015-06-19 12:00:00,4,3.0,75.0
2015-06-19 13:00:00,10,7.0,70.0
2015-06-19 14:00:00,7,4.0,57.14285714285714
2015-06-19 15:00:00,16,9.0,56.25
2015-06-19 16:00:00,29,19.0,65.51724137931035
2015-06-19 17:00:00,35,17.0,48.57142857142857
2015-06-19 18:00:00,27,15.0,55.55555555555556
2015-06-19 19:00:00,29,19.0,65.51724137931035
2015-06-19 20:00:00,25,15.0,60.0
2015-06-19 21:00:00,41,20.0,48.78048780487805
2015-06-19 22:00:00,32,22.0,68.75
2015-06-19 23:00:00,20,12.0,60.0
2015-06-20 00:00:00,9,9.0,100.0
2015-06-20 01:00:00,38,29.0,76.31578947368422
2015-06-20 02:00:00,14,9.0,64.28571428571429
2015-06-20 03:00:00,12,9.0,75.0
2015-06-20 04:00:00,10,7.0,70.0
2015-06-20 05:00:00,12,12.0,100.0
2015-06-20 06:00:00,14,11.0,78.57142857142857
2015-06-20 07:00:00,3,3.0,100.0
2015-06-20 08:00:00,1,1.0,100.0
2015-06-20 09:00:00,4,4.0,100.0
2015-06-20 10:00:00,2,2.0,100.0
2015-06-20 12:00:00,1,1.0,100.0
2015-06-20 13:00:00,10,6.0,60.0
2015-06-20 14:00:00,6,5.0,83.33333333333334
2015-06-20 15:00:00,15,14.0,93.33333333333333
2015-06-20 16:00:00,17,11.0,64.70588235294117
2015-06-20 17:00:00,14,9.0,64.28571428571429
2015-06-20 18:00:00,17,9.0,52.94117647058824
2015-06-20 19:00:00,53,48.0,90.56603773584906
2015-06-20 20:00:00,64,50.0,78.125
2015-06-20 21:00:00,20,8.0,40.0
2015-06-20 22:00:00,14,9.0,64.28571428571429
2015-06-20 23:00:00,18,13.0,72.22222222222221
2015-06-21 00:00:00,20,16.0,80.0
2015-06-21 01:00:00,16,10.0,62.5
2015-06-21 02:00:00,8,6.0,75.0
2015-06-21 03:00:00,17,12.0,70.58823529411765
2015-06-21 04:00:00,20,19.0,95.0
2015-06-21 05:00:00,11,10.0,90.9090909090909
2015-06-21 06:00:00,15,12.0,80.0
2015-06-21 07:00:00,5,5.0,100.0
2015-06-21 08:00:00,5,5.0,100.0
2015-06-21 10:00:00,1,1.0,100.0
2015-06-21 11:00:00,3,1.0,33.33333333333333
2015-06-21 12:00:00,2,1.0,50.0
2015-06-21 13:00:00,3,3.0,100.0
2015-06-21 14:00:00,9,7.0,77.77777777777779
2015-06-21 15:00:00,10,8.0,80.0
2015-06-21 16:00:00,13,8.0,61.53846153846154
2015-06-21 17:00:00,19,11.0,57.89473684210527
2015-06-21 18:00:00,34,29.0,85.29411764705883
2015-06-21 19:00:00,24,18.0,75.0
2015-06-21 20:00:00,23,17.0,73.91304347826086
2015-06-21 21:00:00,7,4.0,57.14285714285714
2015-06-21 22:00:00,12,6.0,50.0
2015-06-21 23:00:00,15,11.0,73.33333333333333
2015-06-22 00:00:00,20,13.0,65.0
2015-06-22 01:00:00,22,13.0,59.09090909090909
2015-06-22 02:00:00,26,10.0,38.46153846153847
2015-06-22 03:00:00,36,31.0,86.11111111111111
2015-06-22 04:00:00,17,15.0,88.23529411764706
2015-06-22 05:00:00,10,7.0,70.0
2015-06-22 06:00:00,8,8.0,100.0
2015-06-22 07:00:00,7,3.0,42.857142857142854
2015-06-22 08:00:00,1,1.0,100.0
2015-06-22 09:00:00,3,2.0,66.66666666666666
2015-06-22 10:00:00,2,2.0,100.0
2015-06-22 11:00:00,4,4.0,100.0
2015-06-22 12:00:00,2,1.0,50.0
2015-06-22 13:00:00,1,1.0,100.0
2015-06-22 14:00:00,15,14.0,93.33333333333333
2015-06-22 15:00:00,23,17.0,73.91304347826086
2015-06-22 16:00:00,46,34.0,73.91304347826086
2015-06-22 17:00:00,31,19.0,61.29032258064516
2015-06-22 18:00:00,52,22.0,42.30769230769231
2015-06-22 19:00:00,47,30.0,63.829787234042556
2015-06-22 20:00:00,57,37.0,64.91228070175438
2015-06-22 21:00:00,41,17.0,41.46341463414634
2015-06-22 22:00:00,42,25.0,59.523809523809526
2015-06-22 23:00:00,31,14.0,45.16129032258064
2015-06-23 00:00:00,40,21.0,52.5
2015-06-23 01:00:00,25,17.0,68.0
2015-06-23 02:00:00,32,20.0,62.5
2015-06-23 03:00:00,18,10.0,55.55555555555556
2015-06-23 04:00:00,30,26.0,86.66666666666667
2015-06-23 05:00:00,15,11.0,73.33333333333333
2015-06-23 06:00:00,14,4.0,28.57142857142857
2015-06-23 07:00:00,6,3.0,50.0
2015-06-23 08:00:00,2,2.0,100.0
2015-06-23 09:00:00,3,3.0,100.0
2015-06-23 10:00:00,4,4.0,100.0
2015-06-23 11:00:00,5,5.0,100.0
2015-06-23 12:00:00,5,5.0,100.0
2015-06-23 13:00:00,11,10.0,90.9090909090909
2015-06-23 14:00:00,8,3.0,37.5
2015-06-23 15:00:00,22,13.0,59.09090909090909
2015-06-23 16:00:00,35,23.0,65.71428571428571
2015-06-23 17:00:00,39,19.0,48.717948717948715
2015-06-23 18:00:00,56,38.0,67.85714285714286
2015-06-23 19:00:00,50,31.0,62.0
2015-06-23 20:00:00,32,19.0,59.375
2015-06-23 21:00:00,36,22.0,61.111111111111114
2015-06-23 22:00:00,45,31.0,68.88888888888889
2015-06-23 23:00:00,45,31.0,68.88888888888889
2015-06-24 00:00:00,36,26.0,72.22222222222221
2015-06-24 01:00:00,38,29.0,76.31578947368422
2015-06-24 02:00:00,37,32.0,86.48648648648648
2015-06-24 03:00:00,13,10.0,76.92307692307693
2015-06-24 04:00:00,23,21.0,91.30434782608695
2015-06-24 05:00:00,21,17.0,80.95238095238095
2015-06-24 06:00:00,14,8.0,57.14285714285714
2015-06-24 07:00:00,7,6.0,85.71428571428571
2015-06-24 08:00:00,2,2.0,100.0
2015-06-24 10:00:00,4,4.0,100.0
2015-06-24 12:00:00,5,3.0,60.0
2015-06-24 13:00:00,7,7.0,100.0
2015-06-24 14:00:00,24,24.0,100.0
2015-06-24 15:00:00,27,13.0,48.148148148148145
2015-06-24 16:00:00,39,25.0,64.1025641025641
2015-06-24 17:00:00,29,15.0,51.724137931034484
2015-06-24 18:00:00,29,22.0,75.86206896551724
2015-06-24 19:00:00,40,20.0,50.0
2015-06-24 20:00:00,40,27.0,67.5
2015-06-24 21:00:00,29,16.0,55.172413793103445
2015-06-24 22:00:00,38,31.0,81.57894736842105
2015-06-24 23:00:00,25,18.0,72.0
2015-06-25 00:00:00,11,7.0,63.63636363636363
2015-06-25 01:00:00,12,7.0,58.333333333333336
2015-06-25 02:00:00,19,13.0,68.42105263157895
2015-06-25 03:00:00,19,10.0,52.63157894736842
2015-06-25 04:00:00,20,11.0,55.00000000000001
2015-06-25 05:00:00,18,12.0,66.66666666666666
2015-06-25 06:00:00,17,14.0,82.35294117647058
2015-06-25 07:00:00,8,5.0,62.5
2015-06-25 08:00:00,1,1.0,100.0
2015-06-25 09:00:00,1,1.0,100.0
2015-06-25 10:00:00,1,1.0,100.0
2015-06-25 11:00:00,4,3.0,75.0
2015-06-25 12:00:00,4,1.0,25.0
2015-06-25 13:00:00,7,4.0,57.14285714285714
2015-06-25 14:00:00,11,8.0,72.72727272727273
2015-06-25 15:00:00,29,13.0,44.827586206896555
2015-06-25 16:00:00,26,18.0,69.23076923076923
2015-06-25 17:00:00,40,18.0,45.0
2015-06-25 18:00:00,41,24.0,58.536585365853654
2015-06-25 19:00:00,34,20.0,58.82352941176471
2015-06-25 20:00:00,37,29.0,78.37837837837837
2015-06-25 21:00:00,29,15.0,51.724137931034484
2015-06-25 22:00:00,31,18.0,58.06451612903226
2015-06-25 23:00:00,48,39.0,81.25
2015-06-26 00:00:00,25,17.0,68.0
2015-06-26 01:00:00,19,7.0,36.84210526315789
2015-06-26 02:00:00,13,7.0,53.84615384615385
2015-06-26 03:00:00,26,19.0,73.07692307692307
2015-06-26 04:00:00,28,22.0,78.57142857142857
2015-06-26 05:00:00,19,16.0,84.21052631578947
2015-06-26 06:00:00,12,6.0,50.0
2015-06-26 07:00:00,9,6.0,66.66666666666666
2015-06-26 08:00:00,8,7.0,87.5
2015-06-26 09:00:00,2,2.0,100.0
2015-06-26 10:00:00,2,1.0,50.0
2015-06-26 11:00:00,1,1.0,100.0
2015-06-26 12:00:00,2,2.0,100.0
2015-06-26 13:00:00,3,1.0,33.33333333333333
2015-06-26 14:00:00,14,10.0,71.42857142857143
2015-06-26 15:00:00,27,17.0,62.96296296296296
2015-06-26 16:00:00,26,11.0,42.30769230769231
2015-06-26 17:00:00,32,18.0,56.25
2015-06-26 18:00:00,32,22.0,68.75
2015-06-26 19:00:00,27,21.0,77.77777777777779
2015-06-26 20:00:00,39,26.0,66.66666666666666
2015-06-26 21:00:00,20,11.0,55.00000000000001
2015-06-26 22:00:00,23,14.0,60.86956521739131
2015-06-26 23:00:00,23,19.0,82.6086956521739
2015-06-27 00:00:00,18,12.0,66.66666666666666
2015-06-27 01:00:00,11,8.0,72.72727272727273
2015-06-27 02:00:00,16,11.0,68.75
2015-06-27 03:00:00,15,12.0,80.0
2015-06-27 04:00:00,11,10.0,90.9090909090909
2015-06-27 05:00:00,15,12.0,80.0
2015-06-27 06:00:00,15,13.0,86.66666666666667
2015-06-27 07:00:00,3,3.0,100.0
2015-06-27 08:00:00,1,1.0,100.0
2015-06-27 10:00:00,7,7.0,100.0
2015-06-27 11:00:00,2,2.0,100.0
2015-06-27 13:00:00,2,2.0,100.0
2015-06-27 14:00:00,7,7.0,100.0
2015-06-27 15:00:00,21,16.0,76.19047619047619
2015-06-27 16:00:00,12,7.0,58.333333333333336
2015-06-27 17:00:00,17,13.0,76.47058823529412
2015-06-27 18:00:00,24,18.0,75.0
2015-06-27 19:00:00,12,8.0,66.66666666666666
2015-06-27 20:00:00,36,29.0,80.55555555555556
2015-06-27 21:00:00,24,17.0,70.83333333333334
2015-06-27 22:00:00,30,18.0,60.0
2015-06-27 23:00:00,19,11.0,57.89473684210527
2015-06-28 00:00:00,11,8.0,72.72727272727273
2015-06-28 01:00:00,18,13.0,72.22222222222221
2015-06-28 02:00:00,13,10.0,76.92307692307693
2015-06-28 03:00:00,21,19.0,90.47619047619048
2015-06-28 04:00:00,12,8.0,66.66666666666666
2015-06-28 05:00:00,22,14.0,63.63636363636363
2015-06-28 06:00:00,7,7.0,100.0
2015-06-28 07:00:00,7,6.0,85.71428571428571
2015-06-28 08:00:00,8,8.0,100.0
2015-06-28 09:00:00,5,5.0,100.0
2015-06-28 10:00:00,1,1.0,100.0
2015-06-28 11:00:00,3,3.0,100.0
2015-06-28 12:00:00,5,4.0,80.0
2015-06-28 13:00:00,2,2.0,100.0
2015-06-28 14:00:00,11,11.0,100.0
2015-06-28 15:00:00,6,4.0,66.66666666666666
2015-06-28 16:00:00,9,8.0,88.88888888888889
2015-06-28 17:00:00,20,13.0,65.0
2015-06-28 18:00:00,14,9.0,64.28571428571429
2015-06-28 19:00:00,25,18.0,72.0
2015-06-28 20:00:00,23,18.0,78.26086956521739
2015-06-28 21:00:00,16,11.0,68.75
2015-06-28 22:00:00,14,8.0,57.14285714285714
2015-06-28 23:00:00,35,25.0,71.42857142857143
2015-06-29 00:00:00,29,21.0,72.41379310344827
2015-06-29 01:00:00,27,23.0,85.18518518518519
2015-06-29 02:00:00,21,11.0,52.38095238095239
2015-06-29 03:00:00,23,17.0,73.91304347826086
2015-06-29 04:00:00,31,27.0,87.09677419354838
2015-06-29 05:00:00,10,7.0,70.0
2015-06-29 06:00:00,7,5.0,71.42857142857143
2015-06-29 07:00:00,3,3.0,100.0
2015-06-29 08:00:00,1,0.0,0.0
2015-06-29 09:00:00,2,2.0,100.0
2015-06-29 11:00:00,4,4.0,100.0
2015-06-29 12:00:00,6,6.0,100.0
2015-06-29 13:00:00,2,2.0,100.0
2015-06-29 14:00:00,4,2.0,50.0
2015-06-29 15:00:00,19,11.0,57.89473684210527
2015-06-29 16:00:00,27,13.0,48.148148148148145
2015-06-29 17:00:00,43,25.0,58.139534883720934
2015-06-29 18:00:00,37,22.0,59.45945945945946
2015-06-29 19:00:00,56,38.0,67.85714285714286
2015-06-29 20:00:00,35,25.0,71.42857142857143
2015-06-29 21:00:00,33,19.0,57.57575757575758
2015-06-29 22:00:00,31,18.0,58.06451612903226
2015-06-29 23:00:00,30,16.0,53.333333333333336
2015-06-30 00:00:00,21,13.0,61.904761904761905
2015-06-30 01:00:00,21,14.0,66.66666666666666
2015-06-30 02:00:00,19,11.0,57.89473684210527
2015-06-30 03:00:00,29,23.0,79.3103448275862
2015-06-30 04:00:00,36,30.0,83.33333333333334
2015-06-30 05:00:00,33,29.0,87.87878787878788
2015-06-30 06:00:00,13,10.0,76.92307692307693
2015-06-30 07:00:00,4,1.0,25.0
2015-06-30 08:00:00,4,2.0,50.0
2015-06-30 09:00:00,4,2.0,50.0
2015-06-30 10:00:00,1,1.0,100.0
2015-06-30 11:00:00,2,2.0,100.0
2015-06-30 12:00:00,2,2.0,100.0
2015-06-30 13:00:00,3,1.0,33.33333333333333
2015-06-30 14:00:00,10,9.0,90.0
2015-06-30 15:00:00,22,19.0,86.36363636363636
2015-06-30 16:00:00,41,30.0,73.17073170731707
2015-06-30 17:00:00,35,24.0,68.57142857142857
2015-06-30 18:00:00,36,23.0,63.888888888888886
2015-06-30 19:00:00,25,15.0,60.0
2015-06-30 20:00:00,29,19.0,65.51724137931035
2015-06-30 21:00:00,21,13.0,61.904761904761905
2015-06-30 22:00:00,30,17.0,56.666666666666664
2015-06-30 23:00:00,23,14.0,60.86956521739131
2015-07-01 00:00:00,17,14.0,82.35294117647058
2015-07-01 01:00:00,21,14.0,66.66666666666666
2015-07-01 02:00:00,22,19.0,86.36363636363636
2015-07-01 03:00:00,24,17.0,70.83333333333334
2015-07-01 04:00:00,16,11.0,68.75
2015-07-01 05:00:00,25,17.0,68.0
2015-07-01 06:00:00,8,8.0,100.0
2015-07-01 07:00:00,5,4.0,80.0
2015-07-01 08:00:00,2,2.0,100.0
2015-07-01 09:00:00,2,2.0,100.0
2015-07-01 11:00:00,2,2.0,100.0
2015-07-01 12:00:00,2,2.0,100.0
2015-07-01 13:00:00,8,6.0,75.0
2015-07-01 14:00:00,18,14.0,77.77777777777779
2015-07-01 15:00:00,19,6.0,31.57894736842105
2015-07-01 16:00:00,20,13.0,65.0
2015-07-01 17:00:00,34,16.0,47.05882352941176
2015-07-01 18:00:00,36,12.0,33.33333333333333
2015-07-01 19:00:00,23,15.0,65.21739130434783
2015-07-01 20:00:00,34,21.0,61.76470588235294
2015-07-01 21:00:00,52,40.0,76.92307692307693
2015-07-01 22:00:00,24,13.0,54.166666666666664
2015-07-01 23:00:00,18,7.0,38.88888888888889
2015-07-02 00:00:00,15,11.0,73.33333333333333
2015-07-02 01:00:00,14,11.0,78.57142857142857
2015-07-02 02:00:00,11,6.0,54.54545454545454
2015-07-02 03:00:00,24,21.0,87.5
2015-07-02 04:00:00,21,14.0,66.66666666666666
2015-07-02 05:00:00,18,17.0,94.44444444444444
2015-07-02 06:00:00,8,6.0,75.0
2015-07-02 07:00:00,10,8.0,80.0
2015-07-02 08:00:00,1,0.0,0.0
2015-07-02 09:00:00,1,1.0,100.0
2015-07-02 10:00:00,2,2.0,100.0
2015-07-02 11:00:00,3,3.0,100.0
2015-07-02 12:00:00,7,7.0,100.0
2015-07-02 13:00:00,5,3.0,60.0
2015-07-02 14:00:00,9,5.0,55.55555555555556
2015-07-02 15:00:00,21,15.0,71.42857142857143
2015-07-02 16:00:00,31,17.0,54.83870967741935
2015-07-02 17:00:00,30,15.0,50.0
2015-07-02 18:00:00,23,12.0,52.17391304347826
2015-07-02 19:00:00,54,34.0,62.96296296296296
2015-07-02 20:00:00,23,16.0,69.56521739130434
2015-07-02 21:00:00,28,16.0,57.14285714285714
2015-07-02 22:00:00,30,21.0,70.0
2015-07-02 23:00:00,39,31.0,79.48717948717949
2015-07-03 00:00:00,43,34.0,79.06976744186046
2015-07-03 01:00:00,33,28.0,84.84848484848484
2015-07-03 02:00:00,23,15.0,65.21739130434783
2015-07-03 03:00:00,12,7.0,58.333333333333336
2015-07-03 04:00:00,14,10.0,71.42857142857143
2015-07-03 05:00:00,21,9.0,42.857142857142854
2015-07-03 06:00:00,5,4.0,80.0
2015-07-03 07:00:00,3,2.0,66.66666666666666
2015-07-03 08:00:00,3,2.0,66.66666666666666
2015-07-03 09:00:00,4,2.0,50.0
2015-07-03 10:00:00,1,1.0,100.0
2015-07-03 11:00:00,1,1.0,100.0
2015-07-03 12:00:00,1,1.0,100.0
2015-07-03 13:00:00,5,4.0,80.0
2015-07-03 14:00:00,11,10.0,90.9090909090909
2015-07-03 15:00:00,28,17.0,60.71428571428571
2015-07-03 16:00:00,26,17.0,65.38461538461539
2015-07-03 17:00:00,34,22.0,64.70588235294117
2015-07-03 18:00:00,32,21.0,65.625
2015-07-03 19:00:00,28,18.0,64.28571428571429
2015-07-03 20:00:00,34,22.0,64.70588235294117
2015-07-03 21:00:00,32,21.0,65.625
2015-07-03 22:00:00,39,25.0,64.1025641025641
2015-07-03 23:00:00,20,10.0,50.0
2015-07-04 00:00:00,20,13.0,65.0
2015-07-04 01:00:00,35,25.0,71.42857142857143
2015-07-04 02:00:00,18,17.0,94.44444444444444
2015-07-04 03:00:00,10,5.0,50.0
2015-07-04 04:00:00,16,10.0,62.5
2015-07-04 05:00:00,20,16.0,80.0
2015-07-04 06:00:00,18,13.0,72.22222222222221
2015-07-04 07:00:00,9,4.0,44.44444444444444
2015-07-04 08:00:00,6,2.0,33.33333333333333
2015-07-04 11:00:00,3,3.0,100.0
2015-07-04 12:00:00,2,2.0,100.0
2015-07-04 13:00:00,2,2.0,100.0
2015-07-04 14:00:00,2,2.0,100.0
2015-07-04 15:00:00,8,7.0,87.5
2015-07-04 16:00:00,25,20.0,80.0
2015-07-04 17:00:00,19,12.0,63.1578947368421
2015-07-04 18:00:00,22,13.0,59.09090909090909
2015-07-04 19:00:00,17,8.0,47.05882352941176
2015-07-04 20:00:00,10,9.0,90.0
2015-07-04 21:00:00,24,19.0,79.16666666666666
2015-07-04 22:00:00,22,15.0,68.18181818181817
2015-07-04 23:00:00,22,16.0,72.72727272727273
2015-07-05 00:00:00,22,21.0,95.45454545454545
2015-07-05 01:00:00,30,28.0,93.33333333333333
2015-07-05 02:00:00,8,5.0,62.5
2015-07-05 03:00:00,19,14.0,73.68421052631578
2015-07-05 04:00:00,9,8.0,88.88888888888889
2015-07-05 05:00:00,21,18.0,85.71428571428571
2015-07-05 06:00:00,13,10.0,76.92307692307693
2015-07-05 07:00:00,14,14.0,100.0
2015-07-05 08:00:00,5,4.0,80.0
2015-07-05 09:00:00,1,1.0,100.0
2015-07-05 10:00:00,1,1.0,100.0
2015-07-05 11:00:00,2,2.0,100.0
2015-07-05 12:00:00,2,1.0,50.0
2015-07-05 13:00:00,3,3.0,100.0
2015-07-05 14:00:00,7,6.0,85.71428571428571
2015-07-05 15:00:00,28,22.0,78.57142857142857
2015-07-05 16:00:00,10,8.0,80.0
2015-07-05 17:00:00,21,15.0,71.42857142857143
2015-07-05 18:00:00,13,10.0,76.92307692307693
2015-07-05 19:00:00,16,9.0,56.25
2015-07-05 20:00:00,23,19.0,82.6086956521739
2015-07-05 21:00:00,47,28.0,59.57446808510638
2015-07-05 22:00:00,33,23.0,69.6969696969697
2015-07-05 23:00:00,29,14.0,48.275862068965516
2015-07-06 00:00:00,13,7.0,53.84615384615385
2015-07-06 01:00:00,11,8.0,72.72727272727273
2015-07-06 02:00:00,32,23.0,71.875
2015-07-06 03:00:00,24,19.0,79.16666666666666
2015-07-06 04:00:00,18,11.0,61.111111111111114
2015-07-06 05:00:00,14,11.0,78.57142857142857
2015-07-06 06:00:00,15,14.0,93.33333333333333
2015-07-06 07:00:00,7,7.0,100.0
2015-07-06 08:00:00,1,1.0,100.0
2015-07-06 09:00:00,2,2.0,100.0
2015-07-06 10:00:00,1,0.0,0.0
2015-07-06 11:00:00,2,2.0,100.0
2015-07-06 12:00:00,5,4.0,80.0
2015-07-06 13:00:00,12,12.0,100.0
2015-07-06 14:00:00,9,5.0,55.55555555555556
2015-07-06 15:00:00,30,16.0,53.333333333333336
2015-07-06 16:00:00,42,24.0,57.14285714285714
2015-07-06 17:00:00,33,20.0,60.60606060606061
2015-07-06 18:00:00,39,19.0,48.717948717948715
2015-07-06 19:00:00,45,27.0,60.0
2015-07-06 20:00:00,38,28.0,73.68421052631578
2015-07-06 21:00:00,37,21.0,56.75675675675676
2015-07-06 22:00:00,44,32.0,72.72727272727273
2015-07-06 23:00:00,42,30.0,71.42857142857143
2015-07-07 00:00:00,44,30.0,68.18181818181817
2015-07-07 01:00:00,43,32.0,74.4186046511628
2015-07-07 02:00:00,24,20.0,83.33333333333334
2015-07-07 03:00:00,33,24.0,72.72727272727273
2015-07-07 04:00:00,30,25.0,83.33333333333334
2015-07-07 05:00:00,20,16.0,80.0
2015-07-07 06:00:00,9,7.0,77.77777777777779
2015-07-07 07:00:00,6,6.0,100.0
2015-07-07 08:00:00,3,3.0,100.0
2015-07-07 09:00:00,3,2.0,66.66666666666666
2015-07-07 10:00:00,3,3.0,100.0
2015-07-07 11:00:00,4,4.0,100.0
2015-07-07 12:00:00,8,7.0,87.5
2015-07-07 13:00:00,13,10.0,76.92307692307693
2015-07-07 14:00:00,13,11.0,84.61538461538461
2015-07-07 15:00:00,44,19.0,43.18181818181818
2015-07-07 16:00:00,42,17.0,40.476190476190474
2015-07-07 17:00:00,31,13.0,41.935483870967744
2015-07-07 18:00:00,28,20.0,71.42857142857143
2015-07-07 19:00:00,56,36.0,64.28571428571429
2015-07-07 20:00:00,47,29.0,61.702127659574465
2015-07-07 21:00:00,42,29.0,69.04761904761905
2015-07-07 22:00:00,36,21.0,58.333333333333336
2015-07-07 23:00:00,36,29.0,80.55555555555556
2015-07-08 00:00:00,32,27.0,84.375
2015-07-08 01:00:00,20,13.0,65.0
2015-07-08 02:00:00,28,19.0,67.85714285714286
2015-07-08 03:00:00,39,31.0,79.48717948717949
2015-07-08 04:00:00,29,19.0,65.51724137931035
2015-07-08 05:00:00,13,9.0,69.23076923076923
2015-07-08 06:00:00,9,9.0,100.0
2015-07-08 07:00:00,6,6.0,100.0
2015-07-08 08:00:00,9,9.0,100.0
2015-07-08 09:00:00,1,1.0,100.0
2015-07-08 10:00:00,3,3.0,100.0
2015-07-08 11:00:00,4,0.0,0.0
2015-07-08 12:00:00,7,6.0,85.71428571428571
2015-07-08 13:00:00,11,8.0,72.72727272727273
2015-07-08 14:00:00,11,11.0,100.0
2015-07-08 15:00:00,41,15.0,36.58536585365854
2015-07-08 16:00:00,50,32.0,64.0
2015-07-08 17:00:00,51,30.0,58.82352941176471
2015-07-08 18:00:00,37,16.0,43.24324324324324
2015-07-08 19:00:00,53,32.0,60.37735849056604
2015-07-08 20:00:00,46,27.0,58.69565217391305
2015-07-08 21:00:00,74,52.0,70.27027027027027
2015-07-08 22:00:00,37,21.0,56.75675675675676
2015-07-08 23:00:00,21,16.0,76.19047619047619
2015-07-09 00:00:00,28,17.0,60.71428571428571
2015-07-09 01:00:00,34,26.0,76.47058823529412
2015-07-09 02:00:00,24,19.0,79.16666666666666
2015-07-09 03:00:00,33,25.0,75.75757575757575
2015-07-09 04:00:00,21,17.0,80.95238095238095
2015-07-09 05:00:00,28,17.0,60.71428571428571
2015-07-09 06:00:00,17,13.0,76.47058823529412
2015-07-09 07:00:00,7,4.0,57.14285714285714
2015-07-09 08:00:00,2,2.0,100.0
2015-07-09 09:00:00,1,1.0,100.0
2015-07-09 10:00:00,3,3.0,100.0
2015-07-09 11:00:00,9,7.0,77.77777777777779
2015-07-09 12:00:00,5,5.0,100.0
2015-07-09 13:00:00,4,4.0,100.0
2015-07-09 14:00:00,6,4.0,66.66666666666666
2015-07-09 15:00:00,22,16.0,72.72727272727273
2015-07-09 16:00:00,34,20.0,58.82352941176471
2015-07-09 17:00:00,35,19.0,54.285714285714285
2015-07-09 18:00:00,47,19.0,40.42553191489361
2015-07-09 19:00:00,32,19.0,59.375
2015-07-09 20:00:00,44,33.0,75.0
2015-07-09 21:00:00,51,41.0,80.3921568627451
2015-07-09 22:00:00,39,25.0,64.1025641025641
2015-07-09 23:00:00,39,28.0,71.7948717948718
2015-07-10 00:00:00,32,23.0,71.875
2015-07-10 01:00:00,31,26.0,83.87096774193549
2015-07-10 02:00:00,21,17.0,80.95238095238095
2015-07-10 03:00:00,24,20.0,83.33333333333334
2015-07-10 04:00:00,26,23.0,88.46153846153845
2015-07-10 05:00:00,32,28.0,87.5
2015-07-10 06:00:00,12,8.0,66.66666666666666
2015-07-10 07:00:00,8,7.0,87.5
2015-07-10 08:00:00,3,2.0,66.66666666666666
2015-07-10 09:00:00,3,1.0,33.33333333333333
2015-07-10 10:00:00,2,2.0,100.0
2015-07-10 11:00:00,1,0.0,0.0
2015-07-10 12:00:00,12,9.0,75.0
2015-07-10 13:00:00,4,3.0,75.0
2015-07-10 14:00:00,10,7.0,70.0
2015-07-10 15:00:00,20,13.0,65.0
2015-07-10 16:00:00,39,27.0,69.23076923076923
2015-07-10 17:00:00,54,36.0,66.66666666666666
2015-07-10 18:00:00,32,21.0,65.625
2015-07-10 19:00:00,38,28.0,73.68421052631578
2015-07-10 20:00:00,28,14.0,50.0
2015-07-10 21:00:00,22,14.0,63.63636363636363
2015-07-10 22:00:00,31,27.0,87.09677419354838
2015-07-10 23:00:00,17,12.0,70.58823529411765
2015-07-11 00:00:00,17,13.0,76.47058823529412
2015-07-11 01:00:00,11,10.0,90.9090909090909
2015-07-11 02:00:00,18,14.0,77.77777777777779
2015-07-11 03:00:00,12,10.0,83.33333333333334
2015-07-11 04:00:00,14,12.0,85.71428571428571
2015-07-11 05:00:00,29,24.0,82.75862068965517
2015-07-11 06:00:00,7,6.0,85.71428571428571
2015-07-11 07:00:00,6,4.0,66.66666666666666
2015-07-11 08:00:00,3,3.0,100.0
2015-07-11 09:00:00,1,1.0,100.0
2015-07-11 10:00:00,3,1.0,33.33333333333333
2015-07-11 11:00:00,3,2.0,66.66666666666666
2015-07-11 12:00:00,4,4.0,100.0
2015-07-11 13:00:00,6,4.0,66.66666666666666
2015-07-11 14:00:00,9,4.0,44.44444444444444
2015-07-11 15:00:00,8,7.0,87.5
2015-07-11 16:00:00,17,14.0,82.35294117647058
2015-07-11 17:00:00,20,16.0,80.0
2015-07-11 18:00:00,20,15.0,75.0
2015-07-11 19:00:00,16,10.0,62.5
2015-07-11 20:00:00,25,20.0,80.0
2015-07-11 21:00:00,28,19.0,67.85714285714286
2015-07-11 22:00:00,43,33.0,76.74418604651163
2015-07-11 23:00:00,14,8.0,57.14285714285714
2015-07-12 00:00:00,13,9.0,69.23076923076923
2015-07-12 01:00:00,9,6.0,66.66666666666666
2015-07-12 02:00:00,11,9.0,81.81818181818183
2015-07-12 03:00:00,10,10.0,100.0
2015-07-12 04:00:00,10,6.0,60.0
2015-07-12 05:00:00,13,12.0,92.3076923076923
2015-07-12 06:00:00,8,7.0,87.5
2015-07-12 07:00:00,9,8.0,88.88888888888889
2015-07-12 08:00:00,4,4.0,100.0
2015-07-12 09:00:00,3,2.0,66.66666666666666
2015-07-12 13:00:00,2,2.0,100.0
2015-07-12 14:00:00,13,13.0,100.0
2015-07-12 15:00:00,13,10.0,76.92307692307693
2015-07-12 16:00:00,13,9.0,69.23076923076923
2015-07-12 17:00:00,20,12.0,60.0
2015-07-12 18:00:00,26,19.0,73.07692307692307
2015-07-12 19:00:00,23,17.0,73.91304347826086
2015-07-12 20:00:00,18,13.0,72.22222222222221
2015-07-12 21:00:00,33,20.0,60.60606060606061
2015-07-12 22:00:00,32,28.0,87.5
2015-07-12 23:00:00,23,15.0,65.21739130434783
2015-07-13 00:00:00,18,11.0,61.111111111111114
2015-07-13 01:00:00,29,20.0,68.96551724137932
2015-07-13 02:00:00,21,15.0,71.42857142857143
2015-07-13 03:00:00,24,21.0,87.5
2015-07-13 04:00:00,23,20.0,86.95652173913044
2015-07-13 05:00:00,21,14.0,66.66666666666666
2015-07-13 06:00:00,7,6.0,85.71428571428571
2015-07-13 07:00:00,4,4.0,100.0
2015-07-13 08:00:00,5,3.0,60.0
2015-07-13 09:00:00,5,4.0,80.0
2015-07-13 10:00:00,9,4.0,44.44444444444444
2015-07-13 11:00:00,1,1.0,100.0
2015-07-13 12:00:00,3,2.0,66.66666666666666
2015-07-13 13:00:00,5,5.0,100.0
2015-07-13 14:00:00,10,5.0,50.0
2015-07-13 15:00:00,27,19.0,70.37037037037037
2015-07-13 16:00:00,43,37.0,86.04651162790698
2015-07-13 17:00:00,35,21.0,60.0
2015-07-13 18:00:00,49,27.0,55.10204081632652
2015-07-13 19:00:00,41,24.0,58.536585365853654
2015-07-13 20:00:00,64,37.0,57.8125
2015-07-13 21:00:00,55,39.0,70.9090909090909
2015-07-13 22:00:00,40,31.0,77.5
2015-07-13 23:00:00,38,25.0,65.78947368421053
2015-07-14 00:00:00,48,38.0,79.16666666666666
2015-07-14 01:00:00,29,19.0,65.51724137931035
2015-07-14 02:00:00,22,14.0,63.63636363636363
2015-07-14 03:00:00,27,16.0,59.25925925925925
2015-07-14 04:00:00,27,20.0,74.07407407407408
2015-07-14 05:00:00,13,9.0,69.23076923076923
2015-07-14 06:00:00,9,6.0,66.66666666666666
2015-07-14 07:00:00,5,4.0,80.0
2015-07-14 08:00:00,11,11.0,100.0
2015-07-14 09:00:00,3,3.0,100.0
2015-07-14 10:00:00,2,2.0,100.0
2015-07-14 11:00:00,5,5.0,100.0
2015-07-14 12:00:00,2,2.0,100.0
2015-07-14 13:00:00,2,2.0,100.0
2015-07-14 14:00:00,12,10.0,83.33333333333334
2015-07-14 15:00:00,31,17.0,54.83870967741935
2015-07-14 16:00:00,31,23.0,74.19354838709677
2015-07-14 17:00:00,39,22.0,56.41025641025641
2015-07-14 18:00:00,47,29.0,61.702127659574465
2015-07-14 19:00:00,57,38.0,66.66666666666666
2015-07-14 20:00:00,47,33.0,70.2127659574468
2015-07-14 21:00:00,37,27.0,72.97297297297297
2015-07-14 22:00:00,29,23.0,79.3103448275862
2015-07-14 23:00:00,40,31.0,77.5
2015-07-15 00:00:00,25,19.0,76.0
2015-07-15 01:00:00,32,17.0,53.125
2015-07-15 02:00:00,22,16.0,72.72727272727273
2015-07-15 03:00:00,27,20.0,74.07407407407408
2015-07-15 04:00:00,20,15.0,75.0
2015-07-15 05:00:00,10,7.0,70.0
2015-07-15 06:00:00,15,12.0,80.0
2015-07-15 07:00:00,4,3.0,75.0
2015-07-15 08:00:00,4,3.0,75.0
2015-07-15 09:00:00,3,3.0,100.0
2015-07-15 12:00:00,3,3.0,100.0
2015-07-15 13:00:00,9,8.0,88.88888888888889
2015-07-15 14:00:00,11,5.0,45.45454545454545
2015-07-15 15:00:00,19,11.0,57.89473684210527
2015-07-15 16:00:00,69,32.0,46.3768115942029
2015-07-15 17:00:00,35,26.0,74.28571428571429
2015-07-15 18:00:00,47,34.0,72.3404255319149
2015-07-15 19:00:00,41,26.0,63.41463414634146
2015-07-15 20:00:00,43,39.0,90.69767441860465
2015-07-15 21:00:00,37,27.0,72.97297297297297
2015-07-15 22:00:00,20,13.0,65.0
2015-07-15 23:00:00,21,14.0,66.66666666666666
2015-07-16 00:00:00,12,8.0,66.66666666666666
2015-07-16 01:00:00,27,19.0,70.37037037037037
2015-07-16 02:00:00,31,19.0,61.29032258064516
2015-07-16 03:00:00,17,10.0,58.82352941176471
2015-07-16 04:00:00,24,13.0,54.166666666666664
2015-07-16 05:00:00,18,14.0,77.77777777777779
2015-07-16 06:00:00,11,8.0,72.72727272727273
2015-07-16 07:00:00,4,4.0,100.0
2015-07-16 08:00:00,1,1.0,100.0
2015-07-16 09:00:00,1,0.0,0.0
2015-07-16 10:00:00,2,2.0,100.0
2015-07-16 12:00:00,5,5.0,100.0
2015-07-16 13:00:00,5,4.0,80.0
2015-07-16 14:00:00,11,8.0,72.72727272727273
2015-07-16 15:00:00,25,17.0,68.0
2015-07-16 16:00:00,30,17.0,56.666666666666664
2015-07-16 17:00:00,63,36.0,57.14285714285714
2015-07-16 18:00:00,31,22.0,70.96774193548387
2015-07-16 19:00:00,31,16.0,51.61290322580645
2015-07-16 20:00:00,35,19.0,54.285714285714285
2015-07-16 21:00:00,36,21.0,58.333333333333336
2015-07-16 22:00:00,44,31.0,70.45454545454545
2015-07-16 23:00:00,30,21.0,70.0
2015-07-17 00:00:00,14,8.0,57.14285714285714
2015-07-17 01:00:00,12,7.0,58.333333333333336
2015-07-17 02:00:00,16,6.0,37.5
2015-07-17 03:00:00,18,17.0,94.44444444444444
2015-07-17 04:00:00,9,7.0,77.77777777777779
2015-07-17 05:00:00,21,13.0,61.904761904761905
2015-07-17 06:00:00,22,19.0,86.36363636363636
2015-07-17 07:00:00,8,8.0,100.0
2015-07-17 08:00:00,1,1.0,100.0
2015-07-17 10:00:00,1,1.0,100.0
2015-07-17 11:00:00,5,5.0,100.0
2015-07-17 12:00:00,4,3.0,75.0
2015-07-17 13:00:00,5,5.0,100.0
2015-07-17 14:00:00,19,13.0,68.42105263157895
2015-07-17 15:00:00,15,8.0,53.333333333333336
2015-07-17 16:00:00,24,16.0,66.66666666666666
2015-07-17 17:00:00,21,16.0,76.19047619047619
2015-07-17 18:00:00,20,16.0,80.0
2015-07-17 19:00:00,34,25.0,73.52941176470588
2015-07-17 20:00:00,39,38.0,97.43589743589743
2015-07-17 21:00:00,59,40.0,67.79661016949152
2015-07-17 22:00:00,35,21.0,60.0
2015-07-17 23:00:00,14,11.0,78.57142857142857
2015-07-18 00:00:00,28,21.0,75.0
2015-07-18 01:00:00,20,19.0,95.0
2015-07-18 02:00:00,14,10.0,71.42857142857143
2015-07-18 03:00:00,13,11.0,84.61538461538461
2015-07-18 04:00:00,20,15.0,75.0
2015-07-18 05:00:00,38,33.0,86.8421052631579
2015-07-18 06:00:00,4,2.0,50.0
2015-07-18 07:00:00,9,7.0,77.77777777777779
2015-07-18 08:00:00,1,0.0,0.0
2015-07-18 09:00:00,1,1.0,100.0
2015-07-18 11:00:00,1,1.0,100.0
2015-07-18 13:00:00,11,11.0,100.0
2015-07-18 14:00:00,9,9.0,100.0
2015-07-18 15:00:00,6,6.0,100.0
2015-07-18 16:00:00,19,15.0,78.94736842105263
2015-07-18 17:00:00,26,19.0,73.07692307692307
2015-07-18 18:00:00,21,14.0,66.66666666666666
2015-07-18 19:00:00,48,38.0,79.16666666666666
2015-07-18 20:00:00,21,16.0,76.19047619047619
2015-07-18 21:00:00,24,18.0,75.0
2015-07-18 22:00:00,15,7.0,46.666666666666664
2015-07-18 23:00:00,16,10.0,62.5
2015-07-19 00:00:00,12,9.0,75.0
2015-07-19 01:00:00,14,11.0,78.57142857142857
2015-07-19 02:00:00,13,10.0,76.92307692307693
2015-07-19 03:00:00,8,8.0,100.0
2015-07-19 04:00:00,15,13.0,86.66666666666667
2015-07-19 05:00:00,13,11.0,84.61538461538461
2015-07-19 06:00:00,7,5.0,71.42857142857143
2015-07-19 07:00:00,6,5.0,83.33333333333334
2015-07-19 08:00:00,2,1.0,50.0
2015-07-19 09:00:00,1,1.0,100.0
2015-07-19 10:00:00,1,1.0,100.0
2015-07-19 11:00:00,4,3.0,75.0
2015-07-19 12:00:00,10,9.0,90.0
2015-07-19 13:00:00,1,1.0,100.0
2015-07-19 14:00:00,7,6.0,85.71428571428571
2015-07-19 15:00:00,26,13.0,50.0
2015-07-19 16:00:00,16,11.0,68.75
2015-07-19 17:00:00,15,10.0,66.66666666666666
2015-07-19 18:00:00,37,28.0,75.67567567567568
2015-07-19 19:00:00,25,18.0,72.0
2015-07-19 20:00:00,24,14.0,58.333333333333336
2015-07-19 21:00:00,29,15.0,51.724137931034484
2015-07-19 22:00:00,21,18.0,85.71428571428571
2015-07-19 23:00:00,18,12.0,66.66666666666666
2015-07-20 00:00:00,22,19.0,86.36363636363636
2015-07-20 01:00:00,24,19.0,79.16666666666666
2015-07-20 02:00:00,22,17.0,77.27272727272727
2015-07-20 03:00:00,44,40.0,90.9090909090909
2015-07-20 04:00:00,29,22.0,75.86206896551724
2015-07-20 05:00:00,34,25.0,73.52941176470588
2015-07-20 06:00:00,17,14.0,82.35294117647058
2015-07-20 07:00:00,10,6.0,60.0
2015-07-20 08:00:00,2,1.0,50.0
2015-07-20 09:00:00,1,1.0,100.0
2015-07-20 11:00:00,6,4.0,66.66666666666666
2015-07-20 12:00:00,5,3.0,60.0
2015-07-20 13:00:00,9,9.0,100.0
2015-07-20 14:00:00,23,16.0,69.56521739130434
2015-07-20 15:00:00,31,20.0,64.51612903225806
2015-07-20 16:00:00,39,28.0,71.7948717948718
2015-07-20 17:00:00,51,33.0,64.70588235294117
2015-07-20 18:00:00,52,26.0,50.0
2015-07-20 19:00:00,53,37.0,69.81132075471697
2015-07-20 20:00:00,58,42.0,72.41379310344827
2015-07-20 21:00:00,39,20.0,51.28205128205128
2015-07-20 22:00:00,26,14.0,53.84615384615385
2015-07-20 23:00:00,27,16.0,59.25925925925925
2015-07-21 00:00:00,32,21.0,65.625
2015-07-21 01:00:00,25,19.0,76.0
2015-07-21 02:00:00,25,21.0,84.0
2015-07-21 03:00:00,25,17.0,68.0
2015-07-21 04:00:00,28,24.0,85.71428571428571
2015-07-21 05:00:00,22,12.0,54.54545454545454
2015-07-21 06:00:00,7,7.0,100.0
2015-07-21 07:00:00,5,4.0,80.0
2015-07-21 08:00:00,4,4.0,100.0
2015-07-21 09:00:00,1,0.0,0.0
2015-07-21 10:00:00,3,3.0,100.0
2015-07-21 11:00:00,4,3.0,75.0
2015-07-21 12:00:00,2,2.0,100.0
2015-07-21 13:00:00,11,9.0,81.81818181818183
2015-07-21 14:00:00,16,13.0,81.25
2015-07-21 15:00:00,26,10.0,38.46153846153847
2015-07-21 16:00:00,35,25.0,71.42857142857143
2015-07-21 17:00:00,50,35.0,70.0
2015-07-21 18:00:00,50,26.0,52.0
2015-07-21 19:00:00,62,39.0,62.903225806451616
2015-07-21 20:00:00,49,40.0,81.63265306122449
2015-07-21 21:00:00,35,20.0,57.14285714285714
2015-07-21 22:00:00,36,21.0,58.333333333333336
2015-07-21 23:00:00,41,31.0,75.60975609756098
2015-07-22 00:00:00,33,18.0,54.54545454545454
2015-07-22 01:00:00,55,37.0,67.27272727272727
2015-07-22 02:00:00,37,21.0,56.75675675675676
2015-07-22 03:00:00,23,16.0,69.56521739130434
2015-07-22 04:00:00,24,17.0,70.83333333333334
2015-07-22 05:00:00,22,21.0,95.45454545454545
2015-07-22 06:00:00,10,9.0,90.0
2015-07-22 07:00:00,4,3.0,75.0
2015-07-22 08:00:00,7,6.0,85.71428571428571
2015-07-22 09:00:00,2,1.0,50.0
2015-07-22 10:00:00,1,0.0,0.0
2015-07-22 11:00:00,2,1.0,50.0
2015-07-22 12:00:00,4,3.0,75.0
2015-07-22 13:00:00,13,13.0,100.0
2015-07-22 14:00:00,17,17.0,100.0
2015-07-22 15:00:00,31,13.0,41.935483870967744
2015-07-22 16:00:00,23,12.0,52.17391304347826
2015-07-22 17:00:00,45,28.0,62.22222222222222
2015-07-22 18:00:00,54,34.0,62.96296296296296
2015-07-22 19:00:00,46,29.0,63.04347826086957
2015-07-22 20:00:00,58,45.0,77.58620689655173
2015-07-22 21:00:00,51,28.0,54.90196078431373
2015-07-22 22:00:00,58,34.0,58.620689655172406
2015-07-22 23:00:00,32,17.0,53.125
2015-07-23 00:00:00,32,20.0,62.5
2015-07-23 01:00:00,33,20.0,60.60606060606061
2015-07-23 02:00:00,42,38.0,90.47619047619048
2015-07-23 03:00:00,24,21.0,87.5
2015-07-23 04:00:00,24,19.0,79.16666666666666
2015-07-23 05:00:00,16,7.0,43.75
2015-07-23 06:00:00,14,11.0,78.57142857142857
2015-07-23 07:00:00,10,7.0,70.0
2015-07-23 08:00:00,1,1.0,100.0
2015-07-23 09:00:00,1,1.0,100.0
2015-07-23 11:00:00,4,3.0,75.0
2015-07-23 12:00:00,5,4.0,80.0
2015-07-23 13:00:00,14,12.0,85.71428571428571
2015-07-23 14:00:00,4,3.0,75.0
2015-07-23 15:00:00,22,18.0,81.81818181818183
2015-07-23 16:00:00,36,24.0,66.66666666666666
2015-07-23 17:00:00,47,33.0,70.2127659574468
2015-07-23 18:00:00,45,27.0,60.0
2015-07-23 19:00:00,35,19.0,54.285714285714285
2015-07-23 20:00:00,43,30.0,69.76744186046511
2015-07-23 21:00:00,28,16.0,57.14285714285714
2015-07-23 22:00:00,40,29.0,72.5
2015-07-23 23:00:00,38,27.0,71.05263157894737
2015-07-24 00:00:00,17,13.0,76.47058823529412
2015-07-24 01:00:00,23,16.0,69.56521739130434
2015-07-24 02:00:00,27,22.0,81.48148148148148
2015-07-24 03:00:00,21,19.0,90.47619047619048
2015-07-24 04:00:00,31,29.0,93.54838709677419
2015-07-24 05:00:00,44,40.0,90.9090909090909
2015-07-24 06:00:00,13,13.0,100.0
2015-07-24 07:00:00,15,12.0,80.0
2015-07-24 08:00:00,1,1.0,100.0
2015-07-24 09:00:00,1,1.0,100.0
2015-07-24 10:00:00,3,3.0,100.0
2015-07-24 11:00:00,3,1.0,33.33333333333333
2015-07-24 12:00:00,2,2.0,100.0
2015-07-24 13:00:00,7,6.0,85.71428571428571
2015-07-24 14:00:00,12,9.0,75.0
2015-07-24 15:00:00,22,14.0,63.63636363636363
2015-07-24 16:00:00,27,15.0,55.55555555555556
2015-07-24 17:00:00,41,21.0,51.21951219512195
2015-07-24 18:00:00,24,13.0,54.166666666666664
2015-07-24 19:00:00,38,27.0,71.05263157894737
2015-07-24 20:00:00,26,20.0,76.92307692307693
2015-07-24 21:00:00,55,49.0,89.0909090909091
2015-07-24 22:00:00,20,17.0,85.0
2015-07-24 23:00:00,19,15.0,78.94736842105263
2015-07-25 00:00:00,22,16.0,72.72727272727273
2015-07-25 01:00:00,12,10.0,83.33333333333334
2015-07-25 02:00:00,24,19.0,79.16666666666666
2015-07-25 03:00:00,28,24.0,85.71428571428571
2015-07-25 04:00:00,22,17.0,77.27272727272727
2015-07-25 05:00:00,23,12.0,52.17391304347826
2015-07-25 06:00:00,10,10.0,100.0
2015-07-25 07:00:00,10,6.0,60.0
2015-07-25 08:00:00,6,6.0,100.0
2015-07-25 09:00:00,3,3.0,100.0
2015-07-25 10:00:00,16,15.0,93.75
2015-07-25 11:00:00,2,1.0,50.0
2015-07-25 12:00:00,5,5.0,100.0
2015-07-25 13:00:00,8,6.0,75.0
2015-07-25 14:00:00,9,8.0,88.88888888888889
2015-07-25 15:00:00,26,14.0,53.84615384615385
2015-07-25 16:00:00,23,15.0,65.21739130434783
2015-07-25 17:00:00,15,8.0,53.333333333333336
2015-07-25 18:00:00,17,9.0,52.94117647058824
2015-07-25 19:00:00,11,9.0,81.81818181818183
2015-07-25 20:00:00,32,25.0,78.125
2015-07-25 21:00:00,10,9.0,90.0
2015-07-25 22:00:00,32,23.0,71.875
2015-07-25 23:00:00,20,19.0,95.0
2015-07-26 00:00:00,21,18.0,85.71428571428571
2015-07-26 01:00:00,26,23.0,88.46153846153845
2015-07-26 02:00:00,28,16.0,57.14285714285714
2015-07-26 03:00:00,12,6.0,50.0
2015-07-26 04:00:00,20,11.0,55.00000000000001
2015-07-26 05:00:00,23,15.0,65.21739130434783
2015-07-26 06:00:00,19,16.0,84.21052631578947
2015-07-26 07:00:00,9,6.0,66.66666666666666
2015-07-26 08:00:00,2,1.0,50.0
2015-07-26 09:00:00,1,1.0,100.0
2015-07-26 10:00:00,3,3.0,100.0
2015-07-26 11:00:00,3,3.0,100.0
2015-07-26 12:00:00,5,4.0,80.0
2015-07-26 13:00:00,10,5.0,50.0
2015-07-26 14:00:00,15,10.0,66.66666666666666
2015-07-26 15:00:00,7,7.0,100.0
2015-07-26 16:00:00,31,19.0,61.29032258064516
2015-07-26 17:00:00,25,14.0,56.00000000000001
2015-07-26 18:00:00,26,19.0,73.07692307692307
2015-07-26 19:00:00,20,15.0,75.0
2015-07-26 20:00:00,19,14.0,73.68421052631578
2015-07-26 21:00:00,20,15.0,75.0
2015-07-26 22:00:00,41,29.0,70.73170731707317
2015-07-26 23:00:00,19,17.0,89.47368421052632
2015-07-27 00:00:00,21,9.0,42.857142857142854
2015-07-27 01:00:00,14,11.0,78.57142857142857
2015-07-27 02:00:00,17,13.0,76.47058823529412
2015-07-27 03:00:00,30,21.0,70.0
2015-07-27 04:00:00,24,18.0,75.0
2015-07-27 05:00:00,11,4.0,36.36363636363637
2015-07-27 06:00:00,14,11.0,78.57142857142857
2015-07-27 07:00:00,5,4.0,80.0
2015-07-27 08:00:00,1,0.0,0.0
2015-07-27 09:00:00,3,3.0,100.0
2015-07-27 10:00:00,2,0.0,0.0
2015-07-27 11:00:00,4,3.0,75.0
2015-07-27 12:00:00,4,3.0,75.0
2015-07-27 13:00:00,2,2.0,100.0
2015-07-27 14:00:00,20,14.0,70.0
2015-07-27 15:00:00,40,19.0,47.5
2015-07-27 16:00:00,47,34.0,72.3404255319149
2015-07-27 17:00:00,47,24.0,51.06382978723404
2015-07-27 18:00:00,55,38.0,69.0909090909091
2015-07-27 19:00:00,50,31.0,62.0
2015-07-27 20:00:00,41,18.0,43.90243902439025
2015-07-27 21:00:00,52,38.0,73.07692307692307
2015-07-27 22:00:00,44,26.0,59.09090909090909
2015-07-27 23:00:00,44,24.0,54.54545454545454
2015-07-28 00:00:00,33,24.0,72.72727272727273
2015-07-28 01:00:00,55,50.0,90.9090909090909
2015-07-28 02:00:00,35,25.0,71.42857142857143
2015-07-28 03:00:00,36,18.0,50.0
2015-07-28 04:00:00,31,24.0,77.41935483870968
2015-07-28 05:00:00,23,12.0,52.17391304347826
2015-07-28 06:00:00,11,9.0,81.81818181818183
2015-07-28 07:00:00,3,3.0,100.0
2015-07-28 08:00:00,3,3.0,100.0
2015-07-28 11:00:00,2,2.0,100.0
2015-07-28 12:00:00,5,4.0,80.0
2015-07-28 13:00:00,12,12.0,100.0
2015-07-28 14:00:00,21,10.0,47.61904761904761
2015-07-28 15:00:00,34,18.0,52.94117647058824
2015-07-28 16:00:00,36,17.0,47.22222222222222
2015-07-28 17:00:00,62,35.0,56.451612903225815
2015-07-28 18:00:00,35,19.0,54.285714285714285
2015-07-28 19:00:00,39,25.0,64.1025641025641
2015-07-28 20:00:00,45,30.0,66.66666666666666
2015-07-28 21:00:00,31,15.0,48.38709677419355
2015-07-28 22:00:00,49,20.0,40.816326530612244
2015-07-28 23:00:00,32,21.0,65.625
2015-07-29 00:00:00,33,24.0,72.72727272727273
2015-07-29 01:00:00,24,18.0,75.0
2015-07-29 02:00:00,23,14.0,60.86956521739131
2015-07-29 03:00:00,19,11.0,57.89473684210527
2015-07-29 04:00:00,20,12.0,60.0
2015-07-29 05:00:00,29,21.0,72.41379310344827
2015-07-29 06:00:00,22,15.0,68.18181818181817
2015-07-29 07:00:00,9,8.0,88.88888888888889
2015-07-29 08:00:00,1,1.0,100.0
2015-07-29 10:00:00,2,2.0,100.0
2015-07-29 11:00:00,2,1.0,50.0
2015-07-29 12:00:00,8,5.0,62.5
2015-07-29 13:00:00,3,2.0,66.66666666666666
2015-07-29 14:00:00,13,12.0,92.3076923076923
2015-07-29 15:00:00,30,19.0,63.33333333333333
2015-07-29 16:00:00,40,17.0,42.5
2015-07-29 17:00:00,36,24.0,66.66666666666666
2015-07-29 18:00:00,53,35.0,66.0377358490566
2015-07-29 19:00:00,42,27.0,64.28571428571429
2015-07-29 20:00:00,41,20.0,48.78048780487805
2015-07-29 21:00:00,42,29.0,69.04761904761905
2015-07-29 22:00:00,38,29.0,76.31578947368422
2015-07-29 23:00:00,37,29.0,78.37837837837837
2015-07-30 00:00:00,37,19.0,51.35135135135135
2015-07-30 01:00:00,26,22.0,84.61538461538461
2015-07-30 02:00:00,30,19.0,63.33333333333333
2015-07-30 03:00:00,33,25.0,75.75757575757575
2015-07-30 04:00:00,22,15.0,68.18181818181817
2015-07-30 05:00:00,30,21.0,70.0
2015-07-30 06:00:00,18,11.0,61.111111111111114
2015-07-30 07:00:00,3,3.0,100.0
2015-07-30 08:00:00,6,5.0,83.33333333333334
2015-07-30 09:00:00,1,0.0,0.0
2015-07-30 10:00:00,2,1.0,50.0
2015-07-30 11:00:00,3,3.0,100.0
2015-07-30 12:00:00,4,3.0,75.0
2015-07-30 13:00:00,4,4.0,100.0
2015-07-30 14:00:00,10,9.0,90.0
2015-07-30 15:00:00,39,21.0,53.84615384615385
2015-07-30 16:00:00,32,19.0,59.375
2015-07-30 17:00:00,46,25.0,54.347826086956516
2015-07-30 18:00:00,25,20.0,80.0
2015-07-30 19:00:00,30,27.0,90.0
2015-07-30 20:00:00,22,11.0,50.0
2015-07-30 21:00:00,26,21.0,80.76923076923077
2015-07-30 22:00:00,38,23.0,60.526315789473685
2015-07-30 23:00:00,24,13.0,54.166666666666664
2015-07-31 00:00:00,23,10.0,43.47826086956522
2015-07-31 01:00:00,20,15.0,75.0
2015-07-31 02:00:00,25,15.0,60.0
2015-07-31 03:00:00,23,21.0,91.30434782608695
2015-07-31 04:00:00,15,9.0,60.0
2015-07-31 05:00:00,22,20.0,90.9090909090909
2015-07-31 06:00:00,12,9.0,75.0
2015-07-31 07:00:00,5,1.0,20.0
2015-07-31 08:00:00,7,5.0,71.42857142857143
2015-07-31 09:00:00,5,5.0,100.0
2015-07-31 10:00:00,3,3.0,100.0
2015-07-31 11:00:00,5,5.0,100.0
2015-07-31 12:00:00,4,4.0,100.0
2015-07-31 13:00:00,9,9.0,100.0
2015-07-31 14:00:00,11,11.0,100.0
2015-07-31 15:00:00,33,23.0,69.6969696969697
2015-07-31 16:00:00,30,20.0,66.66666666666666
2015-07-31 17:00:00,38,28.0,73.68421052631578
2015-07-31 18:00:00,36,25.0,69.44444444444444
2015-07-31 19:00:00,30,15.0,50.0
2015-07-31 20:00:00,36,27.0,75.0
2015-07-31 21:00:00,37,25.0,67.56756756756756
2015-07-31 22:00:00,26,18.0,69.23076923076923
2015-07-31 23:00:00,16,11.0,68.75
2015-08-01 00:00:00,15,12.0,80.0
2015-08-01 01:00:00,21,17.0,80.95238095238095
2015-08-01 02:00:00,15,11.0,73.33333333333333
2015-08-01 03:00:00,16,14.0,87.5
2015-08-01 04:00:00,20,20.0,100.0
2015-08-01 05:00:00,11,10.0,90.9090909090909
2015-08-01 06:00:00,15,13.0,86.66666666666667
2015-08-01 07:00:00,6,6.0,100.0
2015-08-01 08:00:00,4,3.0,75.0
2015-08-01 09:00:00,8,8.0,100.0
2015-08-01 11:00:00,7,6.0,85.71428571428571
2015-08-01 12:00:00,4,4.0,100.0
2015-08-01 13:00:00,5,5.0,100.0
2015-08-01 14:00:00,9,8.0,88.88888888888889
2015-08-01 15:00:00,7,5.0,71.42857142857143
2015-08-01 16:00:00,18,13.0,72.22222222222221
2015-08-01 17:00:00,18,11.0,61.111111111111114
2015-08-01 18:00:00,20,11.0,55.00000000000001
2015-08-01 19:00:00,29,18.0,62.06896551724138
2015-08-01 20:00:00,16,13.0,81.25
2015-08-01 21:00:00,11,7.0,63.63636363636363
2015-08-01 22:00:00,30,27.0,90.0
2015-08-01 23:00:00,28,22.0,78.57142857142857
2015-08-02 00:00:00,26,19.0,73.07692307692307
2015-08-02 01:00:00,20,17.0,85.0
2015-08-02 02:00:00,20,16.0,80.0
2015-08-02 03:00:00,19,16.0,84.21052631578947
2015-08-02 04:00:00,8,8.0,100.0
2015-08-02 05:00:00,14,9.0,64.28571428571429
2015-08-02 06:00:00,10,7.0,70.0
2015-08-02 07:00:00,4,2.0,50.0
2015-08-02 08:00:00,5,2.0,40.0
2015-08-02 10:00:00,1,0.0,0.0
2015-08-02 12:00:00,4,4.0,100.0
2015-08-02 13:00:00,5,5.0,100.0
2015-08-02 14:00:00,16,16.0,100.0
2015-08-02 15:00:00,8,5.0,62.5
2015-08-02 16:00:00,16,14.0,87.5
2015-08-02 17:00:00,22,16.0,72.72727272727273
2015-08-02 18:00:00,22,17.0,77.27272727272727
2015-08-02 19:00:00,23,17.0,73.91304347826086
2015-08-02 20:00:00,29,22.0,75.86206896551724
2015-08-02 21:00:00,13,8.0,61.53846153846154
2015-08-02 22:00:00,25,13.0,52.0
2015-08-02 23:00:00,26,13.0,50.0
2015-08-03 00:00:00,25,15.0,60.0
2015-08-03 01:00:00,19,17.0,89.47368421052632
2015-08-03 02:00:00,19,14.0,73.68421052631578
2015-08-03 03:00:00,13,11.0,84.61538461538461
2015-08-03 04:00:00,26,21.0,80.76923076923077
2015-08-03 05:00:00,17,9.0,52.94117647058824
2015-08-03 06:00:00,6,4.0,66.66666666666666
2015-08-03 07:00:00,2,2.0,100.0
2015-08-03 08:00:00,2,2.0,100.0
2015-08-03 09:00:00,6,6.0,100.0
2015-08-03 10:00:00,1,1.0,100.0
2015-08-03 11:00:00,2,1.0,50.0
2015-08-03 12:00:00,3,3.0,100.0
2015-08-03 13:00:00,4,4.0,100.0
2015-08-03 14:00:00,9,6.0,66.66666666666666
2015-08-03 15:00:00,18,15.0,83.33333333333334
2015-08-03 16:00:00,36,22.0,61.111111111111114
2015-08-03 17:00:00,47,26.0,55.319148936170215
2015-08-03 18:00:00,61,32.0,52.459016393442624
2015-08-03 19:00:00,56,33.0,58.92857142857143
2015-08-03 20:00:00,44,28.0,63.63636363636363
2015-08-03 21:00:00,37,25.0,67.56756756756756
2015-08-03 22:00:00,41,28.0,68.29268292682927
2015-08-03 23:00:00,34,28.0,82.35294117647058
2015-08-04 00:00:00,23,16.0,69.56521739130434
2015-08-04 01:00:00,39,25.0,64.1025641025641
2015-08-04 02:00:00,19,9.0,47.368421052631575
2015-08-04 03:00:00,33,26.0,78.78787878787878
2015-08-04 04:00:00,28,22.0,78.57142857142857
2015-08-04 05:00:00,17,13.0,76.47058823529412
2015-08-04 06:00:00,12,10.0,83.33333333333334
2015-08-04 07:00:00,7,6.0,85.71428571428571
2015-08-04 08:00:00,7,7.0,100.0
2015-08-04 10:00:00,3,3.0,100.0
2015-08-04 11:00:00,3,0.0,0.0
2015-08-04 12:00:00,1,1.0,100.0
2015-08-04 13:00:00,8,7.0,87.5
2015-08-04 14:00:00,25,21.0,84.0
2015-08-04 15:00:00,16,8.0,50.0
2015-08-04 16:00:00,34,22.0,64.70588235294117
2015-08-04 17:00:00,48,30.0,62.5
2015-08-04 18:00:00,37,20.0,54.054054054054056
2015-08-04 19:00:00,33,23.0,69.6969696969697
2015-08-04 20:00:00,34,20.0,58.82352941176471
2015-08-04 21:00:00,38,23.0,60.526315789473685
2015-08-04 22:00:00,21,10.0,47.61904761904761
2015-08-04 23:00:00,35,24.0,68.57142857142857
2015-08-05 00:00:00,23,16.0,69.56521739130434
2015-08-05 01:00:00,18,10.0,55.55555555555556
2015-08-05 02:00:00,12,8.0,66.66666666666666
2015-08-05 03:00:00,22,14.0,63.63636363636363
2015-08-05 04:00:00,29,24.0,82.75862068965517
2015-08-05 05:00:00,26,16.0,61.53846153846154
2015-08-05 06:00:00,9,7.0,77.77777777777779
2015-08-05 07:00:00,11,9.0,81.81818181818183
2015-08-05 08:00:00,3,1.0,33.33333333333333
2015-08-05 09:00:00,7,6.0,85.71428571428571
2015-08-05 11:00:00,4,4.0,100.0
2015-08-05 12:00:00,10,9.0,90.0
2015-08-05 13:00:00,9,9.0,100.0
2015-08-05 14:00:00,15,14.0,93.33333333333333
2015-08-05 15:00:00,23,12.0,52.17391304347826
2015-08-05 16:00:00,36,23.0,63.888888888888886
2015-08-05 17:00:00,50,32.0,64.0
2015-08-05 18:00:00,37,22.0,59.45945945945946
2015-08-05 19:00:00,27,15.0,55.55555555555556
2015-08-05 20:00:00,44,23.0,52.27272727272727
2015-08-05 21:00:00,51,31.0,60.78431372549019
2015-08-05 22:00:00,38,16.0,42.10526315789473
2015-08-05 23:00:00,51,37.0,72.54901960784314
2015-08-06 00:00:00,30,25.0,83.33333333333334
2015-08-06 01:00:00,11,5.0,45.45454545454545
2015-08-06 02:00:00,27,23.0,85.18518518518519
2015-08-06 03:00:00,27,24.0,88.88888888888889
2015-08-06 04:00:00,17,14.0,82.35294117647058
2015-08-06 05:00:00,15,8.0,53.333333333333336
2015-08-06 06:00:00,25,20.0,80.0
2015-08-06 07:00:00,16,16.0,100.0
2015-08-06 08:00:00,3,2.0,66.66666666666666
2015-08-06 09:00:00,2,2.0,100.0
2015-08-06 10:00:00,4,4.0,100.0
2015-08-06 11:00:00,2,2.0,100.0
2015-08-06 12:00:00,5,5.0,100.0
2015-08-06 13:00:00,7,6.0,85.71428571428571
2015-08-06 14:00:00,17,12.0,70.58823529411765
2015-08-06 15:00:00,18,13.0,72.22222222222221
2015-08-06 16:00:00,33,14.0,42.42424242424242
2015-08-06 17:00:00,28,21.0,75.0
2015-08-06 18:00:00,33,22.0,66.66666666666666
2015-08-06 19:00:00,36,27.0,75.0
2015-08-06 20:00:00,36,27.0,75.0
2015-08-06 21:00:00,22,19.0,86.36363636363636
2015-08-06 22:00:00,35,30.0,85.71428571428571
2015-08-06 23:00:00,33,25.0,75.75757575757575
2015-08-07 00:00:00,32,20.0,62.5
2015-08-07 01:00:00,15,12.0,80.0
2015-08-07 02:00:00,41,35.0,85.36585365853658
2015-08-07 03:00:00,8,4.0,50.0
2015-08-07 04:00:00,16,15.0,93.75
2015-08-07 05:00:00,21,17.0,80.95238095238095
2015-08-07 06:00:00,17,11.0,64.70588235294117
2015-08-07 07:00:00,9,2.0,22.22222222222222
2015-08-07 10:00:00,1,0.0,0.0
2015-08-07 11:00:00,2,2.0,100.0
2015-08-07 12:00:00,8,6.0,75.0
2015-08-07 13:00:00,4,2.0,50.0
2015-08-07 14:00:00,15,11.0,73.33333333333333
2015-08-07 15:00:00,25,15.0,60.0
2015-08-07 16:00:00,37,24.0,64.86486486486487
2015-08-07 17:00:00,46,28.0,60.86956521739131
2015-08-07 18:00:00,66,54.0,81.81818181818183
2015-08-07 19:00:00,45,32.0,71.11111111111111
2015-08-07 20:00:00,33,22.0,66.66666666666666
2015-08-07 21:00:00,27,20.0,74.07407407407408
2015-08-07 22:00:00,32,25.0,78.125
2015-08-07 23:00:00,33,27.0,81.81818181818183
2015-08-08 00:00:00,15,13.0,86.66666666666667
2015-08-08 01:00:00,16,11.0,68.75
2015-08-08 02:00:00,21,18.0,85.71428571428571
2015-08-08 03:00:00,18,14.0,77.77777777777779
2015-08-08 04:00:00,9,7.0,77.77777777777779
2015-08-08 05:00:00,28,26.0,92.85714285714286
2015-08-08 06:00:00,4,4.0,100.0
2015-08-08 07:00:00,5,4.0,80.0
2015-08-08 08:00:00,2,2.0,100.0
2015-08-08 10:00:00,1,0.0,0.0
2015-08-08 12:00:00,2,2.0,100.0
2015-08-08 13:00:00,4,3.0,75.0
2015-08-08 14:00:00,9,9.0,100.0
2015-08-08 15:00:00,10,7.0,70.0
2015-08-08 16:00:00,17,15.0,88.23529411764706
2015-08-08 17:00:00,15,10.0,66.66666666666666
2015-08-08 18:00:00,14,13.0,92.85714285714286
2015-08-08 19:00:00,21,17.0,80.95238095238095
2015-08-08 20:00:00,28,11.0,39.285714285714285
2015-08-08 21:00:00,15,15.0,100.0
2015-08-08 22:00:00,20,19.0,95.0
2015-08-08 23:00:00,10,7.0,70.0
2015-08-09 00:00:00,17,14.0,82.35294117647058
2015-08-09 01:00:00,20,15.0,75.0
2015-08-09 02:00:00,12,10.0,83.33333333333334
2015-08-09 03:00:00,19,16.0,84.21052631578947
2015-08-09 04:00:00,24,22.0,91.66666666666666
2015-08-09 05:00:00,9,8.0,88.88888888888889
2015-08-09 06:00:00,4,4.0,100.0
2015-08-09 07:00:00,4,3.0,75.0
2015-08-09 08:00:00,1,1.0,100.0
2015-08-09 09:00:00,2,2.0,100.0
2015-08-09 10:00:00,2,2.0,100.0
2015-08-09 12:00:00,4,4.0,100.0
2015-08-09 13:00:00,6,6.0,100.0
2015-08-09 14:00:00,15,7.0,46.666666666666664
2015-08-09 15:00:00,2,1.0,50.0
2015-08-09 16:00:00,6,3.0,50.0
2015-08-09 17:00:00,17,13.0,76.47058823529412
2015-08-09 18:00:00,9,6.0,66.66666666666666
2015-08-09 19:00:00,20,16.0,80.0
2015-08-09 20:00:00,21,19.0,90.47619047619048
2015-08-09 21:00:00,16,15.0,93.75
2015-08-09 22:00:00,17,15.0,88.23529411764706
2015-08-09 23:00:00,22,16.0,72.72727272727273
2015-08-10 00:00:00,13,11.0,84.61538461538461
2015-08-10 01:00:00,18,16.0,88.88888888888889
2015-08-10 02:00:00,15,13.0,86.66666666666667
2015-08-10 03:00:00,37,20.0,54.054054054054056
2015-08-10 04:00:00,17,14.0,82.35294117647058
2015-08-10 05:00:00,15,15.0,100.0
2015-08-10 06:00:00,13,13.0,100.0
2015-08-10 07:00:00,2,1.0,50.0
2015-08-10 08:00:00,6,6.0,100.0
2015-08-10 09:00:00,4,3.0,75.0
2015-08-10 10:00:00,8,5.0,62.5
2015-08-10 11:00:00,3,3.0,100.0
2015-08-10 12:00:00,3,3.0,100.0
2015-08-10 13:00:00,3,2.0,66.66666666666666
2015-08-10 14:00:00,8,7.0,87.5
2015-08-10 15:00:00,8,7.0,87.5
2015-08-10 16:00:00,24,15.0,62.5
2015-08-10 17:00:00,36,31.0,86.11111111111111
2015-08-10 18:00:00,51,24.0,47.05882352941176
2015-08-10 19:00:00,36,23.0,63.888888888888886
2015-08-10 20:00:00,31,21.0,67.74193548387096
2015-08-10 21:00:00,36,20.0,55.55555555555556
2015-08-10 22:00:00,61,49.0,80.32786885245902
2015-08-10 23:00:00,22,16.0,72.72727272727273
2015-08-11 00:00:00,18,14.0,77.77777777777779
2015-08-11 01:00:00,17,14.0,82.35294117647058
2015-08-11 02:00:00,23,16.0,69.56521739130434
2015-08-11 03:00:00,27,23.0,85.18518518518519
2015-08-11 04:00:00,13,9.0,69.23076923076923
2015-08-11 05:00:00,12,7.0,58.333333333333336
2015-08-11 06:00:00,14,13.0,92.85714285714286
2015-08-11 07:00:00,6,3.0,50.0
2015-08-11 08:00:00,1,0.0,0.0
2015-08-11 09:00:00,3,3.0,100.0
2015-08-11 11:00:00,1,1.0,100.0
2015-08-11 12:00:00,1,1.0,100.0
2015-08-11 13:00:00,8,4.0,50.0
2015-08-11 14:00:00,11,11.0,100.0
2015-08-11 15:00:00,19,9.0,47.368421052631575
2015-08-11 16:00:00,26,13.0,50.0
2015-08-11 17:00:00,19,6.0,31.57894736842105
2015-08-11 18:00:00,14,11.0,78.57142857142857
2015-08-11 19:00:00,19,12.0,63.1578947368421
2015-08-11 20:00:00,21,16.0,76.19047619047619
2015-08-11 21:00:00,22,14.0,63.63636363636363
2015-08-11 22:00:00,30,23.0,76.66666666666667
2015-08-11 23:00:00,14,8.0,57.14285714285714
2015-08-12 00:00:00,18,15.0,83.33333333333334
2015-08-12 01:00:00,22,15.0,68.18181818181817
2015-08-12 02:00:00,26,22.0,84.61538461538461
2015-08-12 03:00:00,13,10.0,76.92307692307693
2015-08-12 04:00:00,15,13.0,86.66666666666667
2015-08-12 05:00:00,7,6.0,85.71428571428571
2015-08-12 06:00:00,19,17.0,89.47368421052632
2015-08-12 07:00:00,4,4.0,100.0
2015-08-12 08:00:00,1,1.0,100.0
2015-08-12 09:00:00,1,1.0,100.0
2015-08-12 10:00:00,3,2.0,66.66666666666666
2015-08-12 11:00:00,3,3.0,100.0
2015-08-12 12:00:00,5,3.0,60.0
2015-08-12 13:00:00,9,7.0,77.77777777777779
2015-08-12 14:00:00,19,11.0,57.89473684210527
2015-08-12 15:00:00,27,19.0,70.37037037037037
2015-08-12 16:00:00,38,21.0,55.26315789473685
2015-08-12 17:00:00,40,16.0,40.0
2015-08-12 18:00:00,35,30.0,85.71428571428571
2015-08-12 19:00:00,36,22.0,61.111111111111114
2015-08-12 20:00:00,37,28.0,75.67567567567568
2015-08-12 21:00:00,45,25.0,55.55555555555556
2015-08-12 22:00:00,45,20.0,44.44444444444444
2015-08-12 23:00:00,30,21.0,70.0
2015-08-13 00:00:00,25,18.0,72.0
2015-08-13 01:00:00,16,11.0,68.75
2015-08-13 02:00:00,20,14.0,70.0
2015-08-13 03:00:00,25,24.0,96.0
2015-08-13 04:00:00,11,10.0,90.9090909090909
2015-08-13 05:00:00,22,16.0,72.72727272727273
2015-08-13 06:00:00,21,18.0,85.71428571428571
2015-08-13 07:00:00,6,3.0,50.0
2015-08-13 08:00:00,20,20.0,100.0
2015-08-13 09:00:00,1,1.0,100.0
2015-08-13 10:00:00,1,1.0,100.0
2015-08-13 11:00:00,2,2.0,100.0
2015-08-13 12:00:00,4,4.0,100.0
2015-08-13 13:00:00,4,2.0,50.0
2015-08-13 14:00:00,10,9.0,90.0
2015-08-13 15:00:00,15,6.0,40.0
2015-08-13 16:00:00,32,19.0,59.375
2015-08-13 17:00:00,38,21.0,55.26315789473685
2015-08-13 18:00:00,30,22.0,73.33333333333333
2015-08-13 19:00:00,27,20.0,74.07407407407408
2015-08-13 20:00:00,30,16.0,53.333333333333336
2015-08-13 21:00:00,18,12.0,66.66666666666666
2015-08-13 22:00:00,25,15.0,60.0
2015-08-13 23:00:00,34,27.0,79.41176470588235
2015-08-14 00:00:00,29,24.0,82.75862068965517
2015-08-14 01:00:00,15,12.0,80.0
2015-08-14 02:00:00,30,21.0,70.0
2015-08-14 03:00:00,18,14.0,77.77777777777779
2015-08-14 04:00:00,28,25.0,89.28571428571429
2015-08-14 05:00:00,12,8.0,66.66666666666666
2015-08-14 06:00:00,3,1.0,33.33333333333333
2015-08-14 07:00:00,4,4.0,100.0
2015-08-14 08:00:00,1,1.0,100.0
2015-08-14 09:00:00,2,2.0,100.0
2015-08-14 12:00:00,4,3.0,75.0
2015-08-14 13:00:00,12,9.0,75.0
2015-08-14 14:00:00,6,4.0,66.66666666666666
2015-08-14 15:00:00,15,10.0,66.66666666666666
2015-08-14 16:00:00,24,14.0,58.333333333333336
2015-08-14 17:00:00,25,19.0,76.0
2015-08-14 18:00:00,25,14.0,56.00000000000001
2015-08-14 19:00:00,18,15.0,83.33333333333334
2015-08-14 20:00:00,32,26.0,81.25
2015-08-14 21:00:00,38,35.0,92.10526315789474
2015-08-14 22:00:00,25,15.0,60.0
2015-08-14 23:00:00,10,6.0,60.0
2015-08-15 00:00:00,20,15.0,75.0
2015-08-15 01:00:00,19,15.0,78.94736842105263
2015-08-15 02:00:00,28,17.0,60.71428571428571
2015-08-15 03:00:00,18,16.0,88.88888888888889
2015-08-15 04:00:00,9,9.0,100.0
2015-08-15 05:00:00,4,4.0,100.0
2015-08-15 06:00:00,24,22.0,91.66666666666666
2015-08-15 07:00:00,7,5.0,71.42857142857143
2015-08-15 08:00:00,2,2.0,100.0
2015-08-15 11:00:00,2,1.0,50.0
2015-08-15 12:00:00,1,1.0,100.0
2015-08-15 13:00:00,5,4.0,80.0
2015-08-15 14:00:00,8,6.0,75.0
2015-08-15 15:00:00,8,8.0,100.0
2015-08-15 16:00:00,18,11.0,61.111111111111114
2015-08-15 17:00:00,14,8.0,57.14285714285714
2015-08-15 18:00:00,25,14.0,56.00000000000001
2015-08-15 19:00:00,15,10.0,66.66666666666666
2015-08-15 20:00:00,30,26.0,86.66666666666667
2015-08-15 21:00:00,21,18.0,85.71428571428571
2015-08-15 22:00:00,16,10.0,62.5
2015-08-15 23:00:00,16,12.0,75.0
2015-08-16 00:00:00,14,11.0,78.57142857142857
2015-08-16 01:00:00,16,11.0,68.75
2015-08-16 02:00:00,9,7.0,77.77777777777779
2015-08-16 03:00:00,22,19.0,86.36363636363636
2015-08-16 04:00:00,18,14.0,77.77777777777779
2015-08-16 05:00:00,19,17.0,89.47368421052632
2015-08-16 06:00:00,3,3.0,100.0
2015-08-16 07:00:00,6,5.0,83.33333333333334
2015-08-16 08:00:00,6,6.0,100.0
2015-08-16 09:00:00,5,3.0,60.0
2015-08-16 10:00:00,1,1.0,100.0
2015-08-16 11:00:00,5,5.0,100.0
2015-08-16 12:00:00,2,2.0,100.0
2015-08-16 13:00:00,9,7.0,77.77777777777779
2015-08-16 14:00:00,11,8.0,72.72727272727273
2015-08-16 15:00:00,15,11.0,73.33333333333333
2015-08-16 16:00:00,16,10.0,62.5
2015-08-16 17:00:00,11,9.0,81.81818181818183
2015-08-16 18:00:00,28,20.0,71.42857142857143
2015-08-16 19:00:00,34,25.0,73.52941176470588
2015-08-16 20:00:00,21,15.0,71.42857142857143
2015-08-16 21:00:00,13,10.0,76.92307692307693
2015-08-16 22:00:00,18,15.0,83.33333333333334
2015-08-16 23:00:00,32,22.0,68.75
2015-08-17 00:00:00,18,14.0,77.77777777777779
2015-08-17 01:00:00,41,32.0,78.04878048780488
2015-08-17 02:00:00,29,20.0,68.96551724137932
2015-08-17 03:00:00,28,26.0,92.85714285714286
2015-08-17 04:00:00,23,19.0,82.6086956521739
2015-08-17 05:00:00,11,6.0,54.54545454545454
2015-08-17 06:00:00,25,21.0,84.0
2015-08-17 07:00:00,8,4.0,50.0
2015-08-17 08:00:00,3,3.0,100.0
2015-08-17 09:00:00,2,2.0,100.0
2015-08-17 10:00:00,4,4.0,100.0
2015-08-17 12:00:00,2,1.0,50.0
2015-08-17 13:00:00,7,6.0,85.71428571428571
2015-08-17 14:00:00,14,11.0,78.57142857142857
2015-08-17 15:00:00,24,15.0,62.5
2015-08-17 16:00:00,47,36.0,76.59574468085107
2015-08-17 17:00:00,44,28.0,63.63636363636363
2015-08-17 18:00:00,36,23.0,63.888888888888886
2015-08-17 19:00:00,38,22.0,57.89473684210527
2015-08-17 20:00:00,41,25.0,60.97560975609756
2015-08-17 21:00:00,46,27.0,58.69565217391305
2015-08-17 22:00:00,50,34.0,68.0
2015-08-17 23:00:00,27,19.0,70.37037037037037
2015-08-18 00:00:00,19,12.0,63.1578947368421
2015-08-18 01:00:00,24,20.0,83.33333333333334
2015-08-18 02:00:00,27,16.0,59.25925925925925
2015-08-18 03:00:00,24,19.0,79.16666666666666
2015-08-18 04:00:00,28,24.0,85.71428571428571
2015-08-18 05:00:00,16,11.0,68.75
2015-08-18 06:00:00,12,9.0,75.0
2015-08-18 07:00:00,7,7.0,100.0
2015-08-18 08:00:00,1,1.0,100.0
2015-08-18 09:00:00,3,2.0,66.66666666666666
2015-08-18 10:00:00,3,3.0,100.0
2015-08-18 11:00:00,6,5.0,83.33333333333334
2015-08-18 12:00:00,9,9.0,100.0
2015-08-18 13:00:00,6,6.0,100.0
2015-08-18 14:00:00,7,5.0,71.42857142857143
2015-08-18 15:00:00,21,14.0,66.66666666666666
2015-08-18 16:00:00,34,19.0,55.88235294117647
2015-08-18 17:00:00,40,16.0,40.0
2015-08-18 18:00:00,30,18.0,60.0
2015-08-18 19:00:00,25,13.0,52.0
2015-08-18 20:00:00,55,25.0,45.45454545454545
2015-08-18 21:00:00,25,13.0,52.0
2015-08-18 22:00:00,28,20.0,71.42857142857143
2015-08-18 23:00:00,34,22.0,64.70588235294117
2015-08-19 00:00:00,27,17.0,62.96296296296296
2015-08-19 01:00:00,15,11.0,73.33333333333333
2015-08-19 02:00:00,30,14.0,46.666666666666664
2015-08-19 03:00:00,18,10.0,55.55555555555556
2015-08-19 04:00:00,36,33.0,91.66666666666666
2015-08-19 05:00:00,20,12.0,60.0
2015-08-19 06:00:00,11,9.0,81.81818181818183
2015-08-19 07:00:00,11,9.0,81.81818181818183
2015-08-19 08:00:00,3,2.0,66.66666666666666
2015-08-19 09:00:00,1,1.0,100.0
2015-08-19 10:00:00,1,0.0,0.0
2015-08-19 11:00:00,3,3.0,100.0
2015-08-19 12:00:00,7,6.0,85.71428571428571
2015-08-19 13:00:00,3,2.0,66.66666666666666
2015-08-19 14:00:00,10,5.0,50.0
2015-08-19 15:00:00,25,14.0,56.00000000000001
2015-08-19 16:00:00,34,20.0,58.82352941176471
2015-08-19 17:00:00,42,25.0,59.523809523809526
2015-08-19 18:00:00,21,13.0,61.904761904761905
2015-08-19 19:00:00,29,17.0,58.620689655172406
2015-08-19 20:00:00,48,29.0,60.416666666666664
2015-08-19 21:00:00,44,23.0,52.27272727272727
2015-08-19 22:00:00,23,16.0,69.56521739130434
2015-08-19 23:00:00,28,17.0,60.71428571428571
2015-08-20 00:00:00,35,23.0,65.71428571428571
2015-08-20 01:00:00,20,15.0,75.0
2015-08-20 02:00:00,26,19.0,73.07692307692307
2015-08-20 03:00:00,27,22.0,81.48148148148148
2015-08-20 04:00:00,23,18.0,78.26086956521739
2015-08-20 05:00:00,23,20.0,86.95652173913044
2015-08-20 06:00:00,15,7.0,46.666666666666664
2015-08-20 07:00:00,2,2.0,100.0
2015-08-20 08:00:00,7,4.0,57.14285714285714
2015-08-20 09:00:00,5,2.0,40.0
2015-08-20 10:00:00,3,3.0,100.0
2015-08-20 11:00:00,2,2.0,100.0
2015-08-20 12:00:00,5,5.0,100.0
2015-08-20 13:00:00,5,4.0,80.0
2015-08-20 14:00:00,18,9.0,50.0
2015-08-20 15:00:00,23,11.0,47.82608695652174
2015-08-20 16:00:00,29,12.0,41.37931034482759
2015-08-20 17:00:00,44,21.0,47.72727272727273
2015-08-20 18:00:00,41,23.0,56.09756097560976
2015-08-20 19:00:00,34,19.0,55.88235294117647
2015-08-20 20:00:00,22,13.0,59.09090909090909
2015-08-20 21:00:00,21,18.0,85.71428571428571
2015-08-20 22:00:00,23,17.0,73.91304347826086
2015-08-20 23:00:00,19,15.0,78.94736842105263
2015-08-21 00:00:00,13,8.0,61.53846153846154
2015-08-21 01:00:00,17,7.0,41.17647058823529
2015-08-21 02:00:00,21,20.0,95.23809523809523
2015-08-21 03:00:00,20,17.0,85.0
2015-08-21 04:00:00,11,10.0,90.9090909090909
2015-08-21 05:00:00,8,7.0,87.5
2015-08-21 06:00:00,9,9.0,100.0
2015-08-21 07:00:00,12,10.0,83.33333333333334
2015-08-21 08:00:00,6,4.0,66.66666666666666
2015-08-21 09:00:00,4,4.0,100.0
2015-08-21 10:00:00,4,3.0,75.0
2015-08-21 11:00:00,1,1.0,100.0
2015-08-21 12:00:00,6,4.0,66.66666666666666
2015-08-21 13:00:00,5,4.0,80.0
2015-08-21 14:00:00,17,17.0,100.0
2015-08-21 15:00:00,15,9.0,60.0
2015-08-21 16:00:00,22,12.0,54.54545454545454
2015-08-21 17:00:00,37,28.0,75.67567567567568
2015-08-21 18:00:00,32,19.0,59.375
2015-08-21 19:00:00,27,16.0,59.25925925925925
2015-08-21 20:00:00,28,16.0,57.14285714285714
2015-08-21 21:00:00,25,14.0,56.00000000000001
2015-08-21 22:00:00,25,23.0,92.0
2015-08-21 23:00:00,30,23.0,76.66666666666667
2015-08-22 00:00:00,26,21.0,80.76923076923077
2015-08-22 01:00:00,14,9.0,64.28571428571429
2015-08-22 02:00:00,18,14.0,77.77777777777779
2015-08-22 03:00:00,20,14.0,70.0
2015-08-22 04:00:00,8,8.0,100.0
2015-08-22 05:00:00,16,15.0,93.75
2015-08-22 06:00:00,7,5.0,71.42857142857143
2015-08-22 07:00:00,5,4.0,80.0
2015-08-22 08:00:00,6,5.0,83.33333333333334
2015-08-22 09:00:00,1,0.0,0.0
2015-08-22 10:00:00,1,1.0,100.0
2015-08-22 12:00:00,2,2.0,100.0
2015-08-22 13:00:00,28,26.0,92.85714285714286
2015-08-22 14:00:00,10,8.0,80.0
2015-08-22 15:00:00,19,6.0,31.57894736842105
2015-08-22 16:00:00,6,3.0,50.0
2015-08-22 17:00:00,13,9.0,69.23076923076923
2015-08-22 18:00:00,11,8.0,72.72727272727273
2015-08-22 19:00:00,24,18.0,75.0
2015-08-22 20:00:00,17,13.0,76.47058823529412
2015-08-22 21:00:00,35,27.0,77.14285714285715
2015-08-22 22:00:00,15,11.0,73.33333333333333
2015-08-22 23:00:00,13,7.0,53.84615384615385
2015-08-23 00:00:00,19,12.0,63.1578947368421
2015-08-23 01:00:00,13,10.0,76.92307692307693
2015-08-23 02:00:00,36,26.0,72.22222222222221
2015-08-23 03:00:00,14,8.0,57.14285714285714
2015-08-23 04:00:00,8,7.0,87.5
2015-08-23 05:00:00,17,16.0,94.11764705882352
2015-08-23 06:00:00,10,1.0,10.0
2015-08-23 07:00:00,9,8.0,88.88888888888889
2015-08-23 08:00:00,2,2.0,100.0
2015-08-23 10:00:00,2,2.0,100.0
2015-08-23 11:00:00,9,8.0,88.88888888888889
2015-08-23 12:00:00,3,3.0,100.0
2015-08-23 13:00:00,3,3.0,100.0
2015-08-23 14:00:00,13,10.0,76.92307692307693
2015-08-23 15:00:00,14,9.0,64.28571428571429
2015-08-23 16:00:00,15,9.0,60.0
2015-08-23 17:00:00,13,11.0,84.61538461538461
2015-08-23 18:00:00,29,19.0,65.51724137931035
2015-08-23 19:00:00,14,12.0,85.71428571428571
2015-08-23 20:00:00,17,14.0,82.35294117647058
2015-08-23 21:00:00,18,12.0,66.66666666666666
2015-08-23 22:00:00,12,8.0,66.66666666666666
2015-08-23 23:00:00,12,9.0,75.0
2015-08-24 00:00:00,13,9.0,69.23076923076923
2015-08-24 01:00:00,20,14.0,70.0
2015-08-24 02:00:00,14,10.0,71.42857142857143
2015-08-24 03:00:00,22,18.0,81.81818181818183
2015-08-24 04:00:00,25,23.0,92.0
2015-08-24 05:00:00,51,49.0,96.07843137254902
2015-08-24 06:00:00,7,6.0,85.71428571428571
2015-08-24 07:00:00,1,0.0,0.0
2015-08-24 08:00:00,6,2.0,33.33333333333333
2015-08-24 09:00:00,3,3.0,100.0
2015-08-24 10:00:00,2,1.0,50.0
2015-08-24 11:00:00,4,3.0,75.0
2015-08-24 12:00:00,8,6.0,75.0
2015-08-24 13:00:00,15,6.0,40.0
2015-08-24 14:00:00,11,8.0,72.72727272727273
2015-08-24 15:00:00,18,8.0,44.44444444444444
2015-08-24 16:00:00,32,20.0,62.5
2015-08-24 17:00:00,40,25.0,62.5
2015-08-24 18:00:00,61,42.0,68.85245901639344
2015-08-24 19:00:00,28,25.0,89.28571428571429
2015-08-24 20:00:00,23,9.0,39.130434782608695
2015-08-24 21:00:00,28,22.0,78.57142857142857
2015-08-24 22:00:00,37,18.0,48.64864864864865
2015-08-24 23:00:00,24,19.0,79.16666666666666
2015-08-25 00:00:00,31,17.0,54.83870967741935
2015-08-25 01:00:00,31,27.0,87.09677419354838
2015-08-25 02:00:00,30,23.0,76.66666666666667
2015-08-25 03:00:00,17,11.0,64.70588235294117
2015-08-25 04:00:00,35,28.0,80.0
2015-08-25 05:00:00,19,13.0,68.42105263157895
2015-08-25 06:00:00,12,11.0,91.66666666666666
2015-08-25 07:00:00,5,5.0,100.0
2015-08-25 08:00:00,5,5.0,100.0
2015-08-25 11:00:00,3,3.0,100.0
2015-08-25 12:00:00,5,5.0,100.0
2015-08-25 13:00:00,5,4.0,80.0
2015-08-25 14:00:00,9,3.0,33.33333333333333
2015-08-25 15:00:00,14,9.0,64.28571428571429
2015-08-25 16:00:00,33,20.0,60.60606060606061
2015-08-25 17:00:00,24,17.0,70.83333333333334
2015-08-25 18:00:00,32,22.0,68.75
2015-08-25 19:00:00,24,14.0,58.333333333333336
2015-08-25 20:00:00,27,23.0,85.18518518518519
2015-08-25 21:00:00,38,28.0,73.68421052631578
2015-08-25 22:00:00,29,16.0,55.172413793103445
2015-08-25 23:00:00,22,13.0,59.09090909090909
2015-08-26 00:00:00,29,23.0,79.3103448275862
2015-08-26 01:00:00,12,9.0,75.0
2015-08-26 02:00:00,17,13.0,76.47058823529412
2015-08-26 03:00:00,21,19.0,90.47619047619048
2015-08-26 04:00:00,25,20.0,80.0
2015-08-26 05:00:00,22,17.0,77.27272727272727
2015-08-26 06:00:00,14,9.0,64.28571428571429
2015-08-26 07:00:00,5,4.0,80.0
2015-08-26 08:00:00,4,3.0,75.0
2015-08-26 09:00:00,2,1.0,50.0
2015-08-26 10:00:00,1,1.0,100.0
2015-08-26 11:00:00,1,1.0,100.0
2015-08-26 12:00:00,3,2.0,66.66666666666666
2015-08-26 13:00:00,7,3.0,42.857142857142854
2015-08-26 14:00:00,21,13.0,61.904761904761905
2015-08-26 15:00:00,19,11.0,57.89473684210527
2015-08-26 16:00:00,35,23.0,65.71428571428571
2015-08-26 17:00:00,33,12.0,36.36363636363637
2015-08-26 18:00:00,41,27.0,65.85365853658537
2015-08-26 19:00:00,32,19.0,59.375
2015-08-26 20:00:00,41,30.0,73.17073170731707
2015-08-26 21:00:00,43,18.0,41.86046511627907
2015-08-26 22:00:00,38,31.0,81.57894736842105
2015-08-26 23:00:00,39,27.0,69.23076923076923
2015-08-27 00:00:00,25,14.0,56.00000000000001
2015-08-27 01:00:00,22,10.0,45.45454545454545
2015-08-27 02:00:00,12,7.0,58.333333333333336
2015-08-27 03:00:00,19,16.0,84.21052631578947
2015-08-27 04:00:00,15,14.0,93.33333333333333
2015-08-27 05:00:00,15,11.0,73.33333333333333
2015-08-27 06:00:00,5,2.0,40.0
2015-08-27 07:00:00,10,10.0,100.0
2015-08-27 08:00:00,4,2.0,50.0
2015-08-27 09:00:00,2,2.0,100.0
2015-08-27 10:00:00,1,0.0,0.0
2015-08-27 11:00:00,1,1.0,100.0
2015-08-27 12:00:00,3,3.0,100.0
2015-08-27 13:00:00,2,1.0,50.0
2015-08-27 14:00:00,10,6.0,60.0
2015-08-27 15:00:00,22,18.0,81.81818181818183
2015-08-27 16:00:00,39,15.0,38.46153846153847
2015-08-27 17:00:00,36,21.0,58.333333333333336
2015-08-27 18:00:00,43,26.0,60.46511627906976
2015-08-27 19:00:00,46,26.0,56.52173913043478
2015-08-27 20:00:00,37,23.0,62.16216216216216
2015-08-27 21:00:00,33,17.0,51.515151515151516
2015-08-27 22:00:00,21,18.0,85.71428571428571
2015-08-27 23:00:00,20,8.0,40.0
2015-08-28 00:00:00,14,11.0,78.57142857142857
2015-08-28 01:00:00,34,30.0,88.23529411764706
2015-08-28 02:00:00,14,9.0,64.28571428571429
2015-08-28 03:00:00,13,11.0,84.61538461538461
2015-08-28 04:00:00,17,16.0,94.11764705882352
2015-08-28 05:00:00,17,13.0,76.47058823529412
2015-08-28 06:00:00,24,20.0,83.33333333333334
2015-08-28 07:00:00,25,22.0,88.0
2015-08-28 08:00:00,2,2.0,100.0
2015-08-28 09:00:00,1,1.0,100.0
2015-08-28 10:00:00,2,2.0,100.0
2015-08-28 12:00:00,6,6.0,100.0
2015-08-28 13:00:00,8,7.0,87.5
2015-08-28 14:00:00,21,15.0,71.42857142857143
2015-08-28 15:00:00,31,26.0,83.87096774193549
2015-08-28 16:00:00,31,22.0,70.96774193548387
2015-08-28 17:00:00,54,40.0,74.07407407407408
2015-08-28 18:00:00,32,19.0,59.375
2015-08-28 19:00:00,33,22.0,66.66666666666666
2015-08-28 20:00:00,46,43.0,93.47826086956522
2015-08-28 21:00:00,40,33.0,82.5
2015-08-28 22:00:00,26,21.0,80.76923076923077
2015-08-28 23:00:00,22,18.0,81.81818181818183
2015-08-29 00:00:00,16,12.0,75.0
2015-08-29 01:00:00,18,13.0,72.22222222222221
2015-08-29 02:00:00,11,9.0,81.81818181818183
2015-08-29 03:00:00,16,11.0,68.75
2015-08-29 04:00:00,18,15.0,83.33333333333334
2015-08-29 05:00:00,10,9.0,90.0
2015-08-29 06:00:00,11,10.0,90.9090909090909
2015-08-29 07:00:00,7,6.0,85.71428571428571
2015-08-29 08:00:00,11,11.0,100.0
2015-08-29 09:00:00,2,2.0,100.0
2015-08-29 10:00:00,3,3.0,100.0
2015-08-29 12:00:00,1,1.0,100.0
2015-08-29 13:00:00,12,11.0,91.66666666666666
2015-08-29 14:00:00,8,7.0,87.5
2015-08-29 15:00:00,17,15.0,88.23529411764706
2015-08-29 16:00:00,11,8.0,72.72727272727273
2015-08-29 17:00:00,22,20.0,90.9090909090909
2015-08-29 18:00:00,15,14.0,93.33333333333333
2015-08-29 19:00:00,22,19.0,86.36363636363636
2015-08-29 20:00:00,30,21.0,70.0
2015-08-29 21:00:00,26,18.0,69.23076923076923
2015-08-29 22:00:00,15,13.0,86.66666666666667
2015-08-29 23:00:00,14,8.0,57.14285714285714
2015-08-30 00:00:00,10,9.0,90.0
2015-08-30 01:00:00,16,11.0,68.75
2015-08-30 02:00:00,16,13.0,81.25
2015-08-30 03:00:00,20,16.0,80.0
2015-08-30 04:00:00,26,24.0,92.3076923076923
2015-08-30 05:00:00,30,29.0,96.66666666666667
2015-08-30 06:00:00,19,14.0,73.68421052631578
2015-08-30 07:00:00,6,4.0,66.66666666666666
2015-08-30 08:00:00,2,1.0,50.0
2015-08-30 09:00:00,5,5.0,100.0
2015-08-30 10:00:00,2,2.0,100.0
2015-08-30 11:00:00,2,1.0,50.0
2015-08-30 12:00:00,8,7.0,87.5
2015-08-30 13:00:00,8,7.0,87.5
2015-08-30 14:00:00,19,13.0,68.42105263157895
2015-08-30 15:00:00,15,14.0,93.33333333333333
2015-08-30 16:00:00,38,27.0,71.05263157894737
2015-08-30 17:00:00,31,21.0,67.74193548387096
2015-08-30 18:00:00,28,17.0,60.71428571428571
2015-08-30 19:00:00,82,60.0,73.17073170731707
2015-08-30 20:00:00,50,33.0,66.0
2015-08-30 21:00:00,28,28.0,100.0
2015-08-30 22:00:00,28,13.0,46.42857142857143
2015-08-30 23:00:00,27,20.0,74.07407407407408
2015-08-31 00:00:00,30,21.0,70.0
2015-08-31 01:00:00,19,16.0,84.21052631578947
2015-08-31 02:00:00,28,21.0,75.0
2015-08-31 03:00:00,27,21.0,77.77777777777779
2015-08-31 04:00:00,17,13.0,76.47058823529412
2015-08-31 05:00:00,14,12.0,85.71428571428571
2015-08-31 06:00:00,5,3.0,60.0
2015-08-31 07:00:00,5,5.0,100.0
2015-08-31 08:00:00,1,0.0,0.0
2015-08-31 10:00:00,1,1.0,100.0
2015-08-31 11:00:00,4,4.0,100.0
2015-08-31 12:00:00,5,3.0,60.0
2015-08-31 13:00:00,1,1.0,100.0
2015-08-31 14:00:00,14,11.0,78.57142857142857
2015-08-31 15:00:00,14,6.0,42.857142857142854
2015-08-31 16:00:00,19,12.0,63.1578947368421
2015-08-31 17:00:00,35,27.0,77.14285714285715
2015-08-31 18:00:00,22,10.0,45.45454545454545
2015-08-31 19:00:00,29,17.0,58.620689655172406
2015-08-31 20:00:00,26,17.0,65.38461538461539
2015-08-31 21:00:00,37,17.0,45.94594594594595
2015-08-31 22:00:00,30,17.0,56.666666666666664
2015-08-31 23:00:00,32,25.0,78.125
2015-09-01 00:00:00,19,13.0,68.42105263157895
2015-09-01 01:00:00,8,5.0,62.5
2015-09-01 02:00:00,13,6.0,46.15384615384615
2015-09-01 03:00:00,26,20.0,76.92307692307693
2015-09-01 04:00:00,20,13.0,65.0
2015-09-01 05:00:00,9,6.0,66.66666666666666
2015-09-01 06:00:00,7,6.0,85.71428571428571
2015-09-01 07:00:00,3,1.0,33.33333333333333
2015-09-01 08:00:00,4,1.0,25.0
2015-09-01 09:00:00,8,7.0,87.5
2015-09-01 10:00:00,1,1.0,100.0
2015-09-01 11:00:00,3,3.0,100.0
2015-09-01 12:00:00,2,2.0,100.0
2015-09-01 13:00:00,13,12.0,92.3076923076923
2015-09-01 14:00:00,12,11.0,91.66666666666666
2015-09-01 15:00:00,24,21.0,87.5
2015-09-01 16:00:00,23,14.0,60.86956521739131
2015-09-01 17:00:00,39,16.0,41.02564102564102
2015-09-01 18:00:00,25,14.0,56.00000000000001
2015-09-01 19:00:00,29,15.0,51.724137931034484
2015-09-01 20:00:00,27,23.0,85.18518518518519
2015-09-01 21:00:00,29,20.0,68.96551724137932
2015-09-01 22:00:00,31,24.0,77.41935483870968
2015-09-01 23:00:00,33,25.0,75.75757575757575
2015-09-02 00:00:00,24,15.0,62.5
2015-09-02 01:00:00,11,8.0,72.72727272727273
2015-09-02 02:00:00,15,12.0,80.0
2015-09-02 03:00:00,20,17.0,85.0
2015-09-02 04:00:00,20,15.0,75.0
2015-09-02 05:00:00,14,11.0,78.57142857142857
2015-09-02 06:00:00,3,3.0,100.0
2015-09-02 07:00:00,6,6.0,100.0
2015-09-02 08:00:00,5,3.0,60.0
2015-09-02 09:00:00,1,1.0,100.0
2015-09-02 11:00:00,1,1.0,100.0
2015-09-02 12:00:00,3,2.0,66.66666666666666
2015-09-02 13:00:00,7,3.0,42.857142857142854
2015-09-02 14:00:00,10,7.0,70.0
2015-09-02 15:00:00,10,7.0,70.0
2015-09-02 16:00:00,33,18.0,54.54545454545454
2015-09-02 17:00:00,32,20.0,62.5
2015-09-02 18:00:00,29,21.0,72.41379310344827
2015-09-02 19:00:00,34,26.0,76.47058823529412
2015-09-02 20:00:00,40,24.0,60.0
2015-09-02 21:00:00,20,17.0,85.0
2015-09-02 22:00:00,32,20.0,62.5
2015-09-02 23:00:00,16,11.0,68.75
2015-09-03 00:00:00,27,23.0,85.18518518518519
2015-09-03 01:00:00,15,10.0,66.66666666666666
2015-09-03 02:00:00,38,32.0,84.21052631578947
2015-09-03 03:00:00,23,18.0,78.26086956521739
2015-09-03 04:00:00,24,13.0,54.166666666666664
2015-09-03 05:00:00,11,10.0,90.9090909090909
2015-09-03 06:00:00,11,6.0,54.54545454545454
2015-09-03 07:00:00,13,12.0,92.3076923076923
2015-09-03 08:00:00,3,2.0,66.66666666666666
2015-09-03 09:00:00,3,3.0,100.0
2015-09-03 10:00:00,12,12.0,100.0
2015-09-03 11:00:00,14,14.0,100.0
2015-09-03 12:00:00,2,1.0,50.0
2015-09-03 13:00:00,12,8.0,66.66666666666666
2015-09-03 14:00:00,2,0.0,0.0
2015-09-03 15:00:00,16,12.0,75.0
2015-09-03 16:00:00,18,10.0,55.55555555555556
2015-09-03 17:00:00,25,18.0,72.0
2015-09-03 18:00:00,21,16.0,76.19047619047619
2015-09-03 19:00:00,33,27.0,81.81818181818183
2015-09-03 20:00:00,19,10.0,52.63157894736842
2015-09-03 21:00:00,26,21.0,80.76923076923077
2015-09-03 22:00:00,19,13.0,68.42105263157895
2015-09-03 23:00:00,19,12.0,63.1578947368421
2015-09-04 00:00:00,18,12.0,66.66666666666666
2015-09-04 01:00:00,24,19.0,79.16666666666666
2015-09-04 02:00:00,33,22.0,66.66666666666666
2015-09-04 03:00:00,18,15.0,83.33333333333334
2015-09-04 04:00:00,14,9.0,64.28571428571429
2015-09-04 05:00:00,19,18.0,94.73684210526315
2015-09-04 06:00:00,7,5.0,71.42857142857143
2015-09-04 07:00:00,2,2.0,100.0
2015-09-04 08:00:00,3,3.0,100.0
2015-09-04 10:00:00,1,1.0,100.0
2015-09-04 11:00:00,3,3.0,100.0
2015-09-04 12:00:00,2,1.0,50.0
2015-09-04 13:00:00,8,7.0,87.5
2015-09-04 14:00:00,10,10.0,100.0
2015-09-04 15:00:00,14,12.0,85.71428571428571
2015-09-04 16:00:00,21,14.0,66.66666666666666
2015-09-04 17:00:00,30,16.0,53.333333333333336
2015-09-04 18:00:00,31,19.0,61.29032258064516
2015-09-04 19:00:00,34,23.0,67.64705882352942
2015-09-04 20:00:00,22,11.0,50.0
2015-09-04 21:00:00,32,18.0,56.25
2015-09-04 22:00:00,30,22.0,73.33333333333333
2015-09-04 23:00:00,20,13.0,65.0
2015-09-05 00:00:00,16,12.0,75.0
2015-09-05 01:00:00,13,8.0,61.53846153846154
2015-09-05 02:00:00,5,5.0,100.0
2015-09-05 03:00:00,12,10.0,83.33333333333334
2015-09-05 04:00:00,6,5.0,83.33333333333334
2015-09-05 05:00:00,20,15.0,75.0
2015-09-05 06:00:00,5,5.0,100.0
2015-09-05 07:00:00,1,1.0,100.0
2015-09-05 08:00:00,8,8.0,100.0
2015-09-05 09:00:00,2,2.0,100.0
2015-09-05 10:00:00,2,2.0,100.0
2015-09-05 11:00:00,1,1.0,100.0
2015-09-05 12:00:00,2,2.0,100.0
2015-09-05 13:00:00,5,5.0,100.0
2015-09-05 14:00:00,6,5.0,83.33333333333334
2015-09-05 15:00:00,12,5.0,41.66666666666667
2015-09-05 16:00:00,19,14.0,73.68421052631578
2015-09-05 17:00:00,26,18.0,69.23076923076923
2015-09-05 18:00:00,23,16.0,69.56521739130434
2015-09-05 19:00:00,24,15.0,62.5
2015-09-05 20:00:00,22,14.0,63.63636363636363
2015-09-05 21:00:00,20,15.0,75.0
2015-09-05 22:00:00,13,12.0,92.3076923076923
2015-09-05 23:00:00,18,14.0,77.77777777777779
2015-09-06 00:00:00,18,14.0,77.77777777777779
2015-09-06 01:00:00,21,18.0,85.71428571428571
2015-09-06 02:00:00,10,4.0,40.0
2015-09-06 03:00:00,14,12.0,85.71428571428571
2015-09-06 04:00:00,23,20.0,86.95652173913044
2015-09-06 05:00:00,18,12.0,66.66666666666666
2015-09-06 06:00:00,9,8.0,88.88888888888889
2015-09-06 07:00:00,3,3.0,100.0
2015-09-06 08:00:00,6,6.0,100.0
2015-09-06 09:00:00,9,5.0,55.55555555555556
2015-09-06 11:00:00,6,4.0,66.66666666666666
2015-09-06 12:00:00,2,2.0,100.0
2015-09-06 13:00:00,7,7.0,100.0
2015-09-06 14:00:00,4,4.0,100.0
2015-09-06 15:00:00,7,6.0,85.71428571428571
2015-09-06 16:00:00,11,10.0,90.9090909090909
2015-09-06 17:00:00,17,13.0,76.47058823529412
2015-09-06 18:00:00,28,23.0,82.14285714285714
2015-09-06 19:00:00,21,16.0,76.19047619047619
2015-09-06 20:00:00,25,21.0,84.0
2015-09-06 21:00:00,33,24.0,72.72727272727273
2015-09-06 22:00:00,27,20.0,74.07407407407408
2015-09-06 23:00:00,18,11.0,61.111111111111114
2015-09-07 00:00:00,17,14.0,82.35294117647058
2015-09-07 01:00:00,67,60.0,89.55223880597015
2015-09-07 02:00:00,18,10.0,55.55555555555556
2015-09-07 03:00:00,41,23.0,56.09756097560976
2015-09-07 04:00:00,21,17.0,80.95238095238095
2015-09-07 05:00:00,7,5.0,71.42857142857143
2015-09-07 06:00:00,9,6.0,66.66666666666666
2015-09-07 07:00:00,4,4.0,100.0
2015-09-07 08:00:00,1,1.0,100.0
2015-09-07 09:00:00,9,7.0,77.77777777777779
2015-09-07 10:00:00,2,1.0,50.0
2015-09-07 11:00:00,1,1.0,100.0
2015-09-07 12:00:00,3,3.0,100.0
2015-09-07 13:00:00,3,2.0,66.66666666666666
2015-09-07 14:00:00,8,3.0,37.5
2015-09-07 15:00:00,23,19.0,82.6086956521739
2015-09-07 16:00:00,30,16.0,53.333333333333336
2015-09-07 17:00:00,41,23.0,56.09756097560976
2015-09-07 18:00:00,27,19.0,70.37037037037037
2015-09-07 19:00:00,28,20.0,71.42857142857143
2015-09-07 20:00:00,47,33.0,70.2127659574468
2015-09-07 21:00:00,28,16.0,57.14285714285714
2015-09-07 22:00:00,38,29.0,76.31578947368422
2015-09-07 23:00:00,30,26.0,86.66666666666667
2015-09-08 00:00:00,21,16.0,76.19047619047619
2015-09-08 01:00:00,21,17.0,80.95238095238095
2015-09-08 02:00:00,26,18.0,69.23076923076923
2015-09-08 03:00:00,21,18.0,85.71428571428571
2015-09-08 04:00:00,20,15.0,75.0
2015-09-08 05:00:00,14,9.0,64.28571428571429
2015-09-08 06:00:00,10,9.0,90.0
2015-09-08 07:00:00,8,4.0,50.0
2015-09-08 08:00:00,1,1.0,100.0
2015-09-08 09:00:00,2,2.0,100.0
2015-09-08 10:00:00,3,2.0,66.66666666666666
2015-09-08 11:00:00,1,1.0,100.0
2015-09-08 12:00:00,2,1.0,50.0
2015-09-08 13:00:00,5,5.0,100.0
2015-09-08 14:00:00,17,15.0,88.23529411764706
2015-09-08 15:00:00,21,17.0,80.95238095238095
2015-09-08 16:00:00,29,19.0,65.51724137931035
2015-09-08 17:00:00,38,24.0,63.1578947368421
2015-09-08 18:00:00,26,17.0,65.38461538461539
2015-09-08 19:00:00,31,16.0,51.61290322580645
2015-09-08 20:00:00,37,28.0,75.67567567567568
2015-09-08 21:00:00,28,19.0,67.85714285714286
2015-09-08 22:00:00,42,34.0,80.95238095238095
2015-09-08 23:00:00,26,15.0,57.692307692307686
2015-09-09 00:00:00,36,24.0,66.66666666666666
2015-09-09 01:00:00,26,18.0,69.23076923076923
2015-09-09 02:00:00,22,16.0,72.72727272727273
2015-09-09 03:00:00,23,20.0,86.95652173913044
2015-09-09 04:00:00,28,22.0,78.57142857142857
2015-09-09 05:00:00,10,6.0,60.0
2015-09-09 06:00:00,16,14.0,87.5
2015-09-09 07:00:00,6,3.0,50.0
2015-09-09 08:00:00,1,1.0,100.0
2015-09-09 09:00:00,3,2.0,66.66666666666666
2015-09-09 10:00:00,6,6.0,100.0
2015-09-09 11:00:00,6,6.0,100.0
2015-09-09 12:00:00,1,1.0,100.0
2015-09-09 13:00:00,2,1.0,50.0
2015-09-09 14:00:00,14,11.0,78.57142857142857
2015-09-09 15:00:00,34,29.0,85.29411764705883
2015-09-09 16:00:00,43,20.0,46.51162790697674
2015-09-09 17:00:00,30,16.0,53.333333333333336
2015-09-09 18:00:00,44,23.0,52.27272727272727
2015-09-09 19:00:00,37,29.0,78.37837837837837
2015-09-09 20:00:00,35,26.0,74.28571428571429
2015-09-09 21:00:00,21,10.0,47.61904761904761
2015-09-09 22:00:00,58,44.0,75.86206896551724
2015-09-09 23:00:00,22,14.0,63.63636363636363
2015-09-10 00:00:00,23,18.0,78.26086956521739
2015-09-10 01:00:00,21,17.0,80.95238095238095
2015-09-10 02:00:00,19,14.0,73.68421052631578
2015-09-10 03:00:00,22,13.0,59.09090909090909
2015-09-10 04:00:00,18,12.0,66.66666666666666
2015-09-10 05:00:00,15,6.0,40.0
2015-09-10 06:00:00,3,3.0,100.0
2015-09-10 07:00:00,7,2.0,28.57142857142857
2015-09-10 08:00:00,4,2.0,50.0
2015-09-10 09:00:00,2,2.0,100.0
2015-09-10 10:00:00,5,5.0,100.0
2015-09-10 11:00:00,5,5.0,100.0
2015-09-10 12:00:00,4,4.0,100.0
2015-09-10 13:00:00,6,4.0,66.66666666666666
2015-09-10 14:00:00,14,13.0,92.85714285714286
2015-09-10 15:00:00,31,18.0,58.06451612903226
2015-09-10 16:00:00,21,7.0,33.33333333333333
2015-09-10 17:00:00,27,14.0,51.85185185185185
2015-09-10 18:00:00,20,12.0,60.0
2015-09-10 19:00:00,19,11.0,57.89473684210527
2015-09-10 20:00:00,39,32.0,82.05128205128204
2015-09-10 21:00:00,50,35.0,70.0
2015-09-10 22:00:00,40,29.0,72.5
2015-09-10 23:00:00,30,22.0,73.33333333333333
2015-09-11 00:00:00,44,37.0,84.0909090909091
2015-09-11 01:00:00,32,26.0,81.25
2015-09-11 02:00:00,21,17.0,80.95238095238095
2015-09-11 03:00:00,42,34.0,80.95238095238095
2015-09-11 04:00:00,28,22.0,78.57142857142857
2015-09-11 05:00:00,20,16.0,80.0
2015-09-11 06:00:00,31,28.0,90.32258064516128
2015-09-11 07:00:00,2,1.0,50.0
2015-09-11 08:00:00,2,2.0,100.0
2015-09-11 09:00:00,16,16.0,100.0
2015-09-11 10:00:00,3,2.0,66.66666666666666
2015-09-11 11:00:00,12,7.0,58.333333333333336
2015-09-11 12:00:00,6,5.0,83.33333333333334
2015-09-11 13:00:00,15,13.0,86.66666666666667
2015-09-11 14:00:00,9,7.0,77.77777777777779
2015-09-11 15:00:00,26,18.0,69.23076923076923
2015-09-11 16:00:00,30,16.0,53.333333333333336
2015-09-11 17:00:00,39,31.0,79.48717948717949
2015-09-11 18:00:00,37,22.0,59.45945945945946
2015-09-11 19:00:00,27,16.0,59.25925925925925
2015-09-11 20:00:00,33,17.0,51.515151515151516
2015-09-11 21:00:00,43,29.0,67.44186046511628
2015-09-11 22:00:00,16,12.0,75.0
2015-09-11 23:00:00,26,13.0,50.0
2015-09-12 00:00:00,21,16.0,76.19047619047619
2015-09-12 01:00:00,23,19.0,82.6086956521739
2015-09-12 02:00:00,12,9.0,75.0
2015-09-12 03:00:00,22,19.0,86.36363636363636
2015-09-12 04:00:00,14,13.0,92.85714285714286
2015-09-12 05:00:00,12,12.0,100.0
2015-09-12 06:00:00,12,11.0,91.66666666666666
2015-09-12 07:00:00,9,7.0,77.77777777777779
2015-09-12 08:00:00,4,4.0,100.0
2015-09-12 09:00:00,2,2.0,100.0
2015-09-12 10:00:00,1,1.0,100.0
2015-09-12 11:00:00,1,1.0,100.0
2015-09-12 12:00:00,1,1.0,100.0
2015-09-12 13:00:00,6,4.0,66.66666666666666
2015-09-12 14:00:00,7,6.0,85.71428571428571
2015-09-12 15:00:00,13,8.0,61.53846153846154
2015-09-12 16:00:00,15,10.0,66.66666666666666
2015-09-12 17:00:00,25,14.0,56.00000000000001
2015-09-12 18:00:00,22,15.0,68.18181818181817
2015-09-12 19:00:00,22,18.0,81.81818181818183
2015-09-12 20:00:00,24,17.0,70.83333333333334
2015-09-12 21:00:00,18,13.0,72.22222222222221
2015-09-12 22:00:00,19,12.0,63.1578947368421
2015-09-12 23:00:00,28,21.0,75.0
2015-09-13 00:00:00,13,8.0,61.53846153846154
2015-09-13 01:00:00,12,10.0,83.33333333333334
2015-09-13 02:00:00,8,4.0,50.0
2015-09-13 03:00:00,11,9.0,81.81818181818183
2015-09-13 04:00:00,10,9.0,90.0
2015-09-13 05:00:00,12,10.0,83.33333333333334
2015-09-13 06:00:00,11,11.0,100.0
2015-09-13 07:00:00,13,12.0,92.3076923076923
2015-09-13 08:00:00,3,3.0,100.0
2015-09-13 09:00:00,10,9.0,90.0
2015-09-13 10:00:00,3,3.0,100.0
2015-09-13 11:00:00,1,1.0,100.0
2015-09-13 12:00:00,7,7.0,100.0
2015-09-13 13:00:00,5,5.0,100.0
2015-09-13 14:00:00,9,7.0,77.77777777777779
2015-09-13 15:00:00,32,24.0,75.0
2015-09-13 16:00:00,38,31.0,81.57894736842105
2015-09-13 17:00:00,23,15.0,65.21739130434783
2015-09-13 18:00:00,23,14.0,60.86956521739131
2015-09-13 19:00:00,34,30.0,88.23529411764706
2015-09-13 20:00:00,38,32.0,84.21052631578947
2015-09-13 21:00:00,11,9.0,81.81818181818183
2015-09-13 22:00:00,24,19.0,79.16666666666666
2015-09-13 23:00:00,19,13.0,68.42105263157895
2015-09-14 00:00:00,27,16.0,59.25925925925925
2015-09-14 01:00:00,17,14.0,82.35294117647058
2015-09-14 02:00:00,16,12.0,75.0
2015-09-14 03:00:00,15,8.0,53.333333333333336
2015-09-14 04:00:00,15,12.0,80.0
2015-09-14 05:00:00,21,19.0,90.47619047619048
2015-09-14 06:00:00,9,6.0,66.66666666666666
2015-09-14 07:00:00,4,2.0,50.0
2015-09-14 08:00:00,2,2.0,100.0
2015-09-14 09:00:00,1,1.0,100.0
2015-09-14 10:00:00,4,3.0,75.0
2015-09-14 12:00:00,2,2.0,100.0
2015-09-14 13:00:00,15,12.0,80.0
2015-09-14 14:00:00,9,8.0,88.88888888888889
2015-09-14 15:00:00,19,13.0,68.42105263157895
2015-09-14 16:00:00,25,15.0,60.0
2015-09-14 17:00:00,41,32.0,78.04878048780488
2015-09-14 18:00:00,28,19.0,67.85714285714286
2015-09-14 19:00:00,36,17.0,47.22222222222222
2015-09-14 20:00:00,28,23.0,82.14285714285714
2015-09-14 21:00:00,23,16.0,69.56521739130434
2015-09-14 22:00:00,36,22.0,61.111111111111114
2015-09-14 23:00:00,19,15.0,78.94736842105263
2015-09-15 00:00:00,21,12.0,57.14285714285714
2015-09-15 01:00:00,32,25.0,78.125
2015-09-15 02:00:00,25,14.0,56.00000000000001
2015-09-15 03:00:00,32,26.0,81.25
2015-09-15 04:00:00,20,17.0,85.0
2015-09-15 05:00:00,19,12.0,63.1578947368421
2015-09-15 06:00:00,17,11.0,64.70588235294117
2015-09-15 07:00:00,2,2.0,100.0
2015-09-15 08:00:00,1,1.0,100.0
2015-09-15 09:00:00,8,8.0,100.0
2015-09-15 10:00:00,3,2.0,66.66666666666666
2015-09-15 11:00:00,4,4.0,100.0
2015-09-15 12:00:00,4,4.0,100.0
2015-09-15 13:00:00,14,13.0,92.85714285714286
2015-09-15 14:00:00,10,5.0,50.0
2015-09-15 15:00:00,20,11.0,55.00000000000001
2015-09-15 16:00:00,37,23.0,62.16216216216216
2015-09-15 17:00:00,37,29.0,78.37837837837837
2015-09-15 18:00:00,25,16.0,64.0
2015-09-15 19:00:00,74,64.0,86.48648648648648
2015-09-15 20:00:00,87,77.0,88.50574712643679
2015-09-15 21:00:00,30,23.0,76.66666666666667
2015-09-15 22:00:00,12,5.0,41.66666666666667
2015-09-15 23:00:00,10,8.0,80.0
2015-09-16 00:00:00,17,11.0,64.70588235294117
2015-09-16 01:00:00,20,8.0,40.0
2015-09-16 02:00:00,10,7.0,70.0
2015-09-16 03:00:00,14,12.0,85.71428571428571
2015-09-16 04:00:00,10,6.0,60.0
2015-09-16 05:00:00,10,8.0,80.0
2015-09-16 06:00:00,1,1.0,100.0
2015-09-16 07:00:00,8,7.0,87.5
2015-09-16 08:00:00,2,2.0,100.0
2015-09-16 09:00:00,6,4.0,66.66666666666666
2015-09-16 10:00:00,1,1.0,100.0
2015-09-16 11:00:00,1,1.0,100.0
2015-09-16 12:00:00,1,1.0,100.0
2015-09-16 13:00:00,8,5.0,62.5
2015-09-16 14:00:00,13,11.0,84.61538461538461
2015-09-16 15:00:00,18,13.0,72.22222222222221
2015-09-16 16:00:00,22,18.0,81.81818181818183
2015-09-16 17:00:00,25,11.0,44.0
2015-09-16 18:00:00,23,16.0,69.56521739130434
2015-09-16 19:00:00,24,11.0,45.83333333333333
2015-09-16 20:00:00,22,15.0,68.18181818181817
2015-09-16 21:00:00,24,10.0,41.66666666666667
2015-09-16 22:00:00,15,12.0,80.0
2015-09-16 23:00:00,15,7.0,46.666666666666664
2015-09-17 00:00:00,11,8.0,72.72727272727273
2015-09-17 01:00:00,12,11.0,91.66666666666666
2015-09-17 02:00:00,3,1.0,33.33333333333333
2015-09-17 03:00:00,21,21.0,100.0
2015-09-17 04:00:00,12,11.0,91.66666666666666
2015-09-17 05:00:00,10,10.0,100.0
2015-09-17 06:00:00,6,5.0,83.33333333333334
2015-09-17 13:00:00,3,2.0,66.66666666666666
2015-09-17 14:00:00,7,6.0,85.71428571428571
2015-09-17 15:00:00,20,16.0,80.0
2015-09-17 16:00:00,18,15.0,83.33333333333334
2015-09-17 17:00:00,20,9.0,45.0
2015-09-17 18:00:00,15,8.0,53.333333333333336
2015-09-17 19:00:00,18,17.0,94.44444444444444
2015-09-17 20:00:00,15,15.0,100.0
2015-09-17 21:00:00,26,26.0,100.0
2015-09-17 22:00:00,9,9.0,100.0
2015-09-17 23:00:00,6,6.0,100.0
2015-09-18 00:00:00,14,11.0,78.57142857142857
2015-09-18 01:00:00,6,3.0,50.0
2015-09-18 02:00:00,7,4.0,57.14285714285714
