hour,addtocart_count,transaction_count,view_count,total_event_count
2015-05-03 03:00:00,31,2,989,1022
2015-05-03 04:00:00,20,6,912,938
2015-05-03 05:00:00,17,5,794,816
2015-05-03 06:00:00,9,2,555,566
2015-05-03 07:00:00,0,4,197,201
2015-05-03 08:00:00,2,1,165,168
2015-05-03 09:00:00,2,0,112,114
2015-05-03 10:00:00,1,0,94,95
2015-05-03 11:00:00,1,0,106,107
2015-05-03 12:00:00,7,0,160,167
2015-05-03 13:00:00,2,0,285,287
2015-05-03 14:00:00,5,2,447,454
2015-05-03 15:00:00,17,7,681,705
2015-05-03 16:00:00,23,11,797,831
2015-05-03 17:00:00,23,9,894,926
2015-05-03 18:00:00,15,4,972,991
2015-05-03 19:00:00,14,1,984,999
2015-05-03 20:00:00,30,8,946,984
2015-05-03 21:00:00,20,6,1058,1084
2015-05-03 22:00:00,32,10,1097,1139
2015-05-03 23:00:00,25,5,1059,1089
2015-05-04 00:00:00,32,11,1072,1115
2015-05-04 01:00:00,14,3,979,996
2015-05-04 02:00:00,30,2,1052,1084
2015-05-04 03:00:00,25,5,1050,1080
2015-05-04 04:00:00,40,5,1101,1146
2015-05-04 05:00:00,19,2,970,991
2015-05-04 06:00:00,24,6,606,636
2015-05-04 07:00:00,4,1,331,336
2015-05-04 08:00:00,4,1,153,158
2015-05-04 09:00:00,2,0,166,168
2015-05-04 10:00:00,0,0,111,111
2015-05-04 11:00:00,0,0,122,122
2015-05-04 12:00:00,9,0,185,194
2015-05-04 13:00:00,9,0,301,310
2015-05-04 14:00:00,10,3,456,469
2015-05-04 15:00:00,14,6,750,770
2015-05-04 16:00:00,23,8,972,1003
2015-05-04 17:00:00,42,13,1187,1242
2015-05-04 18:00:00,36,19,1251,1306
2015-05-04 19:00:00,47,13,1192,1252
2015-05-04 20:00:00,39,14,1098,1151
2015-05-04 21:00:00,59,10,1258,1327
2015-05-04 22:00:00,57,17,1196,1270
2015-05-04 23:00:00,40,15,1122,1177
2015-05-05 00:00:00,33,5,1145,1183
2015-05-05 01:00:00,29,15,1293,1337
2015-05-05 02:00:00,17,7,1388,1412
2015-05-05 03:00:00,31,5,1313,1349
2015-05-05 04:00:00,23,11,1212,1246
2015-05-05 05:00:00,25,12,1005,1042
2015-05-05 06:00:00,6,1,591,598
2015-05-05 07:00:00,10,3,305,318
2015-05-05 08:00:00,2,1,179,182
2015-05-05 09:00:00,9,0,116,125
2015-05-05 10:00:00,2,1,96,99
2015-05-05 11:00:00,1,0,114,115
2015-05-05 12:00:00,2,1,233,236
2015-05-05 13:00:00,7,3,359,369
2015-05-05 14:00:00,15,6,664,685
2015-05-05 15:00:00,19,11,1060,1090
2015-05-05 16:00:00,32,20,1410,1462
2015-05-05 17:00:00,38,15,1434,1487
2015-05-05 18:00:00,54,27,1502,1583
2015-05-05 19:00:00,39,18,1509,1566
2015-05-05 20:00:00,52,12,1492,1556
2015-05-05 21:00:00,15,15,854,884
2015-05-05 22:00:00,39,11,1572,1622
2015-05-05 23:00:00,65,25,1379,1469
2015-05-06 00:00:00,45,16,1273,1334
2015-05-06 01:00:00,32,18,1210,1260
2015-05-06 02:00:00,30,8,1229,1267
2015-05-06 03:00:00,31,5,1284,1320
2015-05-06 04:00:00,27,12,1292,1331
2015-05-06 05:00:00,28,2,958,988
2015-05-06 06:00:00,15,3,650,668
2015-05-06 07:00:00,5,1,299,305
2015-05-06 08:00:00,10,0,158,168
2015-05-06 09:00:00,3,0,126,129
2015-05-06 10:00:00,5,1,98,104
2015-05-06 11:00:00,4,5,162,171
2015-05-06 12:00:00,4,0,274,278
2015-05-06 13:00:00,11,2,401,414
2015-05-06 14:00:00,17,4,730,751
2015-05-06 15:00:00,41,26,1126,1193
2015-05-06 16:00:00,45,24,1444,1513
2015-05-06 17:00:00,65,21,1462,1548
2015-05-06 18:00:00,42,23,1489,1554
2015-05-06 19:00:00,45,18,1518,1581
2015-05-06 20:00:00,34,21,1620,1675
2015-05-06 21:00:00,41,14,1530,1585
2015-05-06 22:00:00,26,14,1433,1473
2015-05-06 23:00:00,41,20,1249,1310
2015-05-07 00:00:00,27,15,1181,1223
2015-05-07 01:00:00,25,10,1173,1208
2015-05-07 02:00:00,32,10,1232,1274
2015-05-07 03:00:00,35,7,1167,1209
2015-05-07 04:00:00,27,4,1285,1316
2015-05-07 05:00:00,20,4,963,987
2015-05-07 06:00:00,12,7,640,659
2015-05-07 07:00:00,10,4,296,310
2015-05-07 08:00:00,4,1,174,179
2015-05-07 09:00:00,0,0,132,132
2015-05-07 10:00:00,0,0,108,108
2015-05-07 11:00:00,0,0,130,130
2015-05-07 12:00:00,2,0,241,243
2015-05-07 13:00:00,7,3,340,350
2015-05-07 14:00:00,11,6,652,669
2015-05-07 15:00:00,32,22,1144,1198
2015-05-07 16:00:00,31,13,1358,1402
2015-05-07 17:00:00,44,11,1415,1470
2015-05-07 18:00:00,60,10,1602,1672
2015-05-07 19:00:00,71,33,1513,1617
2015-05-07 20:00:00,42,22,1631,1695
2015-05-07 21:00:00,40,16,1385,1441
2015-05-07 22:00:00,27,11,1403,1441
2015-05-07 23:00:00,19,8,1204,1231
2015-05-08 00:00:00,29,5,1137,1171
2015-05-08 01:00:00,28,4,1064,1096
2015-05-08 02:00:00,37,17,1015,1069
2015-05-08 03:00:00,28,18,1031,1077
2015-05-08 04:00:00,19,3,1044,1066
2015-05-08 05:00:00,19,6,805,830
2015-05-08 06:00:00,16,3,514,533
2015-05-08 07:00:00,3,0,276,279
2015-05-08 08:00:00,5,0,126,131
2015-05-08 09:00:00,0,0,121,121
2015-05-08 10:00:00,5,0,87,92
2015-05-08 11:00:00,1,0,201,202
2015-05-08 12:00:00,6,0,285,291
2015-05-08 13:00:00,30,1,449,480
2015-05-08 14:00:00,32,1,649,682
2015-05-08 15:00:00,23,4,898,925
2015-05-08 16:00:00,26,5,1195,1226
2015-05-08 17:00:00,32,6,1128,1166
2015-05-08 18:00:00,34,6,1246,1286
2015-05-08 19:00:00,45,4,1190,1239
2015-05-08 20:00:00,42,18,1254,1314
2015-05-08 21:00:00,32,9,1156,1197
2015-05-08 22:00:00,19,11,1002,1032
2015-05-08 23:00:00,21,5,893,919
2015-05-09 00:00:00,36,5,918,959
2015-05-09 01:00:00,28,4,941,973
2015-05-09 02:00:00,50,8,975,1033
2015-05-09 03:00:00,10,11,871,892
2015-05-09 04:00:00,17,4,912,933
2015-05-09 05:00:00,6,0,674,680
2015-05-09 06:00:00,11,0,428,439
2015-05-09 07:00:00,2,0,286,288
2015-05-09 08:00:00,8,6,175,189
2015-05-09 09:00:00,0,0,97,97
2015-05-09 10:00:00,0,0,99,99
2015-05-09 11:00:00,3,0,133,136
2015-05-09 12:00:00,1,0,177,178
2015-05-09 13:00:00,2,0,220,222
2015-05-09 14:00:00,7,0,329,336
2015-05-09 15:00:00,9,3,525,537
2015-05-09 16:00:00,9,2,493,504
2015-05-09 17:00:00,11,3,500,514
2015-05-09 18:00:00,10,5,608,623
2015-05-09 19:00:00,8,0,619,627
2015-05-09 20:00:00,9,5,571,585
2015-05-09 21:00:00,10,2,542,554
2015-05-09 22:00:00,17,2,559,578
2015-05-09 23:00:00,15,3,701,719
2015-05-10 00:00:00,36,3,531,570
2015-05-10 01:00:00,16,6,639,661
2015-05-10 02:00:00,50,3,594,647
2015-05-10 03:00:00,9,2,543,554
2015-05-10 04:00:00,11,2,555,568
2015-05-10 05:00:00,3,0,435,438
2015-05-10 06:00:00,9,1,321,331
2015-05-10 07:00:00,3,0,213,216
2015-05-10 08:00:00,1,0,140,141
2015-05-10 09:00:00,1,0,111,112
2015-05-10 10:00:00,0,0,69,69
2015-05-10 11:00:00,3,0,71,74
2015-05-10 12:00:00,5,3,128,136
2015-05-10 13:00:00,8,3,255,266
2015-05-10 14:00:00,7,1,413,421
2015-05-10 15:00:00,9,3,552,564
2015-05-10 16:00:00,11,4,653,668
2015-05-10 17:00:00,18,1,727,746
2015-05-10 18:00:00,24,1,838,863
2015-05-10 19:00:00,25,6,843,874
2015-05-10 20:00:00,14,8,809,831
2015-05-10 21:00:00,15,6,750,771
2015-05-10 22:00:00,12,5,788,805
2015-05-10 23:00:00,22,2,793,817
2015-05-11 00:00:00,19,5,802,826
2015-05-11 01:00:00,18,4,794,816
2015-05-11 02:00:00,10,3,885,898
2015-05-11 03:00:00,12,4,924,940
2015-05-11 04:00:00,31,8,852,891
2015-05-11 05:00:00,19,4,735,758
2015-05-11 06:00:00,10,2,540,552
2015-05-11 07:00:00,4,0,288,292
2015-05-11 08:00:00,1,0,202,203
2015-05-11 09:00:00,3,1,107,111
2015-05-11 10:00:00,1,0,103,104
2015-05-11 11:00:00,7,0,143,150
2015-05-11 12:00:00,2,0,171,173
2015-05-11 13:00:00,9,0,260,269
2015-05-11 14:00:00,40,2,458,500
2015-05-11 15:00:00,3,0,625,628
2015-05-11 16:00:00,15,3,878,896
2015-05-11 17:00:00,18,4,997,1019
2015-05-11 18:00:00,24,7,998,1029
2015-05-11 19:00:00,29,8,1113,1150
2015-05-11 20:00:00,24,10,944,978
2015-05-11 21:00:00,28,4,1011,1043
2015-05-11 22:00:00,46,9,931,986
2015-05-11 23:00:00,17,6,943,966
2015-05-12 00:00:00,26,6,1033,1065
2015-05-12 01:00:00,27,7,1076,1110
2015-05-12 02:00:00,26,10,1166,1202
2015-05-12 03:00:00,26,3,1251,1280
2015-05-12 04:00:00,15,0,1192,1207
2015-05-12 05:00:00,17,2,798,817
2015-05-12 06:00:00,7,1,421,429
2015-05-12 07:00:00,6,1,308,315
2015-05-12 08:00:00,0,0,153,153
2015-05-12 09:00:00,2,1,107,110
2015-05-12 10:00:00,0,0,129,129
2015-05-12 11:00:00,4,0,130,134
2015-05-12 12:00:00,1,2,208,211
2015-05-12 13:00:00,10,2,385,397
2015-05-12 14:00:00,11,6,615,632
2015-05-12 15:00:00,29,20,987,1036
2015-05-12 16:00:00,48,15,1265,1328
2015-05-12 17:00:00,47,15,1418,1480
2015-05-12 18:00:00,71,17,1462,1550
2015-05-12 19:00:00,41,17,1478,1536
2015-05-12 20:00:00,37,14,1552,1603
2015-05-12 21:00:00,48,19,1528,1595
2015-05-12 22:00:00,43,8,1507,1558
2015-05-12 23:00:00,35,20,1442,1497
2015-05-13 00:00:00,37,9,1103,1149
2015-05-13 01:00:00,24,6,1125,1155
2015-05-13 02:00:00,25,5,1195,1225
2015-05-13 03:00:00,26,6,1242,1274
2015-05-13 04:00:00,11,2,1060,1073
2015-05-13 05:00:00,20,5,867,892
2015-05-13 06:00:00,10,8,582,600
2015-05-13 07:00:00,4,1,309,314
2015-05-13 08:00:00,1,0,150,151
2015-05-13 09:00:00,2,0,113,115
2015-05-13 10:00:00,1,0,139,140
2015-05-13 11:00:00,3,1,145,149
2015-05-13 12:00:00,2,1,210,213
2015-05-13 13:00:00,3,2,331,336
2015-05-13 14:00:00,10,2,738,750
2015-05-13 15:00:00,35,10,1150,1195
2015-05-13 16:00:00,34,11,1245,1290
2015-05-13 17:00:00,39,23,1588,1650
2015-05-13 18:00:00,63,22,1454,1539
2015-05-13 19:00:00,38,11,1615,1664
2015-05-13 20:00:00,46,23,1817,1886
2015-05-13 21:00:00,47,20,1721,1788
2015-05-13 22:00:00,68,26,1650,1744
2015-05-13 23:00:00,35,14,1426,1475
2015-05-14 00:00:00,34,14,1234,1282
2015-05-14 01:00:00,25,2,1131,1158
2015-05-14 02:00:00,23,9,1309,1341
2015-05-14 03:00:00,29,6,1212,1247
2015-05-14 04:00:00,31,13,1336,1380
2015-05-14 05:00:00,24,10,971,1005
2015-05-14 06:00:00,19,1,610,630
2015-05-14 07:00:00,5,3,324,332
2015-05-14 08:00:00,0,0,153,153
2015-05-14 09:00:00,2,2,111,115
2015-05-14 10:00:00,3,0,89,92
2015-05-14 11:00:00,1,0,83,84
2015-05-14 12:00:00,7,0,218,225
2015-05-14 13:00:00,11,4,452,467
2015-05-14 14:00:00,20,5,780,805
2015-05-14 15:00:00,36,10,1200,1246
2015-05-14 16:00:00,56,36,1371,1463
2015-05-14 17:00:00,58,19,1545,1622
2015-05-14 18:00:00,66,51,1614,1731
2015-05-14 19:00:00,53,15,1425,1493
2015-05-14 20:00:00,49,11,1619,1679
2015-05-14 21:00:00,62,27,1649,1738
2015-05-14 22:00:00,35,10,1474,1519
2015-05-14 23:00:00,20,8,1321,1349
2015-05-15 00:00:00,16,6,1122,1144
2015-05-15 01:00:00,9,7,1062,1078
2015-05-15 02:00:00,28,5,1041,1074
2015-05-15 03:00:00,23,8,1106,1137
2015-05-15 04:00:00,11,7,952,970
2015-05-15 05:00:00,27,13,967,1007
2015-05-15 06:00:00,14,17,525,556
2015-05-15 07:00:00,6,0,333,339
2015-05-15 08:00:00,12,1,201,214
2015-05-15 09:00:00,0,0,145,145
2015-05-15 10:00:00,6,2,121,129
2015-05-15 11:00:00,5,0,146,151
2015-05-15 12:00:00,10,2,250,262
2015-05-15 13:00:00,6,1,407,414
2015-05-15 14:00:00,13,2,650,665
2015-05-15 15:00:00,26,7,1053,1086
2015-05-15 16:00:00,30,7,1238,1275
2015-05-15 17:00:00,39,9,1417,1465
2015-05-15 18:00:00,50,20,1535,1605
2015-05-15 19:00:00,43,23,1467,1533
2015-05-15 20:00:00,47,9,1609,1665
2015-05-15 21:00:00,35,14,1510,1559
2015-05-15 22:00:00,29,14,1373,1416
2015-05-15 23:00:00,26,11,1268,1305
2015-05-16 00:00:00,27,14,1040,1081
2015-05-16 01:00:00,13,4,1012,1029
2015-05-16 02:00:00,21,5,1106,1132
2015-05-16 03:00:00,20,8,1139,1167
2015-05-16 04:00:00,17,2,969,988
2015-05-16 05:00:00,9,3,950,962
2015-05-16 06:00:00,8,0,592,600
2015-05-16 07:00:00,32,5,376,413
2015-05-16 08:00:00,20,1,180,201
2015-05-16 09:00:00,1,1,100,102
2015-05-16 10:00:00,1,1,95,97
2015-05-16 11:00:00,3,0,153,156
2015-05-16 12:00:00,3,0,209,212
2015-05-16 13:00:00,14,1,337,352
2015-05-16 14:00:00,9,2,475,486
2015-05-16 15:00:00,18,3,683,704
2015-05-16 16:00:00,20,7,901,928
2015-05-16 17:00:00,21,9,1099,1129
2015-05-16 18:00:00,16,11,1179,1206
2015-05-16 19:00:00,31,18,1376,1425
2015-05-16 20:00:00,23,3,1129,1155
2015-05-16 21:00:00,22,9,1221,1252
2015-05-16 22:00:00,32,11,1206,1249
2015-05-16 23:00:00,36,12,1239,1287
2015-05-17 00:00:00,52,14,1228,1294
2015-05-17 01:00:00,25,11,1208,1244
2015-05-17 02:00:00,28,11,1184,1223
2015-05-17 03:00:00,28,12,1184,1224
2015-05-17 04:00:00,14,10,946,970
2015-05-17 05:00:00,18,3,974,995
2015-05-17 06:00:00,11,0,692,703
2015-05-17 07:00:00,7,2,461,470
2015-05-17 08:00:00,1,0,222,223
2015-05-17 09:00:00,13,3,154,170
2015-05-17 10:00:00,0,1,125,126
2015-05-17 11:00:00,3,0,125,128
2015-05-17 12:00:00,1,0,189,190
2015-05-17 13:00:00,5,0,292,297
2015-05-17 14:00:00,10,0,609,619
2015-05-17 15:00:00,17,5,738,760
2015-05-17 16:00:00,22,14,957,993
2015-05-17 17:00:00,27,7,1245,1279
2015-05-17 18:00:00,28,13,1246,1287
2015-05-17 19:00:00,30,18,1306,1354
2015-05-17 20:00:00,39,13,1229,1281
2015-05-17 21:00:00,45,15,1223,1283
2015-05-17 22:00:00,43,12,1297,1352
2015-05-17 23:00:00,27,5,1382,1414
2015-05-18 00:00:00,30,9,1461,1500
2015-05-18 01:00:00,36,6,1609,1651
2015-05-18 02:00:00,33,14,1570,1617
2015-05-18 03:00:00,25,4,1356,1385
2015-05-18 04:00:00,19,10,1298,1327
2015-05-18 05:00:00,32,6,1060,1098
2015-05-18 06:00:00,30,6,732,768
2015-05-18 07:00:00,8,2,369,379
2015-05-18 08:00:00,1,0,184,185
2015-05-18 09:00:00,1,0,103,104
2015-05-18 10:00:00,1,0,88,89
2015-05-18 11:00:00,0,1,139,140
2015-05-18 12:00:00,3,0,241,244
2015-05-18 13:00:00,18,3,432,453
2015-05-18 14:00:00,14,8,669,691
2015-05-18 15:00:00,29,26,1117,1172
2015-05-18 16:00:00,42,19,1525,1586
2015-05-18 17:00:00,58,29,1650,1737
2015-05-18 18:00:00,43,20,1775,1838
2015-05-18 19:00:00,43,14,1783,1840
2015-05-18 20:00:00,58,17,1902,1977
2015-05-18 21:00:00,48,26,1921,1995
2015-05-18 22:00:00,43,10,1727,1780
2015-05-18 23:00:00,35,15,1478,1528
2015-05-19 00:00:00,32,7,1361,1400
2015-05-19 01:00:00,26,7,1381,1414
2015-05-19 02:00:00,29,9,1470,1508
2015-05-19 03:00:00,19,2,1461,1482
2015-05-19 04:00:00,20,3,1421,1444
2015-05-19 05:00:00,31,6,970,1007
2015-05-19 06:00:00,18,2,631,651
2015-05-19 07:00:00,16,3,316,335
2015-05-19 08:00:00,3,1,233,237
2015-05-19 09:00:00,3,0,128,131
2015-05-19 10:00:00,3,0,160,163
2015-05-19 11:00:00,2,0,167,169
2015-05-19 12:00:00,4,0,276,280
2015-05-19 13:00:00,6,1,459,466
2015-05-19 14:00:00,7,2,742,751
2015-05-19 15:00:00,39,7,1200,1246
2015-05-19 16:00:00,30,17,1373,1420
2015-05-19 17:00:00,66,17,1759,1842
2015-05-19 18:00:00,53,13,1588,1654
2015-05-19 19:00:00,52,16,1814,1882
2015-05-19 20:00:00,59,27,1936,2022
2015-05-19 21:00:00,59,22,1795,1876
2015-05-19 22:00:00,42,21,1843,1906
2015-05-19 23:00:00,35,13,1465,1513
2015-05-20 00:00:00,15,7,1186,1208
2015-05-20 01:00:00,38,6,1200,1244
2015-05-20 02:00:00,14,5,1322,1341
2015-05-20 03:00:00,38,7,1394,1439
2015-05-20 04:00:00,30,4,1286,1320
2015-05-20 05:00:00,17,4,995,1016
2015-05-20 06:00:00,2,0,465,467
2015-05-20 07:00:00,3,2,336,341
2015-05-20 08:00:00,1,0,143,144
2015-05-20 09:00:00,8,0,123,131
2015-05-20 10:00:00,0,0,99,99
2015-05-20 11:00:00,3,2,128,133
2015-05-20 12:00:00,2,0,225,227
2015-05-20 13:00:00,3,2,413,418
2015-05-20 14:00:00,3,1,668,672
2015-05-20 15:00:00,17,5,1015,1037
2015-05-20 16:00:00,18,5,1210,1233
2015-05-20 17:00:00,15,8,1262,1285
2015-05-20 18:00:00,25,3,1256,1284
2015-05-20 19:00:00,25,12,1334,1371
2015-05-20 20:00:00,59,15,1493,1567
2015-05-20 21:00:00,29,15,1576,1620
2015-05-20 22:00:00,37,12,1317,1366
2015-05-20 23:00:00,21,10,1242,1273
2015-05-21 00:00:00,56,12,1256,1324
2015-05-21 01:00:00,88,5,1252,1345
2015-05-21 02:00:00,37,11,1187,1235
2015-05-21 03:00:00,21,4,1225,1250
2015-05-21 04:00:00,31,2,1119,1152
2015-05-21 05:00:00,18,6,927,951
2015-05-21 06:00:00,10,0,545,555
2015-05-21 07:00:00,5,1,294,300
2015-05-21 08:00:00,1,1,181,183
2015-05-21 09:00:00,4,1,119,124
2015-05-21 10:00:00,0,0,123,123
2015-05-21 11:00:00,3,0,154,157
2015-05-21 12:00:00,12,4,219,235
2015-05-21 13:00:00,4,2,372,378
2015-05-21 14:00:00,10,2,668,680
2015-05-21 15:00:00,31,5,1063,1099
2015-05-21 16:00:00,37,7,1287,1331
2015-05-21 17:00:00,37,26,1414,1477
2015-05-21 18:00:00,20,8,1230,1258
2015-05-21 19:00:00,19,9,1144,1172
2015-05-21 20:00:00,48,8,1367,1423
2015-05-21 21:00:00,18,10,1442,1470
2015-05-21 22:00:00,23,5,1315,1343
2015-05-21 23:00:00,19,2,1090,1111
2015-05-22 00:00:00,41,6,1062,1109
2015-05-22 01:00:00,20,0,921,941
2015-05-22 02:00:00,8,7,1198,1213
2015-05-22 03:00:00,19,1,1098,1118
2015-05-22 04:00:00,14,2,1114,1130
2015-05-22 05:00:00,16,10,985,1011
2015-05-22 06:00:00,15,4,574,593
2015-05-22 07:00:00,2,2,287,291
2015-05-22 08:00:00,4,0,158,162
2015-05-22 09:00:00,0,0,80,80
2015-05-22 10:00:00,1,1,133,135
2015-05-22 11:00:00,3,3,151,157
2015-05-22 12:00:00,8,2,227,237
2015-05-22 13:00:00,8,4,456,468
2015-05-22 14:00:00,9,4,737,750
2015-05-22 15:00:00,24,6,1060,1090
2015-05-22 16:00:00,45,7,1351,1403
2015-05-22 17:00:00,37,10,1286,1333
2015-05-22 18:00:00,49,13,1323,1385
2015-05-22 19:00:00,30,14,1354,1398
2015-05-22 20:00:00,38,26,1464,1528
2015-05-22 21:00:00,29,23,1335,1387
2015-05-22 22:00:00,23,5,1116,1144
2015-05-22 23:00:00,20,4,976,1000
2015-05-23 00:00:00,21,8,1020,1049
2015-05-23 01:00:00,34,14,1016,1064
2015-05-23 02:00:00,21,5,959,985
2015-05-23 03:00:00,13,3,972,988
2015-05-23 04:00:00,16,6,868,890
2015-05-23 05:00:00,17,5,723,745
2015-05-23 06:00:00,6,5,466,477
2015-05-23 07:00:00,6,3,297,306
2015-05-23 08:00:00,2,2,137,141
2015-05-23 09:00:00,7,0,95,102
2015-05-23 10:00:00,2,1,101,104
2015-05-23 11:00:00,2,0,115,117
2015-05-23 12:00:00,2,0,173,175
2015-05-23 13:00:00,7,2,310,319
2015-05-23 14:00:00,9,1,406,416
2015-05-23 15:00:00,12,6,674,692
2015-05-23 16:00:00,23,5,733,761
2015-05-23 17:00:00,11,6,867,884
2015-05-23 18:00:00,15,4,1073,1092
2015-05-23 19:00:00,22,9,1009,1040
2015-05-23 20:00:00,18,6,923,947
2015-05-23 21:00:00,37,9,1049,1095
2015-05-23 22:00:00,29,7,920,956
2015-05-23 23:00:00,25,6,1032,1063
2015-05-24 00:00:00,22,8,915,945
2015-05-24 01:00:00,23,6,978,1007
2015-05-24 02:00:00,22,5,949,976
2015-05-24 03:00:00,17,7,922,946
2015-05-24 04:00:00,10,2,908,920
2015-05-24 05:00:00,10,5,824,839
2015-05-24 06:00:00,8,1,589,598
2015-05-24 07:00:00,4,0,275,279
2015-05-24 08:00:00,1,0,219,220
2015-05-24 09:00:00,1,0,130,131
2015-05-24 10:00:00,2,1,113,116
2015-05-24 11:00:00,0,0,121,121
2015-05-24 12:00:00,1,0,176,177
2015-05-24 13:00:00,1,0,333,334
2015-05-24 14:00:00,7,2,575,584
2015-05-24 15:00:00,12,5,683,700
2015-05-24 16:00:00,27,7,850,884
2015-05-24 17:00:00,19,7,967,993
2015-05-24 18:00:00,20,6,983,1009
2015-05-24 19:00:00,20,11,1035,1066
2015-05-24 20:00:00,33,8,1030,1071
2015-05-24 21:00:00,20,5,1061,1086
2015-05-24 22:00:00,20,5,1086,1111
2015-05-24 23:00:00,20,6,1109,1135
2015-05-25 00:00:00,27,4,1064,1095
2015-05-25 01:00:00,21,5,1068,1094
2015-05-25 02:00:00,24,10,1087,1121
2015-05-25 03:00:00,17,10,1104,1131
2015-05-25 04:00:00,18,4,1055,1077
2015-05-25 05:00:00,16,2,862,880
2015-05-25 06:00:00,8,7,560,575
2015-05-25 07:00:00,12,1,319,332
2015-05-25 08:00:00,3,0,140,143
2015-05-25 09:00:00,1,0,114,115
2015-05-25 10:00:00,1,0,90,91
2015-05-25 11:00:00,3,0,154,157
2015-05-25 12:00:00,2,0,200,202
2015-05-25 13:00:00,4,2,343,349
2015-05-25 14:00:00,11,1,581,593
2015-05-25 15:00:00,23,7,1121,1151
2015-05-25 16:00:00,37,9,1448,1494
2015-05-25 17:00:00,57,14,1642,1713
2015-05-25 18:00:00,54,20,1643,1717
2015-05-25 19:00:00,57,12,1638,1707
2015-05-25 20:00:00,44,10,1694,1748
2015-05-25 21:00:00,55,23,1902,1980
2015-05-25 22:00:00,49,20,1749,1818
2015-05-25 23:00:00,35,17,1528,1580
2015-05-26 00:00:00,34,1,1200,1235
2015-05-26 01:00:00,26,11,1202,1239
2015-05-26 02:00:00,27,15,1247,1289
2015-05-26 03:00:00,27,4,1258,1289
2015-05-26 04:00:00,34,10,1144,1188
2015-05-26 05:00:00,12,2,1121,1135
2015-05-26 06:00:00,10,2,649,661
2015-05-26 07:00:00,4,1,275,280
2015-05-26 08:00:00,1,0,172,173
2015-05-26 09:00:00,1,0,85,86
2015-05-26 10:00:00,0,0,116,116
2015-05-26 11:00:00,2,0,144,146
2015-05-26 12:00:00,3,0,302,305
2015-05-26 13:00:00,13,1,442,456
2015-05-26 14:00:00,21,9,750,780
2015-05-26 15:00:00,38,11,1081,1130
2015-05-26 16:00:00,31,13,1252,1296
2015-05-26 17:00:00,44,18,972,1034
2015-05-26 18:00:00,17,5,531,553
2015-05-26 19:00:00,46,14,1496,1556
2015-05-26 20:00:00,55,20,1663,1738
2015-05-26 21:00:00,73,29,1607,1709
2015-05-26 22:00:00,27,11,1375,1413
2015-05-26 23:00:00,35,17,1138,1190
2015-05-27 00:00:00,14,5,940,959
2015-05-27 01:00:00,26,8,969,1003
2015-05-27 02:00:00,19,12,1002,1033
2015-05-27 03:00:00,35,3,1153,1191
2015-05-27 04:00:00,35,14,1099,1148
2015-05-27 05:00:00,23,5,849,877
2015-05-27 06:00:00,23,7,505,535
2015-05-27 07:00:00,1,1,246,248
2015-05-27 08:00:00,0,0,154,154
2015-05-27 09:00:00,0,0,115,115
2015-05-27 10:00:00,1,0,116,117
2015-05-27 11:00:00,1,0,122,123
2015-05-27 12:00:00,3,0,248,251
2015-05-27 13:00:00,9,2,373,384
2015-05-27 14:00:00,18,7,659,684
2015-05-27 15:00:00,25,16,1100,1141
2015-05-27 16:00:00,37,9,1417,1463
2015-05-27 17:00:00,58,18,1544,1620
2015-05-27 18:00:00,36,22,1491,1549
2015-05-27 19:00:00,20,9,1593,1622
2015-05-27 20:00:00,26,10,1472,1508
2015-05-27 21:00:00,49,25,1525,1599
2015-05-27 22:00:00,37,11,1340,1388
2015-05-27 23:00:00,32,13,1179,1224
2015-05-28 00:00:00,19,9,1003,1031
2015-05-28 01:00:00,30,9,1007,1046
2015-05-28 02:00:00,40,13,1005,1058
2015-05-28 03:00:00,35,25,1103,1163
2015-05-28 04:00:00,16,3,1138,1157
2015-05-28 05:00:00,20,3,922,945
2015-05-28 06:00:00,12,3,571,586
2015-05-28 07:00:00,5,1,254,260
2015-05-28 08:00:00,2,0,139,141
2015-05-28 09:00:00,0,0,85,85
2015-05-28 10:00:00,2,0,99,101
2015-05-28 11:00:00,3,0,128,131
2015-05-28 12:00:00,3,1,241,245
2015-05-28 13:00:00,5,0,358,363
2015-05-28 14:00:00,10,4,644,658
2015-05-28 15:00:00,21,5,1069,1095
2015-05-28 16:00:00,43,10,1260,1313
2015-05-28 17:00:00,46,25,1517,1588
2015-05-28 18:00:00,49,18,1521,1588
2015-05-28 19:00:00,63,17,1525,1605
2015-05-28 20:00:00,58,23,1496,1577
2015-05-28 21:00:00,30,19,1553,1602
2015-05-28 22:00:00,42,29,1347,1418
2015-05-28 23:00:00,28,8,1230,1266
2015-05-29 00:00:00,30,8,1178,1216
2015-05-29 01:00:00,17,3,964,984
2015-05-29 02:00:00,24,5,990,1019
2015-05-29 03:00:00,19,6,1093,1118
2015-05-29 04:00:00,11,3,909,923
2015-05-29 05:00:00,16,1,674,691
2015-05-29 06:00:00,10,1,464,475
2015-05-29 07:00:00,4,0,333,337
2015-05-29 08:00:00,1,1,184,186
2015-05-29 09:00:00,0,0,87,87
2015-05-29 10:00:00,1,1,106,108
2015-05-29 11:00:00,1,0,141,142
2015-05-29 12:00:00,5,1,277,283
2015-05-29 13:00:00,11,1,519,531
2015-05-29 14:00:00,18,7,632,657
2015-05-29 15:00:00,19,10,971,1000
2015-05-29 16:00:00,29,10,1041,1080
2015-05-29 17:00:00,18,2,1225,1245
2015-05-29 18:00:00,32,9,1289,1330
2015-05-29 19:00:00,57,11,1148,1216
2015-05-29 20:00:00,52,29,1372,1453
2015-05-29 21:00:00,30,11,1239,1280
2015-05-29 22:00:00,22,3,1125,1150
2015-05-29 23:00:00,22,14,1027,1063
2015-05-30 00:00:00,26,8,980,1014
2015-05-30 01:00:00,20,5,887,912
2015-05-30 02:00:00,23,10,988,1021
2015-05-30 03:00:00,16,4,913,933
2015-05-30 04:00:00,19,1,995,1015
2015-05-30 05:00:00,38,6,800,844
2015-05-30 06:00:00,8,0,533,541
2015-05-30 07:00:00,10,0,282,292
2015-05-30 08:00:00,2,1,171,174
2015-05-30 09:00:00,15,0,139,154
2015-05-30 10:00:00,1,0,78,79
2015-05-30 11:00:00,0,0,95,95
2015-05-30 12:00:00,3,0,185,188
2015-05-30 13:00:00,12,2,323,337
2015-05-30 14:00:00,17,8,453,478
2015-05-30 15:00:00,14,4,696,714
2015-05-30 16:00:00,20,3,811,834
2015-05-30 17:00:00,31,12,900,943
2015-05-30 18:00:00,18,2,863,883
2015-05-30 19:00:00,41,18,872,931
2015-05-30 20:00:00,18,5,812,835
2015-05-30 21:00:00,25,11,948,984
2015-05-30 22:00:00,46,9,790,845
2015-05-30 23:00:00,28,7,949,984
2015-05-31 00:00:00,10,6,967,983
2015-05-31 01:00:00,10,2,793,805
2015-05-31 02:00:00,14,3,803,820
2015-05-31 03:00:00,29,8,892,929
2015-05-31 04:00:00,25,4,801,830
2015-05-31 05:00:00,19,1,716,736
2015-05-31 06:00:00,14,8,558,580
2015-05-31 07:00:00,11,0,362,373
2015-05-31 08:00:00,2,1,173,176
2015-05-31 09:00:00,4,3,112,119
2015-05-31 10:00:00,6,0,88,94
2015-05-31 11:00:00,1,0,115,116
2015-05-31 12:00:00,8,1,207,216
2015-05-31 13:00:00,7,1,341,349
2015-05-31 14:00:00,5,0,439,444
2015-05-31 15:00:00,8,1,676,685
2015-05-31 16:00:00,27,10,881,918
2015-05-31 17:00:00,18,7,948,973
2015-05-31 18:00:00,24,10,1058,1092
2015-05-31 19:00:00,27,6,1068,1101
2015-05-31 20:00:00,15,5,1052,1072
2015-05-31 21:00:00,18,5,961,984
2015-05-31 22:00:00,17,8,920,945
2015-05-31 23:00:00,31,9,1017,1057
2015-06-01 00:00:00,23,10,1065,1098
2015-06-01 01:00:00,26,7,1072,1105
2015-06-01 02:00:00,22,7,1094,1123
2015-06-01 03:00:00,14,12,1062,1088
2015-06-01 04:00:00,22,12,1078,1112
2015-06-01 05:00:00,7,2,763,772
2015-06-01 06:00:00,7,2,525,534
2015-06-01 07:00:00,31,4,291,326
2015-06-01 08:00:00,5,0,152,157
2015-06-01 09:00:00,0,0,115,115
2015-06-01 10:00:00,3,1,110,114
2015-06-01 11:00:00,1,1,130,132
2015-06-01 12:00:00,12,0,266,278
2015-06-01 13:00:00,10,2,419,431
2015-06-01 14:00:00,6,1,623,630
2015-06-01 15:00:00,22,7,1075,1104
2015-06-01 16:00:00,25,9,1376,1410
2015-06-01 17:00:00,63,22,1633,1718
2015-06-01 18:00:00,49,29,1579,1657
2015-06-01 19:00:00,49,21,1520,1590
2015-06-01 20:00:00,37,9,1522,1568
2015-06-01 21:00:00,28,16,1679,1723
2015-06-01 22:00:00,36,16,1572,1624
2015-06-01 23:00:00,24,10,1353,1387
2015-06-02 00:00:00,25,7,1141,1173
2015-06-02 01:00:00,33,14,1206,1253
2015-06-02 02:00:00,15,10,1208,1233
2015-06-02 03:00:00,29,7,1276,1312
2015-06-02 04:00:00,32,8,1221,1261
2015-06-02 05:00:00,15,6,914,935
2015-06-02 06:00:00,24,4,564,592
2015-06-02 07:00:00,2,0,354,356
2015-06-02 08:00:00,5,1,216,222
2015-06-02 09:00:00,7,0,122,129
2015-06-02 10:00:00,1,0,132,133
2015-06-02 11:00:00,8,7,143,158
2015-06-02 12:00:00,6,0,221,227
2015-06-02 13:00:00,17,1,474,492
2015-06-02 14:00:00,14,1,761,776
2015-06-02 15:00:00,19,14,1152,1185
2015-06-02 16:00:00,39,22,1260,1321
2015-06-02 17:00:00,32,15,1523,1570
2015-06-02 18:00:00,33,20,1535,1588
2015-06-02 19:00:00,45,16,1596,1657
2015-06-02 20:00:00,37,14,1477,1528
2015-06-02 21:00:00,35,17,1469,1521
2015-06-02 22:00:00,33,16,1472,1521
2015-06-02 23:00:00,19,6,1168,1193
2015-06-03 00:00:00,23,6,1076,1105
2015-06-03 01:00:00,23,13,1160,1196
2015-06-03 02:00:00,32,14,1163,1209
2015-06-03 03:00:00,29,7,1157,1193
2015-06-03 04:00:00,19,2,1159,1180
2015-06-03 05:00:00,23,2,993,1018
2015-06-03 06:00:00,13,5,604,622
2015-06-03 07:00:00,14,5,318,337
2015-06-03 08:00:00,7,1,201,209
2015-06-03 09:00:00,3,0,93,96
2015-06-03 10:00:00,0,0,115,115
2015-06-03 11:00:00,2,0,126,128
2015-06-03 12:00:00,5,6,257,268
2015-06-03 13:00:00,12,3,427,442
2015-06-03 14:00:00,10,1,774,785
2015-06-03 15:00:00,22,10,1070,1102
2015-06-03 16:00:00,29,18,1358,1405
2015-06-03 17:00:00,42,26,1575,1643
2015-06-03 18:00:00,53,13,1736,1802
2015-06-03 19:00:00,58,18,1524,1600
2015-06-03 20:00:00,34,9,1551,1594
2015-06-03 21:00:00,48,21,1597,1666
2015-06-03 22:00:00,43,14,1494,1551
2015-06-03 23:00:00,35,10,1248,1293
2015-06-04 00:00:00,40,11,1127,1178
2015-06-04 01:00:00,41,14,1179,1234
2015-06-04 02:00:00,30,15,1177,1222
2015-06-04 03:00:00,23,4,1173,1200
2015-06-04 04:00:00,37,7,1160,1204
2015-06-04 05:00:00,14,6,979,999
2015-06-04 06:00:00,13,2,666,681
2015-06-04 07:00:00,8,1,333,342
2015-06-04 08:00:00,1,1,166,168
2015-06-04 09:00:00,5,1,143,149
2015-06-04 10:00:00,0,0,105,105
2015-06-04 11:00:00,2,0,157,159
2015-06-04 12:00:00,9,0,249,258
2015-06-04 13:00:00,7,1,385,393
2015-06-04 14:00:00,14,3,714,731
2015-06-04 15:00:00,28,13,1228,1269
2015-06-04 16:00:00,37,18,1474,1529
2015-06-04 17:00:00,50,21,1495,1566
2015-06-04 18:00:00,41,18,1479,1538
2015-06-04 19:00:00,32,11,1418,1461
2015-06-04 20:00:00,35,18,1547,1600
2015-06-04 21:00:00,44,16,1661,1721
2015-06-04 22:00:00,63,11,1568,1642
2015-06-04 23:00:00,30,13,1237,1280
2015-06-05 00:00:00,23,10,1013,1046
2015-06-05 01:00:00,21,6,1077,1104
2015-06-05 02:00:00,27,8,1170,1205
2015-06-05 03:00:00,33,8,1169,1210
2015-06-05 04:00:00,23,7,1208,1238
2015-06-05 05:00:00,6,2,828,836
2015-06-05 06:00:00,10,2,597,609
2015-06-05 07:00:00,4,1,266,271
2015-06-05 08:00:00,1,0,140,141
2015-06-05 09:00:00,1,0,107,108
2015-06-05 10:00:00,3,0,103,106
2015-06-05 11:00:00,2,2,113,117
2015-06-05 12:00:00,14,1,225,240
2015-06-05 13:00:00,4,2,403,409
2015-06-05 14:00:00,13,2,578,593
2015-06-05 15:00:00,23,9,927,959
2015-06-05 16:00:00,21,6,1161,1188
2015-06-05 17:00:00,30,13,1351,1394
2015-06-05 18:00:00,22,8,1308,1338
2015-06-05 19:00:00,28,8,1333,1369
2015-06-05 20:00:00,52,17,1521,1590
2015-06-05 21:00:00,28,11,1383,1422
2015-06-05 22:00:00,28,14,1147,1189
2015-06-05 23:00:00,35,12,1085,1132
2015-06-06 00:00:00,21,6,845,872
2015-06-06 01:00:00,15,5,806,826
2015-06-06 02:00:00,25,11,953,989
2015-06-06 03:00:00,29,9,1069,1107
2015-06-06 04:00:00,24,3,922,949
2015-06-06 05:00:00,10,1,762,773
2015-06-06 06:00:00,10,3,572,585
2015-06-06 07:00:00,10,8,329,347
2015-06-06 08:00:00,6,1,202,209
2015-06-06 09:00:00,4,3,71,78
2015-06-06 10:00:00,1,0,76,77
2015-06-06 11:00:00,0,0,105,105
2015-06-06 12:00:00,2,1,196,199
2015-06-06 13:00:00,8,2,278,288
2015-06-06 14:00:00,7,0,375,382
2015-06-06 15:00:00,19,1,563,583
2015-06-06 16:00:00,24,5,821,850
2015-06-06 17:00:00,28,10,864,902
2015-06-06 18:00:00,10,4,927,941
2015-06-06 19:00:00,13,4,891,908
2015-06-06 20:00:00,35,9,1237,1281
2015-06-06 21:00:00,18,4,911,933
2015-06-06 22:00:00,41,6,1060,1107
2015-06-06 23:00:00,17,8,844,869
2015-06-07 00:00:00,30,7,784,821
2015-06-07 01:00:00,14,4,848,866
2015-06-07 02:00:00,18,6,1018,1042
2015-06-07 03:00:00,16,2,1038,1056
2015-06-07 04:00:00,29,9,868,906
2015-06-07 05:00:00,17,1,748,766
2015-06-07 06:00:00,10,0,490,500
2015-06-07 07:00:00,5,3,291,299
2015-06-07 08:00:00,6,3,221,230
2015-06-07 09:00:00,2,0,99,101
2015-06-07 10:00:00,0,0,76,76
2015-06-07 11:00:00,0,0,105,105
2015-06-07 12:00:00,5,0,181,186
2015-06-07 13:00:00,4,0,281,285
2015-06-07 14:00:00,11,2,434,447
2015-06-07 15:00:00,7,1,580,588
2015-06-07 16:00:00,24,3,873,900
2015-06-07 17:00:00,31,16,885,932
2015-06-07 18:00:00,17,6,909,932
2015-06-07 19:00:00,17,8,1024,1049
2015-06-07 20:00:00,24,12,1201,1237
2015-06-07 21:00:00,20,10,1015,1045
2015-06-07 22:00:00,19,7,855,881
2015-06-07 23:00:00,20,6,875,901
2015-06-08 00:00:00,16,1,920,937
2015-06-08 01:00:00,26,5,961,992
2015-06-08 02:00:00,23,5,1050,1078
2015-06-08 03:00:00,11,4,1043,1058
2015-06-08 04:00:00,25,8,1008,1041
2015-06-08 05:00:00,18,7,701,726
2015-06-08 06:00:00,8,7,543,558
2015-06-08 07:00:00,10,1,307,318
2015-06-08 08:00:00,3,0,143,146
2015-06-08 09:00:00,0,0,115,115
2015-06-08 10:00:00,1,0,123,124
2015-06-08 11:00:00,8,2,163,173
2015-06-08 12:00:00,11,1,208,220
2015-06-08 13:00:00,7,1,354,362
2015-06-08 14:00:00,17,2,602,621
2015-06-08 15:00:00,53,6,815,874
2015-06-08 16:00:00,29,10,1118,1157
2015-06-08 17:00:00,60,40,1496,1596
2015-06-08 18:00:00,41,15,1364,1420
2015-06-08 19:00:00,36,19,1449,1504
2015-06-08 20:00:00,39,18,1474,1531
2015-06-08 21:00:00,36,17,1513,1566
2015-06-08 22:00:00,29,12,1456,1497
2015-06-08 23:00:00,34,11,1282,1327
2015-06-09 00:00:00,14,3,1189,1206
2015-06-09 01:00:00,20,9,1088,1117
2015-06-09 02:00:00,28,7,1257,1292
2015-06-09 03:00:00,16,5,1217,1238
2015-06-09 04:00:00,27,5,1428,1460
2015-06-09 05:00:00,19,2,1026,1047
2015-06-09 06:00:00,13,2,609,624
2015-06-09 07:00:00,10,3,299,312
2015-06-09 08:00:00,2,0,190,192
2015-06-09 09:00:00,9,0,121,130
2015-06-09 10:00:00,2,0,102,104
2015-06-09 11:00:00,9,2,166,177
2015-06-09 12:00:00,2,1,227,230
2015-06-09 13:00:00,6,4,387,397
2015-06-09 14:00:00,16,2,659,677
2015-06-09 15:00:00,23,8,1099,1130
2015-06-09 16:00:00,23,11,1463,1497
2015-06-09 17:00:00,33,9,1421,1463
2015-06-09 18:00:00,32,13,1464,1509
2015-06-09 19:00:00,33,12,1777,1822
2015-06-09 20:00:00,32,14,1631,1677
2015-06-09 21:00:00,39,8,1470,1517
2015-06-09 22:00:00,31,5,1465,1501
2015-06-09 23:00:00,33,7,1323,1363
2015-06-10 00:00:00,19,6,1216,1241
2015-06-10 01:00:00,45,13,1296,1354
2015-06-10 02:00:00,26,12,1251,1289
2015-06-10 03:00:00,17,5,1211,1233
2015-06-10 04:00:00,32,2,1088,1122
2015-06-10 05:00:00,22,2,922,946
2015-06-10 06:00:00,26,11,584,621
2015-06-10 07:00:00,3,1,275,279
2015-06-10 08:00:00,0,1,143,144
2015-06-10 09:00:00,4,0,122,126
2015-06-10 10:00:00,0,1,132,133
2015-06-10 11:00:00,2,0,152,154
2015-06-10 12:00:00,8,2,219,229
2015-06-10 13:00:00,14,1,443,458
2015-06-10 14:00:00,14,3,644,661
2015-06-10 15:00:00,27,8,1101,1136
2015-06-10 16:00:00,37,9,1490,1536
2015-06-10 17:00:00,37,12,1520,1569
2015-06-10 18:00:00,49,22,1562,1633
2015-06-10 19:00:00,49,27,1591,1667
2015-06-10 20:00:00,41,13,1688,1742
2015-06-10 21:00:00,58,25,1809,1892
2015-06-10 22:00:00,41,18,1364,1423
2015-06-10 23:00:00,28,16,1391,1435
2015-06-11 00:00:00,32,12,1170,1214
2015-06-11 01:00:00,22,11,1043,1076
2015-06-11 02:00:00,15,6,1146,1167
2015-06-11 03:00:00,18,2,1308,1328
2015-06-11 04:00:00,28,5,1211,1244
2015-06-11 05:00:00,25,5,974,1004
2015-06-11 06:00:00,11,3,546,560
2015-06-11 07:00:00,5,4,265,274
2015-06-11 08:00:00,5,4,163,172
2015-06-11 09:00:00,3,1,101,105
2015-06-11 10:00:00,1,0,103,104
2015-06-11 11:00:00,3,2,173,178
2015-06-11 12:00:00,3,1,229,233
2015-06-11 13:00:00,3,2,363,368
2015-06-11 14:00:00,14,3,602,619
2015-06-11 15:00:00,28,11,964,1003
2015-06-11 16:00:00,18,4,1247,1269
2015-06-11 17:00:00,28,8,1251,1287
2015-06-11 18:00:00,56,16,1311,1383
2015-06-11 19:00:00,39,7,1281,1327
2015-06-11 20:00:00,63,27,1432,1522
2015-06-11 21:00:00,29,11,1257,1297
2015-06-11 22:00:00,22,8,1094,1124
2015-06-11 23:00:00,32,4,1021,1057
2015-06-12 00:00:00,24,9,995,1028
2015-06-12 01:00:00,25,6,869,900
2015-06-12 02:00:00,16,8,920,944
2015-06-12 03:00:00,16,4,1079,1099
2015-06-12 04:00:00,25,3,998,1026
2015-06-12 05:00:00,21,3,776,800
2015-06-12 06:00:00,12,3,499,514
2015-06-12 07:00:00,5,2,304,311
2015-06-12 08:00:00,6,1,166,173
2015-06-12 09:00:00,2,0,96,98
2015-06-12 10:00:00,2,1,106,109
2015-06-12 11:00:00,5,0,153,158
2015-06-12 12:00:00,5,0,203,208
2015-06-12 13:00:00,9,1,291,301
2015-06-12 14:00:00,7,1,439,447
2015-06-12 15:00:00,19,5,650,674
2015-06-12 16:00:00,15,3,754,772
2015-06-12 17:00:00,9,4,912,925
2015-06-12 18:00:00,16,12,946,974
2015-06-12 19:00:00,15,8,863,886
2015-06-12 20:00:00,9,7,1002,1018
2015-06-12 21:00:00,27,6,800,833
2015-06-12 22:00:00,21,13,828,862
2015-06-12 23:00:00,21,7,778,806
2015-06-13 00:00:00,31,10,843,884
2015-06-13 01:00:00,22,5,756,783
2015-06-13 02:00:00,17,4,793,814
2015-06-13 03:00:00,11,1,728,740
2015-06-13 04:00:00,19,4,878,901
2015-06-13 05:00:00,12,5,787,804
2015-06-13 06:00:00,15,5,523,543
2015-06-13 07:00:00,5,1,296,302
2015-06-13 08:00:00,2,0,150,152
2015-06-13 09:00:00,0,0,98,98
2015-06-13 10:00:00,1,0,96,97
2015-06-13 11:00:00,1,0,108,109
2015-06-13 12:00:00,4,0,175,179
2015-06-13 13:00:00,4,0,272,276
2015-06-13 14:00:00,9,1,382,392
2015-06-13 15:00:00,32,1,590,623
2015-06-13 16:00:00,13,3,792,808
2015-06-13 17:00:00,18,4,758,780
2015-06-13 18:00:00,14,1,829,844
2015-06-13 19:00:00,8,2,565,575
2015-06-13 20:00:00,6,2,316,324
2015-06-13 21:00:00,9,6,340,355
2015-06-13 22:00:00,20,2,361,383
2015-06-13 23:00:00,5,3,496,504
2015-06-14 00:00:00,12,4,456,472
2015-06-14 01:00:00,10,3,448,461
2015-06-14 02:00:00,9,3,425,437
2015-06-14 03:00:00,14,0,440,454
2015-06-14 04:00:00,31,2,758,791
2015-06-14 05:00:00,36,8,822,866
2015-06-14 06:00:00,10,4,534,548
2015-06-14 07:00:00,13,14,285,312
2015-06-14 08:00:00,0,0,213,213
2015-06-14 09:00:00,1,0,139,140
2015-06-14 10:00:00,3,0,87,90
2015-06-14 11:00:00,3,0,102,105
2015-06-14 12:00:00,5,4,176,185
2015-06-14 13:00:00,9,1,276,286
2015-06-14 14:00:00,9,0,408,417
2015-06-14 15:00:00,15,8,663,686
2015-06-14 16:00:00,19,6,764,789
2015-06-14 17:00:00,11,4,854,869
2015-06-14 18:00:00,25,4,989,1018
2015-06-14 19:00:00,38,9,1099,1146
2015-06-14 20:00:00,20,16,929,965
2015-06-14 21:00:00,18,8,987,1013
2015-06-14 22:00:00,34,6,934,974
2015-06-14 23:00:00,11,4,903,918
2015-06-15 00:00:00,17,6,921,944
2015-06-15 01:00:00,33,7,958,998
2015-06-15 02:00:00,26,12,1014,1052
2015-06-15 03:00:00,22,8,999,1029
2015-06-15 04:00:00,22,3,1147,1172
2015-06-15 05:00:00,22,3,731,756
2015-06-15 06:00:00,18,7,597,622
2015-06-15 07:00:00,6,1,247,254
2015-06-15 08:00:00,6,0,217,223
2015-06-15 09:00:00,1,0,90,91
2015-06-15 10:00:00,1,0,130,131
2015-06-15 11:00:00,1,0,129,130
2015-06-15 12:00:00,2,1,210,213
2015-06-15 13:00:00,11,0,350,361
2015-06-15 14:00:00,17,2,660,679
2015-06-15 15:00:00,53,18,1019,1090
2015-06-15 16:00:00,39,14,1200,1253
2015-06-15 17:00:00,52,28,1428,1508
2015-06-15 18:00:00,63,12,1535,1610
2015-06-15 19:00:00,39,9,1542,1590
2015-06-15 20:00:00,43,14,1646,1703
2015-06-15 21:00:00,63,18,1618,1699
2015-06-15 22:00:00,37,20,1657,1714
2015-06-15 23:00:00,30,8,1406,1444
2015-06-16 00:00:00,35,13,1178,1226
2015-06-16 01:00:00,41,21,1210,1272
2015-06-16 02:00:00,30,10,1254,1294
2015-06-16 03:00:00,26,9,1132,1167
2015-06-16 04:00:00,38,16,1223,1277
2015-06-16 05:00:00,28,11,1018,1057
2015-06-16 06:00:00,20,1,574,595
2015-06-16 07:00:00,5,1,341,347
2015-06-16 08:00:00,12,1,150,163
2015-06-16 09:00:00,1,0,105,106
2015-06-16 10:00:00,1,1,130,132
2015-06-16 11:00:00,3,4,139,146
2015-06-16 12:00:00,14,0,212,226
2015-06-16 13:00:00,10,0,364,374
2015-06-16 14:00:00,39,9,661,709
2015-06-16 15:00:00,34,14,1115,1163
2015-06-16 16:00:00,52,10,1266,1328
2015-06-16 17:00:00,58,8,1547,1613
2015-06-16 18:00:00,67,31,1632,1730
2015-06-16 19:00:00,79,37,1719,1835
2015-06-16 20:00:00,54,19,1722,1795
2015-06-16 21:00:00,56,23,1766,1845
2015-06-16 22:00:00,47,18,1579,1644
2015-06-16 23:00:00,50,19,1554,1623
2015-06-17 00:00:00,50,13,1183,1246
2015-06-17 01:00:00,33,8,1045,1086
2015-06-17 02:00:00,32,14,1236,1282
2015-06-17 03:00:00,31,12,1336,1379
2015-06-17 04:00:00,30,5,1469,1504
2015-06-17 05:00:00,43,27,1076,1146
2015-06-17 06:00:00,22,8,642,672
2015-06-17 07:00:00,9,3,361,373
2015-06-17 08:00:00,7,0,166,173
2015-06-17 09:00:00,8,0,128,136
2015-06-17 10:00:00,1,1,89,91
2015-06-17 11:00:00,4,0,174,178
2015-06-17 12:00:00,3,0,224,227
2015-06-17 13:00:00,6,0,366,372
2015-06-17 14:00:00,16,1,653,670
2015-06-17 15:00:00,35,8,1103,1146
2015-06-17 16:00:00,54,38,1437,1529
2015-06-17 17:00:00,49,19,1605,1673
2015-06-17 18:00:00,46,20,1516,1582
2015-06-17 19:00:00,49,30,1541,1620
2015-06-17 20:00:00,27,16,1464,1507
2015-06-17 21:00:00,54,19,1487,1560
2015-06-17 22:00:00,33,14,1442,1489
2015-06-17 23:00:00,38,13,1205,1256
2015-06-18 00:00:00,40,15,1204,1259
2015-06-18 01:00:00,23,8,1220,1251
2015-06-18 02:00:00,31,6,1184,1221
2015-06-18 03:00:00,27,11,1260,1298
2015-06-18 04:00:00,36,7,1283,1326
2015-06-18 05:00:00,40,15,1053,1108
2015-06-18 06:00:00,12,2,609,623
2015-06-18 07:00:00,11,0,361,372
2015-06-18 08:00:00,2,0,142,144
2015-06-18 09:00:00,1,1,129,131
2015-06-18 10:00:00,4,1,99,104
2015-06-18 11:00:00,3,0,131,134
2015-06-18 12:00:00,20,1,232,253
2015-06-18 13:00:00,17,6,393,416
2015-06-18 14:00:00,4,0,611,615
2015-06-18 15:00:00,23,4,1031,1058
2015-06-18 16:00:00,54,27,1386,1467
2015-06-18 17:00:00,47,37,1417,1501
2015-06-18 18:00:00,49,21,1620,1690
2015-06-18 19:00:00,31,6,1481,1518
2015-06-18 20:00:00,41,17,1426,1484
2015-06-18 21:00:00,60,15,1436,1511
2015-06-18 22:00:00,89,10,1422,1521
2015-06-18 23:00:00,37,10,1272,1319
2015-06-19 00:00:00,27,6,1088,1121
2015-06-19 01:00:00,14,3,1003,1020
2015-06-19 02:00:00,28,6,988,1022
2015-06-19 03:00:00,33,12,1223,1268
2015-06-19 04:00:00,29,4,1156,1189
2015-06-19 05:00:00,20,2,941,963
2015-06-19 06:00:00,17,1,590,608
2015-06-19 07:00:00,14,1,310,325
2015-06-19 08:00:00,3,0,160,163
2015-06-19 09:00:00,1,0,141,142
2015-06-19 10:00:00,3,0,124,127
2015-06-19 11:00:00,1,1,141,143
2015-06-19 12:00:00,4,1,197,202
2015-06-19 13:00:00,12,3,449,464
2015-06-19 14:00:00,7,3,658,668
2015-06-19 15:00:00,17,9,924,950
2015-06-19 16:00:00,32,7,1166,1205
2015-06-19 17:00:00,36,22,1236,1294
2015-06-19 18:00:00,29,11,1344,1384
2015-06-19 19:00:00,29,16,1376,1421
2015-06-19 20:00:00,28,16,1255,1299
2015-06-19 21:00:00,46,21,1383,1450
2015-06-19 22:00:00,42,9,1169,1220
2015-06-19 23:00:00,21,12,940,973
2015-06-20 00:00:00,10,1,882,893
2015-06-20 01:00:00,43,13,887,943
2015-06-20 02:00:00,14,3,895,912
2015-06-20 03:00:00,12,6,900,918
2015-06-20 04:00:00,10,4,932,946
2015-06-20 05:00:00,12,1,772,785
2015-06-20 06:00:00,16,5,586,607
2015-06-20 07:00:00,3,0,294,297
2015-06-20 08:00:00,1,0,184,185
2015-06-20 09:00:00,7,0,102,109
2015-06-20 10:00:00,3,0,96,99
2015-06-20 11:00:00,0,0,95,95
2015-06-20 12:00:00,9,0,140,149
2015-06-20 13:00:00,10,0,232,242
2015-06-20 14:00:00,6,14,367,387
2015-06-20 15:00:00,17,2,633,652
2015-06-20 16:00:00,20,8,847,875
2015-06-20 17:00:00,14,5,852,871
2015-06-20 18:00:00,17,6,900,923
2015-06-20 19:00:00,56,5,981,1042
2015-06-20 20:00:00,71,11,955,1037
2015-06-20 21:00:00,21,19,863,903
2015-06-20 22:00:00,14,2,773,789
2015-06-20 23:00:00,18,6,885,909
2015-06-21 00:00:00,21,4,853,878
2015-06-21 01:00:00,17,10,843,870
2015-06-21 02:00:00,9,3,845,857
2015-06-21 03:00:00,18,4,848,870
2015-06-21 04:00:00,20,1,829,850
2015-06-21 05:00:00,16,2,698,716
2015-06-21 06:00:00,19,4,585,608
2015-06-21 07:00:00,15,0,283,298
2015-06-21 08:00:00,6,0,173,179
2015-06-21 09:00:00,0,0,94,94
2015-06-21 10:00:00,1,0,68,69
2015-06-21 11:00:00,3,2,138,143
2015-06-21 12:00:00,2,2,161,165
2015-06-21 13:00:00,3,0,218,221
2015-06-21 14:00:00,9,1,426,436
2015-06-21 15:00:00,11,5,511,527
2015-06-21 16:00:00,13,4,750,767
2015-06-21 17:00:00,20,3,884,907
2015-06-21 18:00:00,39,6,973,1018
2015-06-21 19:00:00,27,5,1005,1037
2015-06-21 20:00:00,24,7,1001,1032
2015-06-21 21:00:00,10,10,1043,1063
2015-06-21 22:00:00,13,3,969,985
2015-06-21 23:00:00,17,7,1019,1043
2015-06-22 00:00:00,22,10,1013,1045
2015-06-22 01:00:00,25,9,1077,1111
2015-06-22 02:00:00,26,16,1005,1047
2015-06-22 03:00:00,37,5,1094,1136
2015-06-22 04:00:00,19,4,1166,1189
2015-06-22 05:00:00,12,4,848,864
2015-06-22 06:00:00,9,8,662,679
2015-06-22 07:00:00,7,4,333,344
2015-06-22 08:00:00,2,0,165,167
2015-06-22 09:00:00,3,0,134,137
2015-06-22 10:00:00,2,1,132,135
2015-06-22 11:00:00,4,0,176,180
2015-06-22 12:00:00,8,1,236,245
2015-06-22 13:00:00,2,0,367,369
2015-06-22 14:00:00,20,3,583,606
2015-06-22 15:00:00,24,7,1082,1113
2015-06-22 16:00:00,47,13,1189,1249
2015-06-22 17:00:00,34,14,1558,1606
2015-06-22 18:00:00,57,33,1633,1723
2015-06-22 19:00:00,51,24,1652,1727
2015-06-22 20:00:00,68,21,1699,1788
2015-06-22 21:00:00,43,25,1618,1686
2015-06-22 22:00:00,43,19,1593,1655
2015-06-22 23:00:00,33,13,1447,1493
2015-06-23 00:00:00,43,26,1115,1184
2015-06-23 01:00:00,28,11,1011,1050
2015-06-23 02:00:00,39,10,1144,1193
2015-06-23 03:00:00,21,11,1117,1149
2015-06-23 04:00:00,30,4,1109,1143
2015-06-23 05:00:00,19,4,939,962
2015-06-23 06:00:00,14,7,637,658
2015-06-23 07:00:00,7,5,333,345
2015-06-23 08:00:00,2,1,158,161
2015-06-23 09:00:00,3,0,122,125
2015-06-23 10:00:00,4,1,99,104
2015-06-23 11:00:00,6,0,161,167
2015-06-23 12:00:00,6,1,262,269
2015-06-23 13:00:00,12,1,346,359
2015-06-23 14:00:00,10,6,608,624
2015-06-23 15:00:00,24,13,1061,1098
2015-06-23 16:00:00,40,13,1335,1388
2015-06-23 17:00:00,46,26,1458,1530
2015-06-23 18:00:00,63,22,1710,1795
2015-06-23 19:00:00,54,24,1678,1756
2015-06-23 20:00:00,35,16,1650,1701
2015-06-23 21:00:00,36,16,1604,1656
2015-06-23 22:00:00,45,17,1651,1713
2015-06-23 23:00:00,46,15,1425,1486
2015-06-24 00:00:00,39,12,1174,1225
2015-06-24 01:00:00,41,10,1042,1093
2015-06-24 02:00:00,37,6,1170,1213
2015-06-24 03:00:00,13,1,1115,1129
2015-06-24 04:00:00,25,5,1196,1226
2015-06-24 05:00:00,23,3,1036,1062
2015-06-24 06:00:00,16,6,642,664
2015-06-24 07:00:00,7,1,400,408
2015-06-24 08:00:00,2,1,158,161
2015-06-24 09:00:00,0,0,94,94
2015-06-24 10:00:00,4,0,113,117
2015-06-24 11:00:00,0,0,119,119
2015-06-24 12:00:00,5,2,231,238
2015-06-24 13:00:00,8,0,392,400
2015-06-24 14:00:00,36,1,616,653
2015-06-24 15:00:00,30,13,1013,1056
2015-06-24 16:00:00,41,14,1278,1333
2015-06-24 17:00:00,34,16,1289,1339
2015-06-24 18:00:00,32,11,1373,1416
2015-06-24 19:00:00,48,15,1502,1565
2015-06-24 20:00:00,43,21,1425,1489
2015-06-24 21:00:00,31,15,1485,1531
2015-06-24 22:00:00,42,14,1202,1258
2015-06-24 23:00:00,27,10,1134,1171
2015-06-25 00:00:00,12,3,948,963
2015-06-25 01:00:00,12,6,960,978
2015-06-25 02:00:00,20,8,935,963
2015-06-25 03:00:00,19,9,981,1009
2015-06-25 04:00:00,20,7,1038,1065
2015-06-25 05:00:00,20,9,920,949
2015-06-25 06:00:00,18,5,479,502
2015-06-25 07:00:00,8,1,266,275
2015-06-25 08:00:00,1,0,133,134
2015-06-25 09:00:00,1,0,122,123
2015-06-25 10:00:00,1,0,82,83
2015-06-25 11:00:00,4,0,144,148
2015-06-25 12:00:00,4,0,228,232
2015-06-25 13:00:00,8,7,328,343
2015-06-25 14:00:00,13,10,622,645
2015-06-25 15:00:00,34,14,1070,1118
2015-06-25 16:00:00,29,10,1195,1234
2015-06-25 17:00:00,45,24,1382,1451
2015-06-25 18:00:00,45,16,1281,1342
2015-06-25 19:00:00,39,20,1299,1358
2015-06-25 20:00:00,39,9,1404,1452
2015-06-25 21:00:00,31,17,1336,1384
2015-06-25 22:00:00,32,17,1247,1296
2015-06-25 23:00:00,55,12,1157,1224
2015-06-26 00:00:00,28,10,1067,1105
2015-06-26 01:00:00,20,13,980,1013
2015-06-26 02:00:00,17,9,1092,1118
2015-06-26 03:00:00,27,6,1021,1054
2015-06-26 04:00:00,36,7,961,1004
2015-06-26 05:00:00,21,4,834,859
2015-06-26 06:00:00,15,6,554,575
2015-06-26 07:00:00,9,4,334,347
2015-06-26 08:00:00,8,1,178,187
2015-06-26 09:00:00,5,0,119,124
2015-06-26 10:00:00,2,1,105,108
2015-06-26 11:00:00,1,0,117,118
2015-06-26 12:00:00,2,0,208,210
2015-06-26 13:00:00,4,1,350,355
2015-06-26 14:00:00,22,7,606,635
2015-06-26 15:00:00,28,11,917,956
2015-06-26 16:00:00,30,10,1140,1180
2015-06-26 17:00:00,34,24,1344,1402
2015-06-26 18:00:00,36,12,1348,1396
2015-06-26 19:00:00,28,11,1265,1304
2015-06-26 20:00:00,41,17,1284,1342
2015-06-26 21:00:00,21,10,1226,1257
2015-06-26 22:00:00,23,8,1113,1144
2015-06-26 23:00:00,23,5,1054,1082
2015-06-27 00:00:00,28,7,995,1030
2015-06-27 01:00:00,30,2,912,944
2015-06-27 02:00:00,17,9,785,811
2015-06-27 03:00:00,16,4,863,883
2015-06-27 04:00:00,13,0,759,772
2015-06-27 05:00:00,17,4,705,726
2015-06-27 06:00:00,15,4,466,485
2015-06-27 07:00:00,4,0,242,246
2015-06-27 08:00:00,1,0,159,160
2015-06-27 09:00:00,0,0,111,111
2015-06-27 10:00:00,7,0,99,106
2015-06-27 11:00:00,2,0,110,112
2015-06-27 12:00:00,0,0,208,208
2015-06-27 13:00:00,2,0,231,233
2015-06-27 14:00:00,8,1,403,412
2015-06-27 15:00:00,23,4,695,722
2015-06-27 16:00:00,12,6,766,784
2015-06-27 17:00:00,18,4,892,914
2015-06-27 18:00:00,27,5,933,965
2015-06-27 19:00:00,13,5,954,972
2015-06-27 20:00:00,38,1,961,1000
2015-06-27 21:00:00,27,14,930,971
2015-06-27 22:00:00,34,16,976,1026
2015-06-27 23:00:00,20,5,859,884
2015-06-28 00:00:00,11,5,867,883
2015-06-28 01:00:00,18,5,929,952
2015-06-28 02:00:00,14,5,934,953
2015-06-28 03:00:00,23,3,1028,1054
2015-06-28 04:00:00,13,3,860,876
2015-06-28 05:00:00,24,7,805,836
2015-06-28 06:00:00,7,2,564,573
2015-06-28 07:00:00,7,1,377,385
2015-06-28 08:00:00,11,0,242,253
2015-06-28 09:00:00,5,0,140,145
2015-06-28 10:00:00,1,0,119,120
2015-06-28 11:00:00,3,0,91,94
2015-06-28 12:00:00,5,0,147,152
2015-06-28 13:00:00,2,0,235,237
2015-06-28 14:00:00,16,0,368,384
2015-06-28 15:00:00,6,4,583,593
2015-06-28 16:00:00,10,3,819,832
2015-06-28 17:00:00,22,7,1044,1073
2015-06-28 18:00:00,19,6,1158,1183
2015-06-28 19:00:00,30,7,1079,1116
2015-06-28 20:00:00,27,8,1060,1095
2015-06-28 21:00:00,17,9,1115,1141
2015-06-28 22:00:00,14,6,1132,1152
2015-06-28 23:00:00,37,8,1068,1113
2015-06-29 00:00:00,32,8,1057,1097
2015-06-29 01:00:00,28,7,1088,1123
2015-06-29 02:00:00,21,14,1107,1142
2015-06-29 03:00:00,24,10,1141,1175
2015-06-29 04:00:00,35,10,1174,1219
2015-06-29 05:00:00,10,3,863,876
2015-06-29 06:00:00,7,3,602,612
2015-06-29 07:00:00,3,0,259,262
2015-06-29 08:00:00,1,0,176,177
2015-06-29 09:00:00,2,1,155,158
2015-06-29 10:00:00,0,0,108,108
2015-06-29 11:00:00,4,0,151,155
2015-06-29 12:00:00,6,1,217,224
2015-06-29 13:00:00,2,1,385,388
2015-06-29 14:00:00,4,2,587,593
2015-06-29 15:00:00,21,8,1099,1128
2015-06-29 16:00:00,30,13,1355,1398
2015-06-29 17:00:00,44,17,1546,1607
2015-06-29 18:00:00,39,24,1481,1544
2015-06-29 19:00:00,66,14,1437,1517
2015-06-29 20:00:00,37,14,1657,1708
2015-06-29 21:00:00,36,16,1653,1705
2015-06-29 22:00:00,35,22,1603,1660
2015-06-29 23:00:00,37,15,1356,1408
2015-06-30 00:00:00,25,13,1172,1210
2015-06-30 01:00:00,22,9,1162,1193
2015-06-30 02:00:00,22,12,1175,1209
2015-06-30 03:00:00,29,4,1227,1260
2015-06-30 04:00:00,39,11,1125,1175
2015-06-30 05:00:00,36,4,824,864
2015-06-30 06:00:00,15,3,677,695
2015-06-30 07:00:00,4,7,295,306
2015-06-30 08:00:00,4,1,204,209
2015-06-30 09:00:00,4,5,154,163
2015-06-30 10:00:00,1,0,125,126
2015-06-30 11:00:00,2,1,147,150
2015-06-30 12:00:00,3,0,213,216
2015-06-30 13:00:00,3,1,386,390
2015-06-30 14:00:00,19,1,583,603
2015-06-30 15:00:00,31,4,1019,1054
2015-06-30 16:00:00,44,13,1299,1356
2015-06-30 17:00:00,45,10,1264,1319
2015-06-30 18:00:00,39,8,1326,1373
2015-06-30 19:00:00,26,15,1324,1365
2015-06-30 20:00:00,31,7,1321,1359
2015-06-30 21:00:00,23,11,1224,1258
2015-06-30 22:00:00,35,11,1286,1332
2015-06-30 23:00:00,27,11,1225,1263
2015-07-01 00:00:00,19,6,1110,1135
2015-07-01 01:00:00,22,6,1009,1037
2015-07-01 02:00:00,22,4,1082,1108
2015-07-01 03:00:00,24,6,1101,1131
2015-07-01 04:00:00,19,1,1048,1068
2015-07-01 05:00:00,25,13,1009,1047
2015-07-01 06:00:00,12,3,617,632
2015-07-01 07:00:00,5,0,303,308
2015-07-01 08:00:00,2,2,200,204
2015-07-01 09:00:00,3,0,96,99
2015-07-01 10:00:00,0,0,84,84
2015-07-01 11:00:00,2,0,140,142
2015-07-01 12:00:00,2,0,222,224
2015-07-01 13:00:00,8,2,330,340
2015-07-01 14:00:00,18,6,606,630
2015-07-01 15:00:00,20,12,878,910
2015-07-01 16:00:00,23,6,1179,1208
2015-07-01 17:00:00,38,21,1310,1369
2015-07-01 18:00:00,39,24,1292,1355
2015-07-01 19:00:00,33,18,1354,1405
2015-07-01 20:00:00,35,19,1305,1359
2015-07-01 21:00:00,59,20,1479,1558
2015-07-01 22:00:00,26,12,1283,1321
2015-07-01 23:00:00,24,14,1052,1090
2015-07-02 00:00:00,16,5,1005,1026
2015-07-02 01:00:00,16,5,1092,1113
2015-07-02 02:00:00,12,3,1046,1061
2015-07-02 03:00:00,24,3,1214,1241
2015-07-02 04:00:00,22,9,1161,1192
2015-07-02 05:00:00,24,4,911,939
2015-07-02 06:00:00,8,2,595,605
2015-07-02 07:00:00,10,1,331,342
2015-07-02 08:00:00,1,1,186,188
2015-07-02 09:00:00,1,1,113,115
2015-07-02 10:00:00,2,0,96,98
2015-07-02 11:00:00,3,1,168,172
2015-07-02 12:00:00,7,0,243,250
2015-07-02 13:00:00,5,2,363,370
2015-07-02 14:00:00,10,5,565,580
2015-07-02 15:00:00,23,6,1021,1050
2015-07-02 16:00:00,32,18,1365,1415
2015-07-02 17:00:00,33,16,1373,1422
2015-07-02 18:00:00,24,14,1397,1435
2015-07-02 19:00:00,54,21,1422,1497
2015-07-02 20:00:00,23,8,1239,1270
2015-07-02 21:00:00,33,13,1352,1398
2015-07-02 22:00:00,31,8,1312,1351
2015-07-02 23:00:00,53,9,1221,1283
2015-07-03 00:00:00,49,9,1083,1141
2015-07-03 01:00:00,34,8,1075,1117
2015-07-03 02:00:00,27,8,1147,1182
2015-07-03 03:00:00,13,3,1019,1035
2015-07-03 04:00:00,22,6,1007,1035
2015-07-03 05:00:00,22,8,915,945
2015-07-03 06:00:00,6,3,554,563
2015-07-03 07:00:00,3,2,337,342
2015-07-03 08:00:00,3,1,121,125
2015-07-03 09:00:00,4,2,108,114
2015-07-03 10:00:00,1,0,95,96
2015-07-03 11:00:00,1,0,146,147
2015-07-03 12:00:00,1,0,211,212
2015-07-03 13:00:00,5,1,350,356
2015-07-03 14:00:00,11,4,592,607
2015-07-03 15:00:00,29,7,1018,1054
2015-07-03 16:00:00,30,16,1257,1303
2015-07-03 17:00:00,41,14,1406,1461
2015-07-03 18:00:00,35,12,1352,1399
2015-07-03 19:00:00,30,8,1382,1420
2015-07-03 20:00:00,34,8,1302,1344
2015-07-03 21:00:00,33,10,1319,1362
2015-07-03 22:00:00,41,11,1299,1351
2015-07-03 23:00:00,21,14,1036,1071
2015-07-04 00:00:00,20,6,904,930
2015-07-04 01:00:00,36,12,885,933
2015-07-04 02:00:00,22,4,886,912
2015-07-04 03:00:00,10,4,954,968
2015-07-04 04:00:00,16,4,923,943
2015-07-04 05:00:00,23,0,738,761
2015-07-04 06:00:00,22,11,496,529
2015-07-04 07:00:00,10,12,300,322
2015-07-04 08:00:00,11,5,188,204
2015-07-04 09:00:00,0,0,84,84
2015-07-04 10:00:00,0,0,94,94
2015-07-04 11:00:00,3,0,122,125
2015-07-04 12:00:00,2,0,164,166
2015-07-04 13:00:00,2,1,278,281
2015-07-04 14:00:00,2,0,480,482
2015-07-04 15:00:00,8,1,660,669
2015-07-04 16:00:00,29,6,963,998
2015-07-04 17:00:00,19,8,939,966
2015-07-04 18:00:00,23,9,894,926
2015-07-04 19:00:00,17,9,988,1014
2015-07-04 20:00:00,14,8,911,933
2015-07-04 21:00:00,24,3,970,997
2015-07-04 22:00:00,29,7,943,979
2015-07-04 23:00:00,22,9,845,876
2015-07-05 00:00:00,33,3,911,947
2015-07-05 01:00:00,34,2,724,760
2015-07-05 02:00:00,10,3,812,825
2015-07-05 03:00:00,19,5,961,985
2015-07-05 04:00:00,9,0,884,893
2015-07-05 05:00:00,25,5,630,660
2015-07-05 06:00:00,14,5,521,540
2015-07-05 07:00:00,17,1,333,351
2015-07-05 08:00:00,6,2,244,252
2015-07-05 09:00:00,1,0,94,95
2015-07-05 10:00:00,1,0,99,100
2015-07-05 11:00:00,2,0,117,119
2015-07-05 12:00:00,2,1,149,152
2015-07-05 13:00:00,3,0,242,245
2015-07-05 14:00:00,29,0,430,459
2015-07-05 15:00:00,58,7,560,625
2015-07-05 16:00:00,10,2,726,738
2015-07-05 17:00:00,29,8,890,927
2015-07-05 18:00:00,13,3,845,861
2015-07-05 19:00:00,16,7,981,1004
2015-07-05 20:00:00,24,2,973,999
2015-07-05 21:00:00,55,17,1055,1127
2015-07-05 22:00:00,35,11,1047,1093
2015-07-05 23:00:00,32,16,945,993
2015-07-06 00:00:00,13,11,994,1018
2015-07-06 01:00:00,11,12,902,925
2015-07-06 02:00:00,34,4,1061,1099
2015-07-06 03:00:00,25,9,1117,1151
2015-07-06 04:00:00,18,7,1072,1097
2015-07-06 05:00:00,16,10,819,845
2015-07-06 06:00:00,16,3,527,546
2015-07-06 07:00:00,9,1,290,300
2015-07-06 08:00:00,1,0,141,142
2015-07-06 09:00:00,2,0,120,122
2015-07-06 10:00:00,1,1,76,78
2015-07-06 11:00:00,2,0,111,113
2015-07-06 12:00:00,6,1,239,246
2015-07-06 13:00:00,12,0,328,340
2015-07-06 14:00:00,10,4,586,600
2015-07-06 15:00:00,33,15,996,1044
2015-07-06 16:00:00,44,29,1342,1415
2015-07-06 17:00:00,34,19,1491,1544
2015-07-06 18:00:00,40,18,1428,1486
2015-07-06 19:00:00,49,20,1821,1890
2015-07-06 20:00:00,40,12,1606,1658
2015-07-06 21:00:00,40,18,1550,1608
2015-07-06 22:00:00,50,14,1604,1668
2015-07-06 23:00:00,47,11,1363,1421
2015-07-07 00:00:00,44,17,1226,1287
2015-07-07 01:00:00,44,14,1194,1252
2015-07-07 02:00:00,26,2,1328,1356
2015-07-07 03:00:00,35,10,1385,1430
2015-07-07 04:00:00,40,5,1302,1347
2015-07-07 05:00:00,21,8,1058,1087
2015-07-07 06:00:00,9,3,679,691
2015-07-07 07:00:00,6,0,403,409
2015-07-07 08:00:00,3,3,196,202
2015-07-07 09:00:00,7,1,116,124
2015-07-07 10:00:00,4,0,132,136
2015-07-07 11:00:00,4,0,163,167
2015-07-07 12:00:00,9,1,216,226
2015-07-07 13:00:00,13,0,427,440
2015-07-07 14:00:00,13,5,631,649
2015-07-07 15:00:00,53,14,1120,1187
2015-07-07 16:00:00,47,44,1247,1338
2015-07-07 17:00:00,33,15,1402,1450
2015-07-07 18:00:00,34,8,1443,1485
2015-07-07 19:00:00,57,29,1620,1706
2015-07-07 20:00:00,49,27,1930,2006
2015-07-07 21:00:00,44,14,1468,1526
2015-07-07 22:00:00,39,12,1480,1531
2015-07-07 23:00:00,37,15,1301,1353
2015-07-08 00:00:00,37,7,1131,1175
2015-07-08 01:00:00,22,4,1097,1123
2015-07-08 02:00:00,29,13,1186,1228
2015-07-08 03:00:00,41,6,1231,1278
2015-07-08 04:00:00,31,12,1316,1359
2015-07-08 05:00:00,13,2,985,1000
2015-07-08 06:00:00,16,12,668,696
2015-07-08 07:00:00,7,1,330,338
2015-07-08 08:00:00,9,0,217,226
2015-07-08 09:00:00,1,0,174,175
2015-07-08 10:00:00,6,0,159,165
2015-07-08 11:00:00,4,4,192,200
2015-07-08 12:00:00,7,1,227,235
2015-07-08 13:00:00,12,3,371,386
2015-07-08 14:00:00,12,3,680,695
2015-07-08 15:00:00,43,25,1073,1141
2015-07-08 16:00:00,54,12,1426,1492
2015-07-08 17:00:00,56,21,1664,1741
2015-07-08 18:00:00,42,18,1568,1628
2015-07-08 19:00:00,58,48,1866,1972
2015-07-08 20:00:00,53,22,1807,1882
2015-07-08 21:00:00,77,21,1701,1799
2015-07-08 22:00:00,39,17,1570,1626
2015-07-08 23:00:00,22,7,1446,1475
2015-07-09 00:00:00,34,13,1183,1230
2015-07-09 01:00:00,44,13,1183,1240
2015-07-09 02:00:00,31,9,1285,1325
2015-07-09 03:00:00,37,13,1313,1363
2015-07-09 04:00:00,27,13,1248,1288
2015-07-09 05:00:00,29,10,1166,1205
2015-07-09 06:00:00,19,5,623,647
2015-07-09 07:00:00,10,0,322,332
2015-07-09 08:00:00,2,2,204,208
2015-07-09 09:00:00,1,0,107,108
2015-07-09 10:00:00,3,0,126,129
2015-07-09 11:00:00,9,2,163,174
2015-07-09 12:00:00,5,0,305,310
2015-07-09 13:00:00,5,0,371,376
2015-07-09 14:00:00,8,2,773,783
2015-07-09 15:00:00,22,4,1065,1091
2015-07-09 16:00:00,44,14,1356,1414
2015-07-09 17:00:00,37,23,1538,1598
2015-07-09 18:00:00,68,15,1521,1604
2015-07-09 19:00:00,36,13,1596,1645
2015-07-09 20:00:00,55,9,1806,1870
2015-07-09 21:00:00,58,21,1747,1826
2015-07-09 22:00:00,42,18,1680,1740
2015-07-09 23:00:00,52,8,1431,1491
2015-07-10 00:00:00,106,12,1287,1405
2015-07-10 01:00:00,62,25,1262,1349
2015-07-10 02:00:00,23,5,1185,1213
2015-07-10 03:00:00,24,3,1159,1186
2015-07-10 04:00:00,30,5,1300,1335
2015-07-10 05:00:00,40,5,1035,1080
2015-07-10 06:00:00,14,4,681,699
2015-07-10 07:00:00,8,2,351,361
2015-07-10 08:00:00,3,1,162,166
2015-07-10 09:00:00,3,2,191,196
2015-07-10 10:00:00,2,0,202,204
2015-07-10 11:00:00,1,1,181,183
2015-07-10 12:00:00,12,2,252,266
2015-07-10 13:00:00,4,4,425,433
2015-07-10 14:00:00,10,2,657,669
2015-07-10 15:00:00,24,8,1120,1152
2015-07-10 16:00:00,44,20,1367,1431
2015-07-10 17:00:00,58,21,1399,1478
2015-07-10 18:00:00,33,13,1458,1504
2015-07-10 19:00:00,39,9,1446,1494
2015-07-10 20:00:00,29,14,1433,1476
2015-07-10 21:00:00,22,13,1375,1410
2015-07-10 22:00:00,33,4,1333,1370
2015-07-10 23:00:00,19,6,1066,1091
2015-07-11 00:00:00,22,2,916,940
2015-07-11 01:00:00,11,4,981,996
2015-07-11 02:00:00,20,4,1009,1033
2015-07-11 03:00:00,15,4,1105,1124
2015-07-11 04:00:00,16,1,1003,1020
2015-07-11 05:00:00,33,4,891,928
2015-07-11 06:00:00,7,0,614,621
2015-07-11 07:00:00,6,4,454,464
2015-07-11 08:00:00,3,0,194,197
2015-07-11 09:00:00,1,0,396,397
2015-07-11 10:00:00,4,2,291,297
2015-07-11 11:00:00,3,1,262,266
2015-07-11 12:00:00,4,0,462,466
2015-07-11 13:00:00,6,2,689,697
2015-07-11 14:00:00,12,5,695,712
2015-07-11 15:00:00,9,2,923,934
2015-07-11 16:00:00,17,3,981,1001
2015-07-11 17:00:00,21,3,1209,1233
2015-07-11 18:00:00,22,9,1183,1214
2015-07-11 19:00:00,16,5,1055,1076
2015-07-11 20:00:00,27,9,1232,1268
2015-07-11 21:00:00,32,13,1277,1322
2015-07-11 22:00:00,54,15,1145,1214
2015-07-11 23:00:00,16,6,1352,1374
2015-07-12 00:00:00,14,6,1204,1224
2015-07-12 01:00:00,9,4,1073,1086
2015-07-12 02:00:00,13,4,1217,1234
2015-07-12 03:00:00,10,0,1063,1073
2015-07-12 04:00:00,12,5,1152,1169
2015-07-12 05:00:00,16,1,1020,1037
2015-07-12 06:00:00,9,1,755,765
2015-07-12 07:00:00,9,1,574,584
2015-07-12 08:00:00,6,1,316,323
2015-07-12 09:00:00,3,2,290,295
2015-07-12 10:00:00,0,0,281,281
2015-07-12 11:00:00,0,0,202,202
2015-07-12 12:00:00,0,0,457,457
2015-07-12 13:00:00,3,0,549,552
2015-07-12 14:00:00,14,0,681,695
2015-07-12 15:00:00,15,3,893,911
2015-07-12 16:00:00,14,3,908,925
2015-07-12 17:00:00,20,10,1189,1219
2015-07-12 18:00:00,26,6,1228,1260
2015-07-12 19:00:00,25,8,1144,1177
2015-07-12 20:00:00,19,6,1141,1166
2015-07-12 21:00:00,41,14,1146,1201
2015-07-12 22:00:00,33,8,1025,1066
2015-07-12 23:00:00,24,8,1193,1225
2015-07-13 00:00:00,20,9,1179,1208
2015-07-13 01:00:00,35,10,1228,1273
2015-07-13 02:00:00,22,8,1309,1339
2015-07-13 03:00:00,26,8,1283,1317
2015-07-13 04:00:00,25,4,1182,1211
2015-07-13 05:00:00,22,7,984,1013
2015-07-13 06:00:00,7,2,655,664
2015-07-13 07:00:00,4,0,374,378
2015-07-13 08:00:00,6,2,300,308
2015-07-13 09:00:00,5,0,250,255
2015-07-13 10:00:00,11,7,199,217
2015-07-13 11:00:00,1,0,280,281
2015-07-13 12:00:00,3,0,226,229
2015-07-13 13:00:00,8,0,487,495
2015-07-13 14:00:00,12,6,852,870
2015-07-13 15:00:00,29,10,1255,1294
2015-07-13 16:00:00,65,10,1564,1639
2015-07-13 17:00:00,53,11,1675,1739
2015-07-13 18:00:00,52,30,1655,1737
2015-07-13 19:00:00,46,17,1794,1857
2015-07-13 20:00:00,72,22,1647,1741
2015-07-13 21:00:00,61,29,1777,1867
2015-07-13 22:00:00,45,13,1580,1638
2015-07-13 23:00:00,39,11,1499,1549
2015-07-14 00:00:00,49,16,1341,1406
2015-07-14 01:00:00,34,11,1276,1321
2015-07-14 02:00:00,27,14,1149,1190
2015-07-14 03:00:00,29,5,1259,1293
2015-07-14 04:00:00,31,23,1318,1372
2015-07-14 05:00:00,14,4,1122,1140
2015-07-14 06:00:00,11,4,617,632
2015-07-14 07:00:00,5,1,324,330
2015-07-14 08:00:00,13,0,272,285
2015-07-14 09:00:00,3,1,176,180
2015-07-14 10:00:00,2,0,91,93
2015-07-14 11:00:00,5,0,209,214
2015-07-14 12:00:00,2,0,288,290
2015-07-14 13:00:00,2,6,500,508
2015-07-14 14:00:00,12,2,683,697
2015-07-14 15:00:00,39,7,1280,1326
2015-07-14 16:00:00,33,14,1466,1513
2015-07-14 17:00:00,43,20,1597,1660
2015-07-14 18:00:00,51,28,1938,2017
2015-07-14 19:00:00,61,27,2018,2106
2015-07-14 20:00:00,47,16,1822,1885
2015-07-14 21:00:00,40,10,1797,1847
2015-07-14 22:00:00,39,10,1748,1797
2015-07-14 23:00:00,42,12,1716,1770
2015-07-15 00:00:00,27,7,1338,1372
2015-07-15 01:00:00,33,13,1245,1291
2015-07-15 02:00:00,23,7,1384,1414
2015-07-15 03:00:00,28,9,1307,1344
2015-07-15 04:00:00,22,11,1260,1293
2015-07-15 05:00:00,11,6,978,995
2015-07-15 06:00:00,16,6,670,692
2015-07-15 07:00:00,4,2,376,382
2015-07-15 08:00:00,4,1,356,361
2015-07-15 09:00:00,3,0,204,207
2015-07-15 10:00:00,0,0,262,262
2015-07-15 11:00:00,0,1,248,249
2015-07-15 12:00:00,3,0,284,287
2015-07-15 13:00:00,11,3,416,430
2015-07-15 14:00:00,11,5,629,645
2015-07-15 15:00:00,23,17,1171,1211
2015-07-15 16:00:00,73,17,1443,1533
2015-07-15 17:00:00,38,35,1500,1573
2015-07-15 18:00:00,50,14,1377,1441
2015-07-15 19:00:00,46,24,1316,1386
2015-07-15 20:00:00,57,7,1456,1520
2015-07-15 21:00:00,38,12,1483,1533
2015-07-15 22:00:00,22,11,1387,1420
2015-07-15 23:00:00,21,8,1271,1300
2015-07-16 00:00:00,13,6,1086,1105
2015-07-16 01:00:00,28,7,1020,1055
2015-07-16 02:00:00,31,6,1109,1146
2015-07-16 03:00:00,18,17,1115,1150
2015-07-16 04:00:00,26,10,1190,1226
2015-07-16 05:00:00,22,15,926,963
2015-07-16 06:00:00,12,4,648,664
2015-07-16 07:00:00,5,0,452,457
2015-07-16 08:00:00,1,0,226,227
2015-07-16 09:00:00,1,1,101,103
2015-07-16 10:00:00,2,0,81,83
2015-07-16 11:00:00,0,0,97,97
2015-07-16 12:00:00,6,0,242,248
2015-07-16 13:00:00,6,2,335,343
2015-07-16 14:00:00,11,2,686,699
2015-07-16 15:00:00,31,9,924,964
2015-07-16 16:00:00,40,17,1205,1262
2015-07-16 17:00:00,105,40,1330,1475
2015-07-16 18:00:00,34,12,1329,1375
2015-07-16 19:00:00,41,18,1376,1435
2015-07-16 20:00:00,40,18,1474,1532
2015-07-16 21:00:00,44,17,1379,1440
2015-07-16 22:00:00,49,30,1303,1382
2015-07-16 23:00:00,50,8,1143,1201
2015-07-17 00:00:00,15,6,939,960
2015-07-17 01:00:00,14,7,803,824
2015-07-17 02:00:00,17,8,906,931
2015-07-17 03:00:00,22,4,1094,1120
2015-07-17 04:00:00,9,2,982,993
2015-07-17 05:00:00,23,5,781,809
2015-07-17 06:00:00,22,9,617,648
2015-07-17 07:00:00,10,0,370,380
2015-07-17 08:00:00,1,0,229,230
2015-07-17 09:00:00,0,0,162,162
2015-07-17 10:00:00,1,0,235,236
2015-07-17 11:00:00,5,0,191,196
2015-07-17 12:00:00,4,2,322,328
2015-07-17 13:00:00,5,1,352,358
2015-07-17 14:00:00,21,10,679,710
2015-07-17 15:00:00,17,8,1007,1032
2015-07-17 16:00:00,25,4,1183,1212
2015-07-17 17:00:00,22,13,1358,1393
2015-07-17 18:00:00,22,7,1223,1252
2015-07-17 19:00:00,34,9,1250,1293
2015-07-17 20:00:00,44,2,1357,1403
2015-07-17 21:00:00,60,14,1444,1518
2015-07-17 22:00:00,37,24,1168,1229
2015-07-17 23:00:00,18,4,947,969
2015-07-18 00:00:00,30,11,913,954
2015-07-18 01:00:00,22,3,961,986
2015-07-18 02:00:00,19,3,840,862
2015-07-18 03:00:00,15,3,904,922
2015-07-18 04:00:00,22,2,935,959
2015-07-18 05:00:00,40,7,846,893
2015-07-18 06:00:00,4,2,462,468
2015-07-18 07:00:00,11,5,285,301
2015-07-18 08:00:00,1,0,179,180
2015-07-18 09:00:00,1,0,98,99
2015-07-18 10:00:00,0,0,79,79
2015-07-18 11:00:00,1,0,125,126
2015-07-18 12:00:00,0,0,202,202
2015-07-18 13:00:00,14,0,326,340
2015-07-18 14:00:00,9,0,460,469
2015-07-18 15:00:00,7,0,576,583
2015-07-18 16:00:00,20,3,806,829
2015-07-18 17:00:00,26,12,931,969
2015-07-18 18:00:00,29,8,960,997
2015-07-18 19:00:00,48,14,1068,1130
2015-07-18 20:00:00,21,5,1222,1248
2015-07-18 21:00:00,24,8,978,1010
2015-07-18 22:00:00,15,10,976,1001
2015-07-18 23:00:00,20,6,856,882
2015-07-19 00:00:00,12,5,880,897
2015-07-19 01:00:00,17,4,838,859
2015-07-19 02:00:00,13,2,760,775
2015-07-19 03:00:00,9,0,826,835
2015-07-19 04:00:00,19,3,854,876
2015-07-19 05:00:00,21,6,539,566
2015-07-19 06:00:00,13,0,304,317
2015-07-19 07:00:00,6,1,170,177
2015-07-19 08:00:00,2,1,214,217
2015-07-19 09:00:00,1,0,133,134
2015-07-19 10:00:00,1,0,89,90
2015-07-19 11:00:00,4,0,130,134
2015-07-19 12:00:00,10,1,167,178
2015-07-19 13:00:00,5,1,250,256
2015-07-19 14:00:00,9,3,388,400
2015-07-19 15:00:00,27,17,968,1012
2015-07-19 16:00:00,18,5,996,1019
2015-07-19 17:00:00,16,5,1165,1186
2015-07-19 18:00:00,41,13,1241,1295
2015-07-19 19:00:00,28,8,1068,1104
2015-07-19 20:00:00,26,12,1331,1369
2015-07-19 21:00:00,31,18,1012,1061
2015-07-19 22:00:00,24,3,1056,1083
2015-07-19 23:00:00,19,8,937,964
2015-07-20 00:00:00,22,2,1033,1057
2015-07-20 01:00:00,26,3,1044,1073
2015-07-20 02:00:00,25,3,1176,1204
2015-07-20 03:00:00,50,2,1183,1235
2015-07-20 04:00:00,35,17,1202,1254
2015-07-20 05:00:00,44,8,1115,1167
2015-07-20 06:00:00,17,4,717,738
2015-07-20 07:00:00,12,5,484,501
2015-07-20 08:00:00,2,1,264,267
2015-07-20 09:00:00,1,0,256,257
2015-07-20 10:00:00,2,0,148,150
2015-07-20 11:00:00,7,3,246,256
2015-07-20 12:00:00,5,2,228,235
2015-07-20 13:00:00,9,0,475,484
2015-07-20 14:00:00,30,9,718,757
2015-07-20 15:00:00,31,10,1076,1117
2015-07-20 16:00:00,40,14,1455,1509
2015-07-20 17:00:00,58,21,1682,1761
2015-07-20 18:00:00,55,29,1724,1808
2015-07-20 19:00:00,79,25,1834,1938
2015-07-20 20:00:00,65,18,1779,1862
2015-07-20 21:00:00,49,21,1613,1683
2015-07-20 22:00:00,30,14,1567,1611
2015-07-20 23:00:00,33,21,1354,1408
2015-07-21 00:00:00,38,15,1157,1210
2015-07-21 01:00:00,30,5,1053,1088
2015-07-21 02:00:00,27,4,1141,1172
2015-07-21 03:00:00,28,7,1159,1194
2015-07-21 04:00:00,33,4,1236,1273
2015-07-21 05:00:00,23,13,1032,1068
2015-07-21 06:00:00,8,0,591,599
2015-07-21 07:00:00,5,1,322,328
2015-07-21 08:00:00,4,1,198,203
2015-07-21 09:00:00,1,0,129,130
2015-07-21 10:00:00,4,1,121,126
2015-07-21 11:00:00,4,1,180,185
2015-07-21 12:00:00,2,0,236,238
2015-07-21 13:00:00,12,2,434,448
2015-07-21 14:00:00,19,5,662,686
2015-07-21 15:00:00,29,14,1135,1178
2015-07-21 16:00:00,40,13,1409,1462
2015-07-21 17:00:00,54,16,1570,1640
2015-07-21 18:00:00,60,33,1515,1608
2015-07-21 19:00:00,66,28,1589,1683
2015-07-21 20:00:00,64,12,1493,1569
2015-07-21 21:00:00,40,21,1591,1652
2015-07-21 22:00:00,38,15,1477,1530
2015-07-21 23:00:00,44,16,1283,1343
2015-07-22 00:00:00,36,13,1167,1216
2015-07-22 01:00:00,64,25,1160,1249
2015-07-22 02:00:00,40,16,1204,1260
2015-07-22 03:00:00,26,14,1198,1238
2015-07-22 04:00:00,24,8,1216,1248
2015-07-22 05:00:00,30,3,1022,1055
2015-07-22 06:00:00,12,3,441,456
2015-07-22 07:00:00,6,3,264,273
2015-07-22 08:00:00,7,0,203,210
2015-07-22 09:00:00,2,2,127,131
2015-07-22 10:00:00,1,0,119,120
2015-07-22 11:00:00,2,3,174,179
2015-07-22 12:00:00,5,3,257,265
2015-07-22 13:00:00,14,0,348,362
2015-07-22 14:00:00,17,2,647,666
2015-07-22 15:00:00,37,18,1035,1090
2015-07-22 16:00:00,26,15,1187,1228
2015-07-22 17:00:00,48,17,1405,1470
2015-07-22 18:00:00,58,21,1424,1503
2015-07-22 19:00:00,53,21,1284,1358
2015-07-22 20:00:00,91,22,1479,1592
2015-07-22 21:00:00,67,26,1417,1510
2015-07-22 22:00:00,70,17,1299,1386
2015-07-22 23:00:00,35,15,1212,1262
2015-07-23 00:00:00,34,10,977,1021
2015-07-23 01:00:00,52,30,1034,1116
2015-07-23 02:00:00,47,12,1118,1177
2015-07-23 03:00:00,25,4,1051,1080
2015-07-23 04:00:00,28,5,1159,1192
2015-07-23 05:00:00,18,7,852,877
2015-07-23 06:00:00,18,5,502,525
2015-07-23 07:00:00,10,3,322,335
2015-07-23 08:00:00,1,0,230,231
2015-07-23 09:00:00,1,0,144,145
2015-07-23 10:00:00,0,0,104,104
2015-07-23 11:00:00,4,1,127,132
2015-07-23 12:00:00,5,1,222,228
2015-07-23 13:00:00,15,3,391,409
2015-07-23 14:00:00,4,0,508,512
2015-07-23 15:00:00,26,6,834,866
2015-07-23 16:00:00,50,12,1390,1452
2015-07-23 17:00:00,60,22,1541,1623
2015-07-23 18:00:00,49,19,1351,1419
2015-07-23 19:00:00,39,34,1375,1448
2015-07-23 20:00:00,43,17,1307,1367
2015-07-23 21:00:00,33,11,1460,1504
2015-07-23 22:00:00,53,16,1420,1489
2015-07-23 23:00:00,42,16,1291,1349
2015-07-24 00:00:00,18,4,1198,1220
2015-07-24 01:00:00,25,6,1127,1158
2015-07-24 02:00:00,31,7,1053,1091
2015-07-24 03:00:00,29,1,1254,1284
2015-07-24 04:00:00,33,5,1210,1248
2015-07-24 05:00:00,48,3,836,887
2015-07-24 06:00:00,13,0,727,740
2015-07-24 07:00:00,16,1,372,389
2015-07-24 08:00:00,2,4,318,324
2015-07-24 09:00:00,1,0,327,328
2015-07-24 10:00:00,8,0,207,215
2015-07-24 11:00:00,4,3,243,250
2015-07-24 12:00:00,2,1,242,245
2015-07-24 13:00:00,8,1,434,443
2015-07-24 14:00:00,15,3,569,587
2015-07-24 15:00:00,22,11,1003,1036
2015-07-24 16:00:00,31,16,1342,1389
2015-07-24 17:00:00,46,17,1554,1617
2015-07-24 18:00:00,24,17,1572,1613
2015-07-24 19:00:00,41,16,1369,1426
2015-07-24 20:00:00,27,7,1444,1478
2015-07-24 21:00:00,56,7,1281,1344
2015-07-24 22:00:00,22,3,1295,1320
2015-07-24 23:00:00,23,4,1096,1123
2015-07-25 00:00:00,26,9,877,912
2015-07-25 01:00:00,14,3,786,803
2015-07-25 02:00:00,32,5,1019,1056
2015-07-25 03:00:00,30,3,1026,1059
2015-07-25 04:00:00,25,8,1265,1298
2015-07-25 05:00:00,25,10,1160,1195
2015-07-25 06:00:00,11,2,770,783
2015-07-25 07:00:00,11,4,595,610
2015-07-25 08:00:00,7,0,398,405
2015-07-25 09:00:00,3,0,263,266
2015-07-25 10:00:00,16,1,222,239
2015-07-25 11:00:00,2,1,384,387
2015-07-25 12:00:00,7,0,594,601
2015-07-25 13:00:00,8,0,791,799
2015-07-25 14:00:00,12,1,976,989
2015-07-25 15:00:00,27,3,1209,1239
2015-07-25 16:00:00,26,3,1580,1609
2015-07-25 17:00:00,17,10,1863,1890
2015-07-25 18:00:00,18,19,1922,1959
2015-07-25 19:00:00,11,6,1819,1836
2015-07-25 20:00:00,37,8,1888,1933
2015-07-25 21:00:00,15,3,1749,1767
2015-07-25 22:00:00,36,13,1698,1747
2015-07-25 23:00:00,23,4,1697,1724
2015-07-26 00:00:00,37,4,1638,1679
2015-07-26 01:00:00,32,2,1569,1603
2015-07-26 02:00:00,29,13,1657,1699
2015-07-26 03:00:00,12,8,1686,1706
2015-07-26 04:00:00,21,9,1884,1914
2015-07-26 05:00:00,24,9,1874,1907
2015-07-26 06:00:00,19,0,1304,1323
2015-07-26 07:00:00,13,9,749,771
2015-07-26 08:00:00,2,1,434,437
2015-07-26 09:00:00,1,0,250,251
2015-07-26 10:00:00,8,0,164,172
2015-07-26 11:00:00,3,0,294,297
2015-07-26 12:00:00,5,0,451,456
2015-07-26 13:00:00,10,0,500,510
2015-07-26 14:00:00,17,4,897,918
2015-07-26 15:00:00,9,0,1278,1287
2015-07-26 16:00:00,35,20,1612,1667
2015-07-26 17:00:00,26,13,1894,1933
2015-07-26 18:00:00,35,10,1925,1970
2015-07-26 19:00:00,23,6,2048,2077
2015-07-26 20:00:00,26,10,2014,2050
2015-07-26 21:00:00,21,9,2054,2084
2015-07-26 22:00:00,53,15,2006,2074
2015-07-26 23:00:00,20,2,1896,1918
2015-07-27 00:00:00,24,12,2171,2207
2015-07-27 01:00:00,14,8,2058,2080
2015-07-27 02:00:00,21,4,1903,1928
2015-07-27 03:00:00,34,4,1960,1998
2015-07-27 04:00:00,25,18,2089,2132
2015-07-27 05:00:00,14,6,1770,1790
2015-07-27 06:00:00,15,7,894,916
2015-07-27 07:00:00,6,1,499,506
2015-07-27 08:00:00,6,5,179,190
2015-07-27 09:00:00,3,2,116,121
2015-07-27 10:00:00,2,5,111,118
2015-07-27 11:00:00,5,3,185,193
2015-07-27 12:00:00,4,1,183,188
2015-07-27 13:00:00,2,0,367,369
2015-07-27 14:00:00,21,4,571,596
2015-07-27 15:00:00,47,17,1056,1120
2015-07-27 16:00:00,61,15,1351,1427
2015-07-27 17:00:00,55,29,1410,1494
2015-07-27 18:00:00,59,17,1582,1658
2015-07-27 19:00:00,55,15,1493,1563
2015-07-27 20:00:00,43,32,1431,1506
2015-07-27 21:00:00,55,17,1642,1714
2015-07-27 22:00:00,55,23,1402,1480
2015-07-27 23:00:00,47,22,1199,1268
2015-07-28 00:00:00,36,14,1035,1085
2015-07-28 01:00:00,60,7,970,1037
2015-07-28 02:00:00,37,14,1212,1263
2015-07-28 03:00:00,40,16,1234,1290
2015-07-28 04:00:00,33,4,1135,1172
2015-07-28 05:00:00,31,14,913,958
2015-07-28 06:00:00,11,5,542,558
2015-07-28 07:00:00,3,0,318,321
2015-07-28 08:00:00,3,1,200,204
2015-07-28 09:00:00,0,0,140,140
2015-07-28 10:00:00,0,0,141,141
2015-07-28 11:00:00,2,0,131,133
2015-07-28 12:00:00,6,2,258,266
2015-07-28 13:00:00,12,1,402,415
2015-07-28 14:00:00,25,12,617,654
2015-07-28 15:00:00,41,18,1119,1178
2015-07-28 16:00:00,44,25,1353,1422
2015-07-28 17:00:00,73,20,1322,1415
2015-07-28 18:00:00,40,26,1370,1436
2015-07-28 19:00:00,42,15,1392,1449
2015-07-28 20:00:00,48,18,1297,1363
2015-07-28 21:00:00,36,21,1321,1378
2015-07-28 22:00:00,60,24,1378,1462
2015-07-28 23:00:00,38,16,1186,1240
2015-07-29 00:00:00,33,8,1140,1181
2015-07-29 01:00:00,27,10,1130,1167
2015-07-29 02:00:00,24,11,1121,1156
2015-07-29 03:00:00,23,6,1111,1140
2015-07-29 04:00:00,23,17,1201,1241
2015-07-29 05:00:00,32,11,956,999
2015-07-29 06:00:00,24,9,554,587
2015-07-29 07:00:00,10,1,304,315
2015-07-29 08:00:00,1,0,199,200
2015-07-29 09:00:00,0,0,207,207
2015-07-29 10:00:00,2,0,153,155
2015-07-29 11:00:00,2,0,182,184
2015-07-29 12:00:00,8,4,297,309
2015-07-29 13:00:00,3,4,501,508
2015-07-29 14:00:00,14,0,691,705
2015-07-29 15:00:00,39,9,1040,1088
2015-07-29 16:00:00,46,28,1354,1428
2015-07-29 17:00:00,38,15,1384,1437
2015-07-29 18:00:00,56,21,1492,1569
2015-07-29 19:00:00,45,17,1397,1459
2015-07-29 20:00:00,46,25,1429,1500
2015-07-29 21:00:00,51,19,1618,1688
2015-07-29 22:00:00,41,13,1461,1515
2015-07-29 23:00:00,42,12,1408,1462
2015-07-30 00:00:00,46,23,1343,1412
2015-07-30 01:00:00,26,7,1066,1099
2015-07-30 02:00:00,32,18,1035,1085
2015-07-30 03:00:00,40,7,1048,1095
2015-07-30 04:00:00,24,14,1096,1134
2015-07-30 05:00:00,30,7,920,957
2015-07-30 06:00:00,20,6,616,642
2015-07-30 07:00:00,3,4,354,361
2015-07-30 08:00:00,7,0,193,200
2015-07-30 09:00:00,1,0,111,112
2015-07-30 10:00:00,2,2,138,142
2015-07-30 11:00:00,3,0,160,163
2015-07-30 12:00:00,5,1,203,209
2015-07-30 13:00:00,4,0,355,359
2015-07-30 14:00:00,10,1,560,571
2015-07-30 15:00:00,42,21,969,1032
2015-07-30 16:00:00,36,15,1188,1239
2015-07-30 17:00:00,46,20,1406,1472
2015-07-30 18:00:00,27,11,1240,1278
2015-07-30 19:00:00,35,9,1338,1382
2015-07-30 20:00:00,25,18,1320,1363
2015-07-30 21:00:00,33,4,1258,1295
2015-07-30 22:00:00,40,13,1262,1315
2015-07-30 23:00:00,30,13,1014,1057
2015-07-31 00:00:00,28,17,1059,1104
2015-07-31 01:00:00,24,7,833,864
2015-07-31 02:00:00,26,5,872,903
2015-07-31 03:00:00,29,9,843,881
2015-07-31 04:00:00,16,8,803,827
2015-07-31 05:00:00,24,2,722,748
2015-07-31 06:00:00,12,2,554,568
2015-07-31 07:00:00,6,2,363,371
2015-07-31 08:00:00,7,2,148,157
2015-07-31 09:00:00,5,0,147,152
2015-07-31 10:00:00,3,0,120,123
2015-07-31 11:00:00,5,0,171,176
2015-07-31 12:00:00,4,0,240,244
2015-07-31 13:00:00,11,0,360,371
2015-07-31 14:00:00,11,0,600,611
2015-07-31 15:00:00,36,10,937,983
2015-07-31 16:00:00,36,12,1254,1302
2015-07-31 17:00:00,42,10,1221,1273
2015-07-31 18:00:00,48,18,1310,1376
2015-07-31 19:00:00,33,13,882,928
2015-07-31 20:00:00,40,16,1336,1392
2015-07-31 21:00:00,46,16,1301,1363
2015-07-31 22:00:00,29,10,1167,1206
2015-07-31 23:00:00,23,7,989,1019
2015-08-01 00:00:00,17,5,822,844
2015-08-01 01:00:00,27,7,809,843
2015-08-01 02:00:00,17,3,795,815
2015-08-01 03:00:00,20,3,891,914
2015-08-01 04:00:00,24,0,930,954
2015-08-01 05:00:00,13,2,789,804
2015-08-01 06:00:00,15,2,482,499
2015-08-01 07:00:00,8,0,294,302
2015-08-01 08:00:00,5,1,195,201
2015-08-01 09:00:00,9,0,119,128
2015-08-01 10:00:00,0,0,142,142
2015-08-01 11:00:00,9,1,141,151
2015-08-01 12:00:00,4,0,218,222
2015-08-01 13:00:00,5,0,267,272
2015-08-01 14:00:00,12,0,432,444
2015-08-01 15:00:00,7,3,596,606
2015-08-01 16:00:00,20,4,740,764
2015-08-01 17:00:00,22,7,854,883
2015-08-01 18:00:00,21,8,951,980
2015-08-01 19:00:00,30,12,961,1003
2015-08-01 20:00:00,23,5,858,886
2015-08-01 21:00:00,13,2,897,912
2015-08-01 22:00:00,33,10,983,1026
2015-08-01 23:00:00,30,4,830,864
2015-08-02 00:00:00,27,10,955,992
2015-08-02 01:00:00,24,4,887,915
2015-08-02 02:00:00,21,6,860,887
2015-08-02 03:00:00,22,3,840,865
2015-08-02 04:00:00,8,2,831,841
2015-08-02 05:00:00,14,6,696,716
2015-08-02 06:00:00,10,5,521,536
2015-08-02 07:00:00,4,1,355,360
2015-08-02 08:00:00,6,0,205,211
2015-08-02 09:00:00,0,0,94,94
2015-08-02 10:00:00,1,0,102,103
2015-08-02 11:00:00,0,5,134,139
2015-08-02 12:00:00,4,0,226,230
2015-08-02 13:00:00,5,0,287,292
2015-08-02 14:00:00,16,2,433,451
2015-08-02 15:00:00,12,8,531,551
2015-08-02 16:00:00,19,2,769,790
2015-08-02 17:00:00,23,8,794,825
2015-08-02 18:00:00,22,4,843,869
2015-08-02 19:00:00,25,7,831,863
2015-08-02 20:00:00,30,7,868,905
2015-08-02 21:00:00,13,6,855,874
2015-08-02 22:00:00,27,9,930,966
2015-08-02 23:00:00,29,10,906,945
2015-08-03 00:00:00,28,14,935,977
2015-08-03 01:00:00,19,5,950,974
2015-08-03 02:00:00,22,7,914,943
2015-08-03 03:00:00,13,5,993,1011
2015-08-03 04:00:00,26,6,964,996
2015-08-03 05:00:00,17,6,749,772
2015-08-03 06:00:00,6,4,472,482
2015-08-03 07:00:00,2,0,281,283
2015-08-03 08:00:00,3,1,155,159
2015-08-03 09:00:00,6,0,111,117
2015-08-03 10:00:00,1,0,109,110
2015-08-03 11:00:00,2,1,165,168
2015-08-03 12:00:00,3,1,192,196
2015-08-03 13:00:00,4,0,290,294
2015-08-03 14:00:00,9,3,502,514
2015-08-03 15:00:00,19,3,977,999
2015-08-03 16:00:00,49,12,1077,1138
2015-08-03 17:00:00,48,23,1327,1398
2015-08-03 18:00:00,65,20,1604,1689
2015-08-03 19:00:00,60,33,1666,1759
2015-08-03 20:00:00,48,19,1616,1683
2015-08-03 21:00:00,39,14,1511,1564
2015-08-03 22:00:00,44,12,1498,1554
2015-08-03 23:00:00,36,9,1444,1489
2015-08-04 00:00:00,29,9,1142,1180
2015-08-04 01:00:00,55,13,1156,1224
2015-08-04 02:00:00,22,12,1095,1129
2015-08-04 03:00:00,35,11,1186,1232
2015-08-04 04:00:00,29,8,1086,1123
2015-08-04 05:00:00,22,3,853,878
2015-08-04 06:00:00,13,5,578,596
2015-08-04 07:00:00,7,1,309,317
2015-08-04 08:00:00,7,1,199,207
2015-08-04 09:00:00,0,0,110,110
2015-08-04 10:00:00,3,0,116,119
2015-08-04 11:00:00,3,2,168,173
2015-08-04 12:00:00,1,1,216,218
2015-08-04 13:00:00,8,3,397,408
2015-08-04 14:00:00,26,3,680,709
2015-08-04 15:00:00,16,7,982,1005
2015-08-04 16:00:00,39,17,1230,1286
2015-08-04 17:00:00,53,21,1244,1318
2015-08-04 18:00:00,40,17,1363,1420
2015-08-04 19:00:00,35,13,1335,1383
2015-08-04 20:00:00,42,16,1354,1412
2015-08-04 21:00:00,43,12,1244,1299
2015-08-04 22:00:00,24,17,1196,1237
2015-08-04 23:00:00,36,17,1199,1252
2015-08-05 00:00:00,26,5,974,1005
2015-08-05 01:00:00,20,9,886,915
2015-08-05 02:00:00,14,7,858,879
2015-08-05 03:00:00,32,13,1002,1047
2015-08-05 04:00:00,34,6,963,1003
2015-08-05 05:00:00,27,11,825,863
2015-08-05 06:00:00,9,2,385,396
2015-08-05 07:00:00,12,1,299,312
2015-08-05 08:00:00,4,4,173,181
2015-08-05 09:00:00,8,1,113,122
2015-08-05 10:00:00,0,0,133,133
2015-08-05 11:00:00,5,1,126,132
2015-08-05 12:00:00,14,1,273,288
2015-08-05 13:00:00,9,0,330,339
2015-08-05 14:00:00,17,3,625,645
2015-08-05 15:00:00,27,14,1015,1056
2015-08-05 16:00:00,37,14,1224,1275
2015-08-05 17:00:00,61,22,1383,1466
2015-08-05 18:00:00,45,19,1290,1354
2015-08-05 19:00:00,29,13,1378,1420
2015-08-05 20:00:00,46,22,1345,1413
2015-08-05 21:00:00,55,25,1384,1464
2015-08-05 22:00:00,42,26,1359,1427
2015-08-05 23:00:00,53,18,1199,1270
2015-08-06 00:00:00,31,4,975,1010
2015-08-06 01:00:00,11,5,923,939
2015-08-06 02:00:00,31,6,1064,1101
2015-08-06 03:00:00,28,5,1051,1084
2015-08-06 04:00:00,24,3,1091,1118
2015-08-06 05:00:00,15,5,784,804
2015-08-06 06:00:00,27,6,611,644
2015-08-06 07:00:00,16,0,302,318
2015-08-06 08:00:00,3,1,200,204
2015-08-06 09:00:00,3,0,98,101
2015-08-06 10:00:00,4,0,192,196
2015-08-06 11:00:00,2,0,157,159
2015-08-06 12:00:00,6,0,245,251
2015-08-06 13:00:00,8,1,438,447
2015-08-06 14:00:00,17,4,648,669
2015-08-06 15:00:00,19,10,976,1005
2015-08-06 16:00:00,36,18,1181,1235
2015-08-06 17:00:00,32,10,1293,1335
2015-08-06 18:00:00,34,10,1308,1352
2015-08-06 19:00:00,43,9,1175,1227
2015-08-06 20:00:00,46,11,1267,1324
2015-08-06 21:00:00,25,6,1225,1256
2015-08-06 22:00:00,40,6,1320,1366
2015-08-06 23:00:00,33,7,1145,1185
2015-08-07 00:00:00,35,13,994,1042
2015-08-07 01:00:00,25,8,978,1011
2015-08-07 02:00:00,45,7,991,1043
2015-08-07 03:00:00,8,4,860,872
2015-08-07 04:00:00,24,2,903,929
2015-08-07 05:00:00,21,4,774,799
2015-08-07 06:00:00,21,6,442,469
2015-08-07 07:00:00,9,8,287,304
2015-08-07 08:00:00,0,0,146,146
2015-08-07 09:00:00,0,1,124,125
2015-08-07 10:00:00,1,0,117,118
2015-08-07 11:00:00,2,0,139,141
2015-08-07 12:00:00,8,2,234,244
2015-08-07 13:00:00,4,2,362,368
2015-08-07 14:00:00,18,1,591,610
2015-08-07 15:00:00,25,6,893,924
2015-08-07 16:00:00,40,17,1252,1309
2015-08-07 17:00:00,48,12,1454,1514
2015-08-07 18:00:00,70,17,1229,1316
2015-08-07 19:00:00,48,21,1262,1331
2015-08-07 20:00:00,39,14,1186,1239
2015-08-07 21:00:00,31,11,1208,1250
2015-08-07 22:00:00,36,12,1162,1210
2015-08-07 23:00:00,43,7,982,1032
2015-08-08 00:00:00,15,3,699,717
2015-08-08 01:00:00,18,6,739,763
2015-08-08 02:00:00,26,6,714,746
2015-08-08 03:00:00,18,2,741,761
2015-08-08 04:00:00,11,4,824,839
2015-08-08 05:00:00,31,2,662,695
2015-08-08 06:00:00,8,3,451,462
2015-08-08 07:00:00,5,1,251,257
2015-08-08 08:00:00,2,0,129,131
2015-08-08 09:00:00,0,0,113,113
2015-08-08 10:00:00,1,0,99,100
2015-08-08 11:00:00,0,0,111,111
2015-08-08 12:00:00,4,0,183,187
2015-08-08 13:00:00,4,1,283,288
2015-08-08 14:00:00,10,0,379,389
2015-08-08 15:00:00,11,4,496,511
2015-08-08 16:00:00,20,4,622,646
2015-08-08 17:00:00,17,3,702,722
2015-08-08 18:00:00,23,2,717,742
2015-08-08 19:00:00,27,4,719,750
2015-08-08 20:00:00,33,18,766,817
2015-08-08 21:00:00,17,1,709,727
2015-08-08 22:00:00,20,1,677,698
2015-08-08 23:00:00,10,2,673,685
2015-08-09 00:00:00,18,3,645,666
2015-08-09 01:00:00,22,5,762,789
2015-08-09 02:00:00,13,2,662,677
2015-08-09 03:00:00,20,6,808,834
2015-08-09 04:00:00,27,3,687,717
2015-08-09 05:00:00,9,1,618,628
2015-08-09 06:00:00,4,2,410,416
2015-08-09 07:00:00,4,1,279,284
2015-08-09 08:00:00,1,0,191,192
2015-08-09 09:00:00,3,0,118,121
2015-08-09 10:00:00,3,0,191,194
2015-08-09 11:00:00,1,2,131,134
2015-08-09 12:00:00,4,0,152,156
2015-08-09 13:00:00,7,0,283,290
2015-08-09 14:00:00,15,1,402,418
2015-08-09 15:00:00,2,2,508,512
2015-08-09 16:00:00,7,4,704,715
2015-08-09 17:00:00,17,3,713,733
2015-08-09 18:00:00,9,6,758,773
2015-08-09 19:00:00,23,2,723,748
2015-08-09 20:00:00,22,7,734,763
2015-08-09 21:00:00,23,1,762,786
2015-08-09 22:00:00,20,2,761,783
2015-08-09 23:00:00,29,7,752,788
2015-08-10 00:00:00,14,2,779,795
2015-08-10 01:00:00,18,4,735,757
2015-08-10 02:00:00,18,5,880,903
2015-08-10 03:00:00,40,3,892,935
2015-08-10 04:00:00,17,3,744,764
2015-08-10 05:00:00,15,0,633,648
2015-08-10 06:00:00,13,0,408,421
2015-08-10 07:00:00,2,1,244,247
2015-08-10 08:00:00,6,0,150,156
2015-08-10 09:00:00,4,0,149,153
2015-08-10 10:00:00,8,1,142,151
2015-08-10 11:00:00,3,0,109,112
2015-08-10 12:00:00,3,0,181,184
2015-08-10 13:00:00,3,0,318,321
2015-08-10 14:00:00,8,1,566,575
2015-08-10 15:00:00,8,4,864,876
2015-08-10 16:00:00,25,9,1061,1095
2015-08-10 17:00:00,44,2,1248,1294
2015-08-10 18:00:00,59,29,1274,1362
2015-08-10 19:00:00,41,13,1236,1290
2015-08-10 20:00:00,35,10,1293,1338
2015-08-10 21:00:00,40,15,1356,1411
2015-08-10 22:00:00,73,12,1389,1474
2015-08-10 23:00:00,26,15,1121,1162
2015-08-11 00:00:00,20,6,855,881
2015-08-11 01:00:00,19,3,880,902
2015-08-11 02:00:00,25,7,877,909
2015-08-11 03:00:00,29,2,876,907
2015-08-11 04:00:00,14,5,798,817
2015-08-11 05:00:00,12,5,683,700
2015-08-11 06:00:00,15,1,526,542
2015-08-11 07:00:00,7,3,272,282
2015-08-11 08:00:00,2,1,171,174
2015-08-11 09:00:00,3,0,115,118
2015-08-11 10:00:00,0,0,92,92
2015-08-11 11:00:00,2,0,181,183
2015-08-11 12:00:00,2,0,203,205
2015-08-11 13:00:00,13,4,413,430
2015-08-11 14:00:00,14,6,694,714
2015-08-11 15:00:00,20,10,928,958
2015-08-11 16:00:00,31,13,1103,1147
2015-08-11 17:00:00,22,13,994,1029
2015-08-11 18:00:00,18,11,1144,1173
2015-08-11 19:00:00,20,6,1120,1146
2015-08-11 20:00:00,21,6,1247,1274
2015-08-11 21:00:00,26,8,1189,1223
2015-08-11 22:00:00,36,12,1137,1185
2015-08-11 23:00:00,16,7,1192,1215
2015-08-12 00:00:00,21,3,876,900
2015-08-12 01:00:00,23,4,873,900
2015-08-12 02:00:00,27,7,881,915
2015-08-12 03:00:00,17,1,888,906
2015-08-12 04:00:00,17,4,897,918
2015-08-12 05:00:00,7,3,710,720
2015-08-12 06:00:00,19,1,445,465
2015-08-12 07:00:00,5,1,300,306
2015-08-12 08:00:00,1,0,236,237
2015-08-12 09:00:00,1,0,176,177
2015-08-12 10:00:00,3,0,239,242
2015-08-12 11:00:00,3,0,224,227
2015-08-12 12:00:00,5,2,290,297
2015-08-12 13:00:00,9,2,509,520
2015-08-12 14:00:00,19,9,662,690
2015-08-12 15:00:00,29,10,978,1017
2015-08-12 16:00:00,46,11,1161,1218
2015-08-12 17:00:00,50,33,1257,1340
2015-08-12 18:00:00,39,8,1326,1373
2015-08-12 19:00:00,39,14,1286,1339
2015-08-12 20:00:00,40,10,1158,1208
2015-08-12 21:00:00,51,23,1372,1446
2015-08-12 22:00:00,53,30,1480,1563
2015-08-12 23:00:00,33,19,1107,1159
2015-08-13 00:00:00,29,8,938,975
2015-08-13 01:00:00,17,3,898,918
2015-08-13 02:00:00,33,8,940,981
2015-08-13 03:00:00,25,3,975,1003
2015-08-13 04:00:00,14,1,959,974
2015-08-13 05:00:00,24,12,840,876
2015-08-13 06:00:00,30,1,459,490
2015-08-13 07:00:00,6,5,344,355
2015-08-13 08:00:00,21,0,197,218
2015-08-13 09:00:00,1,1,152,154
2015-08-13 10:00:00,1,0,123,124
2015-08-13 11:00:00,2,0,218,220
2015-08-13 12:00:00,5,0,260,265
2015-08-13 13:00:00,5,1,418,424
2015-08-13 14:00:00,10,1,615,626
2015-08-13 15:00:00,17,10,860,887
2015-08-13 16:00:00,39,15,1134,1188
2015-08-13 17:00:00,39,21,1204,1264
2015-08-13 18:00:00,38,10,1093,1141
2015-08-13 19:00:00,30,28,1250,1308
2015-08-13 20:00:00,33,19,1166,1218
2015-08-13 21:00:00,18,8,1271,1297
2015-08-13 22:00:00,30,15,1132,1177
2015-08-13 23:00:00,49,7,1020,1076
2015-08-14 00:00:00,30,5,863,898
2015-08-14 01:00:00,27,2,743,772
2015-08-14 02:00:00,34,11,791,836
2015-08-14 03:00:00,21,5,894,920
2015-08-14 04:00:00,30,4,865,899
2015-08-14 05:00:00,12,4,627,643
2015-08-14 06:00:00,3,3,385,391
2015-08-14 07:00:00,5,1,276,282
2015-08-14 08:00:00,2,1,124,127
2015-08-14 09:00:00,2,0,130,132
2015-08-14 10:00:00,0,0,69,69
2015-08-14 11:00:00,0,0,114,114
2015-08-14 12:00:00,5,1,210,216
2015-08-14 13:00:00,13,2,303,318
2015-08-14 14:00:00,6,2,541,549
2015-08-14 15:00:00,15,6,890,911
2015-08-14 16:00:00,24,13,998,1035
2015-08-14 17:00:00,28,8,1185,1221
2015-08-14 18:00:00,26,11,1047,1084
2015-08-14 19:00:00,23,5,1105,1133
2015-08-14 20:00:00,38,7,1203,1248
2015-08-14 21:00:00,40,6,1231,1277
2015-08-14 22:00:00,26,8,1009,1043
2015-08-14 23:00:00,12,7,839,858
2015-08-15 00:00:00,26,3,836,865
2015-08-15 01:00:00,22,5,754,781
2015-08-15 02:00:00,29,5,820,854
2015-08-15 03:00:00,18,7,752,777
2015-08-15 04:00:00,9,5,714,728
2015-08-15 05:00:00,6,0,628,634
2015-08-15 06:00:00,27,1,448,476
2015-08-15 07:00:00,7,3,244,254
2015-08-15 08:00:00,2,1,126,129
2015-08-15 09:00:00,0,0,96,96
2015-08-15 10:00:00,0,0,94,94
2015-08-15 11:00:00,2,1,131,134
2015-08-15 12:00:00,1,0,131,132
2015-08-15 13:00:00,6,3,238,247
2015-08-15 14:00:00,12,3,349,364
2015-08-15 15:00:00,10,1,622,633
2015-08-15 16:00:00,21,7,692,720
2015-08-15 17:00:00,15,4,766,785
2015-08-15 18:00:00,25,13,786,824
2015-08-15 19:00:00,16,7,721,744
2015-08-15 20:00:00,32,5,743,780
2015-08-15 21:00:00,25,5,847,877
2015-08-15 22:00:00,16,7,712,735
2015-08-15 23:00:00,17,6,737,760
2015-08-16 00:00:00,15,4,645,664
2015-08-16 01:00:00,16,5,717,738
2015-08-16 02:00:00,9,2,667,678
2015-08-16 03:00:00,24,1,793,818
2015-08-16 04:00:00,20,7,752,779
2015-08-16 05:00:00,21,3,646,670
2015-08-16 06:00:00,4,0,426,430
2015-08-16 07:00:00,7,1,242,250
2015-08-16 08:00:00,8,0,151,159
2015-08-16 09:00:00,6,2,108,116
2015-08-16 10:00:00,1,0,93,94
2015-08-16 11:00:00,6,0,105,111
2015-08-16 12:00:00,2,0,189,191
2015-08-16 13:00:00,13,3,315,331
2015-08-16 14:00:00,15,4,425,444
2015-08-16 15:00:00,16,5,629,650
2015-08-16 16:00:00,19,8,811,838
2015-08-16 17:00:00,12,2,815,829
2015-08-16 18:00:00,40,7,980,1027
2015-08-16 19:00:00,37,7,794,838
2015-08-16 20:00:00,23,5,898,926
2015-08-16 21:00:00,13,3,885,901
2015-08-16 22:00:00,20,4,925,949
2015-08-16 23:00:00,34,5,1022,1061
2015-08-17 00:00:00,24,8,929,961
2015-08-17 01:00:00,43,17,989,1049
2015-08-17 02:00:00,29,11,1010,1050
2015-08-17 03:00:00,28,4,1085,1117
2015-08-17 04:00:00,25,4,1010,1039
2015-08-17 05:00:00,11,3,716,730
2015-08-17 06:00:00,26,3,541,570
2015-08-17 07:00:00,10,3,305,318
2015-08-17 08:00:00,3,0,128,131
2015-08-17 09:00:00,2,0,69,71
2015-08-17 10:00:00,4,1,82,87
2015-08-17 11:00:00,0,0,129,129
2015-08-17 12:00:00,4,0,188,192
2015-08-17 13:00:00,7,1,333,341
2015-08-17 14:00:00,14,5,575,594
2015-08-17 15:00:00,25,11,887,923
2015-08-17 16:00:00,50,16,1182,1248
2015-08-17 17:00:00,48,15,1241,1304
2015-08-17 18:00:00,41,16,1432,1489
2015-08-17 19:00:00,43,17,1409,1469
2015-08-17 20:00:00,49,21,1580,1650
2015-08-17 21:00:00,49,17,1408,1474
2015-08-17 22:00:00,55,22,1510,1587
2015-08-17 23:00:00,31,14,1290,1335
2015-08-18 00:00:00,21,9,1146,1176
2015-08-18 01:00:00,24,5,1059,1088
2015-08-18 02:00:00,35,10,1131,1176
2015-08-18 03:00:00,25,6,1142,1173
2015-08-18 04:00:00,30,5,1015,1050
2015-08-18 05:00:00,16,7,811,834
2015-08-18 06:00:00,14,7,507,528
2015-08-18 07:00:00,7,0,283,290
2015-08-18 08:00:00,1,0,152,153
2015-08-18 09:00:00,4,1,119,124
2015-08-18 10:00:00,3,1,101,105
2015-08-18 11:00:00,6,1,122,129
2015-08-18 12:00:00,10,0,196,206
2015-08-18 13:00:00,7,1,350,358
2015-08-18 14:00:00,7,1,613,621
2015-08-18 15:00:00,24,3,969,996
2015-08-18 16:00:00,38,17,1225,1280
2015-08-18 17:00:00,45,30,1410,1485
2015-08-18 18:00:00,35,15,1262,1312
2015-08-18 19:00:00,27,13,1319,1359
2015-08-18 20:00:00,60,32,1330,1422
2015-08-18 21:00:00,27,12,1317,1356
2015-08-18 22:00:00,29,10,1250,1289
2015-08-18 23:00:00,35,15,1191,1241
2015-08-19 00:00:00,28,9,1023,1060
2015-08-19 01:00:00,16,7,969,992
2015-08-19 02:00:00,33,18,1066,1117
2015-08-19 03:00:00,24,7,1011,1042
2015-08-19 04:00:00,40,6,1114,1160
2015-08-19 05:00:00,21,16,810,847
2015-08-19 06:00:00,11,2,373,386
2015-08-19 07:00:00,11,3,238,252
2015-08-19 08:00:00,3,1,129,133
2015-08-19 09:00:00,1,1,119,121
2015-08-19 10:00:00,1,1,118,120
2015-08-19 11:00:00,3,0,120,123
2015-08-19 12:00:00,8,2,228,238
2015-08-19 13:00:00,4,1,352,357
2015-08-19 14:00:00,14,4,557,575
2015-08-19 15:00:00,27,8,991,1026
2015-08-19 16:00:00,37,22,1287,1346
2015-08-19 17:00:00,43,20,1422,1485
2015-08-19 18:00:00,29,14,1239,1282
2015-08-19 19:00:00,31,14,1267,1312
2015-08-19 20:00:00,52,20,1270,1342
2015-08-19 21:00:00,45,15,1372,1432
2015-08-19 22:00:00,30,15,1145,1190
2015-08-19 23:00:00,29,13,1108,1150
2015-08-20 00:00:00,39,16,1001,1056
2015-08-20 01:00:00,21,7,951,979
2015-08-20 02:00:00,27,8,1001,1036
2015-08-20 03:00:00,30,6,1168,1204
2015-08-20 04:00:00,25,5,991,1021
2015-08-20 05:00:00,23,5,782,810
2015-08-20 06:00:00,18,10,522,550
2015-08-20 07:00:00,2,1,239,242
2015-08-20 08:00:00,7,0,150,157
2015-08-20 09:00:00,7,5,134,146
2015-08-20 10:00:00,4,2,111,117
2015-08-20 11:00:00,2,0,121,123
2015-08-20 12:00:00,5,0,180,185
2015-08-20 13:00:00,5,2,376,383
2015-08-20 14:00:00,20,5,585,610
2015-08-20 15:00:00,23,19,921,963
2015-08-20 16:00:00,32,13,1184,1229
2015-08-20 17:00:00,49,37,1244,1330
2015-08-20 18:00:00,51,20,1267,1338
2015-08-20 19:00:00,35,15,1208,1258
2015-08-20 20:00:00,25,13,1180,1218
2015-08-20 21:00:00,23,5,1127,1155
2015-08-20 22:00:00,26,8,1068,1102
2015-08-20 23:00:00,20,6,977,1003
2015-08-21 00:00:00,14,9,786,809
2015-08-21 01:00:00,18,9,789,816
2015-08-21 02:00:00,22,2,813,837
2015-08-21 03:00:00,23,4,937,964
2015-08-21 04:00:00,14,1,766,781
2015-08-21 05:00:00,11,2,698,711
2015-08-21 06:00:00,10,0,455,465
2015-08-21 07:00:00,16,1,293,310
2015-08-21 08:00:00,7,3,155,165
2015-08-21 09:00:00,4,1,169,174
2015-08-21 10:00:00,5,0,162,167
2015-08-21 11:00:00,1,1,163,165
2015-08-21 12:00:00,7,3,217,227
2015-08-21 13:00:00,5,1,325,331
2015-08-21 14:00:00,24,1,554,579
2015-08-21 15:00:00,15,5,880,900
2015-08-21 16:00:00,24,11,1104,1139
2015-08-21 17:00:00,39,9,1183,1231
2015-08-21 18:00:00,32,18,1211,1261
2015-08-21 19:00:00,33,14,1290,1337
2015-08-21 20:00:00,37,13,1173,1223
2015-08-21 21:00:00,27,13,1149,1189
2015-08-21 22:00:00,27,3,1063,1093
2015-08-21 23:00:00,31,8,837,876
2015-08-22 00:00:00,26,6,897,929
2015-08-22 01:00:00,16,6,807,829
2015-08-22 02:00:00,18,4,803,825
2015-08-22 03:00:00,20,3,913,936
2015-08-22 04:00:00,10,1,821,832
2015-08-22 05:00:00,18,1,700,719
2015-08-22 06:00:00,8,2,403,413
2015-08-22 07:00:00,5,2,300,307
2015-08-22 08:00:00,6,5,155,166
2015-08-22 09:00:00,1,1,110,112
2015-08-22 10:00:00,1,0,66,67
2015-08-22 11:00:00,0,0,114,114
2015-08-22 12:00:00,2,0,190,192
2015-08-22 13:00:00,31,2,295,328
2015-08-22 14:00:00,12,4,423,439
2015-08-22 15:00:00,20,12,638,670
2015-08-22 16:00:00,6,5,729,740
2015-08-22 17:00:00,17,6,791,814
2015-08-22 18:00:00,11,2,791,804
2015-08-22 19:00:00,24,3,828,855
2015-08-22 20:00:00,17,8,782,807
2015-08-22 21:00:00,41,9,826,876
2015-08-22 22:00:00,15,4,768,787
2015-08-22 23:00:00,15,5,667,687
2015-08-23 00:00:00,29,13,703,745
2015-08-23 01:00:00,17,3,683,703
2015-08-23 02:00:00,39,9,709,757
2015-08-23 03:00:00,18,6,763,787
2015-08-23 04:00:00,9,1,733,743
2015-08-23 05:00:00,17,2,680,699
2015-08-23 06:00:00,10,2,400,412
2015-08-23 07:00:00,9,6,294,309
2015-08-23 08:00:00,3,0,134,137
2015-08-23 09:00:00,0,0,115,115
2015-08-23 10:00:00,5,0,110,115
2015-08-23 11:00:00,9,1,112,122
2015-08-23 12:00:00,4,1,182,187
2015-08-23 13:00:00,3,2,254,259
2015-08-23 14:00:00,14,3,424,441
2015-08-23 15:00:00,14,5,633,652
2015-08-23 16:00:00,17,7,781,805
2015-08-23 17:00:00,14,5,835,854
2015-08-23 18:00:00,29,6,821,856
2015-08-23 19:00:00,18,6,811,835
2015-08-23 20:00:00,20,3,894,917
2015-08-23 21:00:00,20,8,862,890
2015-08-23 22:00:00,12,1,747,760
2015-08-23 23:00:00,13,4,897,914
2015-08-24 00:00:00,15,5,850,870
2015-08-24 01:00:00,20,4,788,812
2015-08-24 02:00:00,15,7,887,909
2015-08-24 03:00:00,25,7,914,946
2015-08-24 04:00:00,29,2,928,959
2015-08-24 05:00:00,52,4,677,733
2015-08-24 06:00:00,9,1,478,488
2015-08-24 07:00:00,1,2,274,277
2015-08-24 08:00:00,6,1,152,159
2015-08-24 09:00:00,3,4,98,105
2015-08-24 10:00:00,4,1,107,112
2015-08-24 11:00:00,4,1,86,91
2015-08-24 12:00:00,8,0,160,168
2015-08-24 13:00:00,15,9,328,352
2015-08-24 14:00:00,13,7,511,531
2015-08-24 15:00:00,22,11,866,899
2015-08-24 16:00:00,33,19,1041,1093
2015-08-24 17:00:00,40,17,1372,1429
2015-08-24 18:00:00,65,21,1338,1424
2015-08-24 19:00:00,30,6,1235,1271
2015-08-24 20:00:00,25,17,1273,1315
2015-08-24 21:00:00,31,11,1305,1347
2015-08-24 22:00:00,39,17,1214,1270
2015-08-24 23:00:00,24,5,1151,1180
2015-08-25 00:00:00,39,12,1085,1136
2015-08-25 01:00:00,33,5,1041,1079
2015-08-25 02:00:00,35,6,1054,1095
2015-08-25 03:00:00,20,10,1040,1070
2015-08-25 04:00:00,40,6,965,1011
2015-08-25 05:00:00,20,7,751,778
2015-08-25 06:00:00,12,7,469,488
2015-08-25 07:00:00,5,0,238,243
2015-08-25 08:00:00,5,0,128,133
2015-08-25 09:00:00,0,0,93,93
2015-08-25 10:00:00,0,0,96,96
2015-08-25 11:00:00,4,0,114,118
2015-08-25 12:00:00,5,2,187,194
2015-08-25 13:00:00,5,0,387,392
2015-08-25 14:00:00,9,9,558,576
2015-08-25 15:00:00,15,5,909,929
2015-08-25 16:00:00,38,14,1240,1292
2015-08-25 17:00:00,25,11,1314,1350
2015-08-25 18:00:00,33,11,1286,1330
2015-08-25 19:00:00,27,11,1262,1300
2015-08-25 20:00:00,30,12,1267,1309
2015-08-25 21:00:00,38,5,1246,1289
2015-08-25 22:00:00,37,20,1249,1306
2015-08-25 23:00:00,23,12,1039,1074
2015-08-26 00:00:00,30,7,888,925
2015-08-26 01:00:00,12,3,857,872
2015-08-26 02:00:00,42,4,920,966
2015-08-26 03:00:00,24,11,1059,1094
2015-08-26 04:00:00,27,4,994,1025
2015-08-26 05:00:00,23,7,789,819
2015-08-26 06:00:00,14,5,399,418
2015-08-26 07:00:00,5,2,221,228
2015-08-26 08:00:00,12,1,131,144
2015-08-26 09:00:00,2,1,72,75
2015-08-26 10:00:00,1,0,76,77
2015-08-26 11:00:00,1,1,115,117
2015-08-26 12:00:00,3,0,220,223
2015-08-26 13:00:00,8,2,381,391
2015-08-26 14:00:00,23,8,560,591
2015-08-26 15:00:00,20,6,925,951
2015-08-26 16:00:00,39,17,1155,1211
2015-08-26 17:00:00,34,25,1285,1344
2015-08-26 18:00:00,43,14,1180,1237
2015-08-26 19:00:00,33,22,1286,1341
2015-08-26 20:00:00,42,13,1186,1241
2015-08-26 21:00:00,48,27,1243,1318
2015-08-26 22:00:00,41,9,1226,1276
2015-08-26 23:00:00,42,16,1036,1094
2015-08-27 00:00:00,28,14,892,934
2015-08-27 01:00:00,23,12,913,948
2015-08-27 02:00:00,14,7,863,884
2015-08-27 03:00:00,25,5,1056,1086
2015-08-27 04:00:00,16,3,940,959
2015-08-27 05:00:00,16,5,761,782
2015-08-27 06:00:00,5,3,437,445
2015-08-27 07:00:00,21,0,285,306
2015-08-27 08:00:00,5,3,158,166
2015-08-27 09:00:00,3,0,116,119
2015-08-27 10:00:00,1,1,93,95
2015-08-27 11:00:00,1,0,114,115
2015-08-27 12:00:00,3,0,200,203
2015-08-27 13:00:00,3,0,361,364
2015-08-27 14:00:00,11,4,589,604
2015-08-27 15:00:00,27,6,907,940
2015-08-27 16:00:00,52,25,1178,1255
2015-08-27 17:00:00,42,13,1318,1373
2015-08-27 18:00:00,45,22,1315,1382
2015-08-27 19:00:00,47,22,1305,1374
2015-08-27 20:00:00,42,27,1460,1529
2015-08-27 21:00:00,37,21,1274,1332
2015-08-27 22:00:00,27,6,1232,1265
2015-08-27 23:00:00,20,11,1075,1106
2015-08-28 00:00:00,14,5,901,920
2015-08-28 01:00:00,52,4,764,820
2015-08-28 02:00:00,15,5,964,984
2015-08-28 03:00:00,15,6,1091,1112
2015-08-28 04:00:00,17,1,947,965
2015-08-28 05:00:00,18,3,799,820
2015-08-28 06:00:00,27,5,535,567
2015-08-28 07:00:00,26,4,302,332
2015-08-28 08:00:00,3,0,181,184
2015-08-28 09:00:00,1,0,89,90
2015-08-28 10:00:00,2,0,117,119
2015-08-28 11:00:00,0,0,137,137
2015-08-28 12:00:00,6,0,228,234
2015-08-28 13:00:00,8,13,332,353
2015-08-28 14:00:00,22,7,618,647
2015-08-28 15:00:00,35,8,1014,1057
2015-08-28 16:00:00,34,6,1207,1247
2015-08-28 17:00:00,58,23,1458,1539
2015-08-28 18:00:00,32,21,1285,1338
2015-08-28 19:00:00,36,17,1232,1285
2015-08-28 20:00:00,46,3,1347,1396
2015-08-28 21:00:00,45,10,1230,1285
2015-08-28 22:00:00,29,7,1165,1201
2015-08-28 23:00:00,23,4,943,970
2015-08-29 00:00:00,17,8,892,917
2015-08-29 01:00:00,19,5,837,861
2015-08-29 02:00:00,14,1,874,889
2015-08-29 03:00:00,20,6,863,889
2015-08-29 04:00:00,20,3,862,885
2015-08-29 05:00:00,11,6,629,646
2015-08-29 06:00:00,12,2,501,515
2015-08-29 07:00:00,9,2,287,298
2015-08-29 08:00:00,11,0,198,209
2015-08-29 09:00:00,2,0,107,109
2015-08-29 10:00:00,3,0,89,92
2015-08-29 11:00:00,0,0,85,85
2015-08-29 12:00:00,1,0,178,179
2015-08-29 13:00:00,14,1,331,346
2015-08-29 14:00:00,8,1,449,458
2015-08-29 15:00:00,23,3,665,691
2015-08-29 16:00:00,13,6,759,778
2015-08-29 17:00:00,23,2,892,917
2015-08-29 18:00:00,18,4,883,905
2015-08-29 19:00:00,23,4,906,933
2015-08-29 20:00:00,32,9,828,869
2015-08-29 21:00:00,29,6,770,805
2015-08-29 22:00:00,18,5,856,879
2015-08-29 23:00:00,15,3,792,810
2015-08-30 00:00:00,13,1,704,718
2015-08-30 01:00:00,18,6,703,727
2015-08-30 02:00:00,18,4,844,866
2015-08-30 03:00:00,21,5,792,818
2015-08-30 04:00:00,26,1,843,870
2015-08-30 05:00:00,34,3,709,746
2015-08-30 06:00:00,19,1,482,502
2015-08-30 07:00:00,6,6,316,328
2015-08-30 08:00:00,2,2,154,158
2015-08-30 09:00:00,6,1,111,118
2015-08-30 10:00:00,3,0,82,85
2015-08-30 11:00:00,2,1,95,98
2015-08-30 12:00:00,8,1,171,180
2015-08-30 13:00:00,13,0,248,261
2015-08-30 14:00:00,20,7,455,482
2015-08-30 15:00:00,15,1,733,749
2015-08-30 16:00:00,38,11,940,989
2015-08-30 17:00:00,37,11,969,1017
2015-08-30 18:00:00,30,9,979,1018
2015-08-30 19:00:00,97,27,1094,1218
2015-08-30 20:00:00,62,21,1128,1211
2015-08-30 21:00:00,28,2,994,1024
2015-08-30 22:00:00,29,11,1040,1080
2015-08-30 23:00:00,30,14,971,1015
2015-08-31 00:00:00,33,6,947,986
2015-08-31 01:00:00,21,14,986,1021
2015-08-31 02:00:00,36,7,1003,1046
2015-08-31 03:00:00,30,12,1048,1090
2015-08-31 04:00:00,18,7,889,914
2015-08-31 05:00:00,14,3,737,754
2015-08-31 06:00:00,5,1,514,520
2015-08-31 07:00:00,5,0,265,270
2015-08-31 08:00:00,1,1,146,148
2015-08-31 09:00:00,0,0,81,81
2015-08-31 10:00:00,1,0,81,82
2015-08-31 11:00:00,5,0,123,128
2015-08-31 12:00:00,5,2,188,195
2015-08-31 13:00:00,1,0,325,326
2015-08-31 14:00:00,14,4,555,573
2015-08-31 15:00:00,16,9,916,941
2015-08-31 16:00:00,23,8,1001,1032
2015-08-31 17:00:00,38,8,1120,1166
2015-08-31 18:00:00,22,15,1177,1214
2015-08-31 19:00:00,30,14,1162,1206
2015-08-31 20:00:00,30,14,1365,1409
2015-08-31 21:00:00,38,22,1251,1311
2015-08-31 22:00:00,34,19,1135,1188
2015-08-31 23:00:00,34,9,983,1026
2015-09-01 00:00:00,19,7,936,962
2015-09-01 01:00:00,8,5,772,785
2015-09-01 02:00:00,14,10,862,886
2015-09-01 03:00:00,28,6,1020,1054
2015-09-01 04:00:00,23,4,1000,1027
2015-09-01 05:00:00,10,11,670,691
2015-09-01 06:00:00,8,2,378,388
2015-09-01 07:00:00,3,1,247,251
2015-09-01 08:00:00,4,0,94,98
2015-09-01 09:00:00,9,0,94,103
2015-09-01 10:00:00,1,0,70,71
2015-09-01 11:00:00,3,0,154,157
2015-09-01 12:00:00,2,0,221,223
2015-09-01 13:00:00,15,1,326,342
2015-09-01 14:00:00,14,7,525,546
2015-09-01 15:00:00,26,2,750,778
2015-09-01 16:00:00,25,9,998,1032
2015-09-01 17:00:00,44,17,1191,1252
2015-09-01 18:00:00,28,15,1105,1148
2015-09-01 19:00:00,30,18,1158,1206
2015-09-01 20:00:00,28,9,1431,1468
2015-09-01 21:00:00,31,13,1346,1390
2015-09-01 22:00:00,37,14,1195,1246
2015-09-01 23:00:00,34,7,1033,1074
2015-09-02 00:00:00,26,10,758,794
2015-09-02 01:00:00,12,2,800,814
2015-09-02 02:00:00,15,2,850,867
2015-09-02 03:00:00,22,8,982,1012
2015-09-02 04:00:00,21,2,924,947
2015-09-02 05:00:00,14,6,705,725
2015-09-02 06:00:00,3,0,309,312
2015-09-02 07:00:00,8,0,156,164
2015-09-02 08:00:00,5,0,101,106
2015-09-02 09:00:00,1,2,81,84
2015-09-02 10:00:00,0,0,69,69
2015-09-02 11:00:00,1,0,98,99
2015-09-02 12:00:00,3,2,232,237
2015-09-02 13:00:00,7,1,314,322
2015-09-02 14:00:00,12,9,487,508
2015-09-02 15:00:00,12,5,772,789
2015-09-02 16:00:00,38,18,1060,1116
2015-09-02 17:00:00,37,14,1101,1152
2015-09-02 18:00:00,34,9,957,1000
2015-09-02 19:00:00,36,9,1240,1285
2015-09-02 20:00:00,42,19,1299,1360
2015-09-02 21:00:00,21,5,1324,1350
2015-09-02 22:00:00,33,13,1325,1371
2015-09-02 23:00:00,18,5,1033,1056
2015-09-03 00:00:00,31,4,932,967
2015-09-03 01:00:00,15,4,858,877
2015-09-03 02:00:00,42,6,912,960
2015-09-03 03:00:00,23,9,1017,1049
2015-09-03 04:00:00,24,4,977,1005
2015-09-03 05:00:00,12,10,614,636
2015-09-03 06:00:00,14,6,473,493
2015-09-03 07:00:00,13,1,226,240
2015-09-03 08:00:00,3,1,137,141
2015-09-03 09:00:00,3,0,96,99
2015-09-03 10:00:00,12,0,91,103
2015-09-03 11:00:00,14,0,116,130
2015-09-03 12:00:00,5,4,203,212
2015-09-03 13:00:00,13,4,348,365
2015-09-03 14:00:00,2,2,543,547
2015-09-03 15:00:00,18,4,813,835
2015-09-03 16:00:00,21,5,1085,1111
2015-09-03 17:00:00,28,8,1193,1229
2015-09-03 18:00:00,27,9,1070,1106
2015-09-03 19:00:00,39,17,1140,1196
2015-09-03 20:00:00,22,11,1130,1163
2015-09-03 21:00:00,29,8,1243,1280
2015-09-03 22:00:00,21,14,1094,1129
2015-09-03 23:00:00,19,7,1142,1168
2015-09-04 00:00:00,21,12,891,924
2015-09-04 01:00:00,30,11,1007,1048
2015-09-04 02:00:00,37,12,973,1022
2015-09-04 03:00:00,18,4,955,977
2015-09-04 04:00:00,15,3,930,948
2015-09-04 05:00:00,25,6,671,702
2015-09-04 06:00:00,9,2,431,442
2015-09-04 07:00:00,3,0,248,251
2015-09-04 08:00:00,3,0,164,167
2015-09-04 09:00:00,0,0,91,91
2015-09-04 10:00:00,1,0,112,113
2015-09-04 11:00:00,4,0,125,129
2015-09-04 12:00:00,2,1,223,226
2015-09-04 13:00:00,9,1,315,325
2015-09-04 14:00:00,10,0,495,505
2015-09-04 15:00:00,15,5,875,895
2015-09-04 16:00:00,26,8,990,1024
2015-09-04 17:00:00,36,16,1138,1190
2015-09-04 18:00:00,34,8,1173,1215
2015-09-04 19:00:00,40,15,1184,1239
2015-09-04 20:00:00,25,14,1131,1170
2015-09-04 21:00:00,40,18,1051,1109
2015-09-04 22:00:00,32,10,1036,1078
2015-09-04 23:00:00,20,7,916,943
2015-09-05 00:00:00,17,3,714,734
2015-09-05 01:00:00,13,6,730,749
2015-09-05 02:00:00,5,1,738,744
2015-09-05 03:00:00,13,2,920,935
2015-09-05 04:00:00,6,1,743,750
2015-09-05 05:00:00,23,8,585,616
2015-09-05 06:00:00,5,2,434,441
2015-09-05 07:00:00,1,0,234,235
2015-09-05 08:00:00,9,0,141,150
2015-09-05 09:00:00,2,2,99,103
2015-09-05 10:00:00,2,0,109,111
2015-09-05 11:00:00,1,0,138,139
2015-09-05 12:00:00,4,0,186,190
2015-09-05 13:00:00,7,1,237,245
2015-09-05 14:00:00,6,0,384,390
2015-09-05 15:00:00,13,6,592,611
2015-09-05 16:00:00,24,7,793,824
2015-09-05 17:00:00,27,8,889,924
2015-09-05 18:00:00,28,5,897,930
2015-09-05 19:00:00,26,7,958,991
2015-09-05 20:00:00,22,8,879,909
2015-09-05 21:00:00,23,5,891,919
2015-09-05 22:00:00,15,2,782,799
2015-09-05 23:00:00,19,6,901,926
2015-09-06 00:00:00,18,5,727,750
2015-09-06 01:00:00,21,5,679,705
2015-09-06 02:00:00,10,7,786,803
2015-09-06 03:00:00,18,3,797,818
2015-09-06 04:00:00,23,2,844,869
2015-09-06 05:00:00,18,6,711,735
2015-09-06 06:00:00,10,2,421,433
2015-09-06 07:00:00,3,0,246,249
2015-09-06 08:00:00,6,0,194,200
2015-09-06 09:00:00,13,7,133,153
2015-09-06 10:00:00,0,0,94,94
2015-09-06 11:00:00,6,2,129,137
2015-09-06 12:00:00,2,0,172,174
2015-09-06 13:00:00,10,0,291,301
2015-09-06 14:00:00,6,0,415,421
2015-09-06 15:00:00,7,0,497,504
2015-09-06 16:00:00,11,2,716,729
2015-09-06 17:00:00,17,2,804,823
2015-09-06 18:00:00,31,5,956,992
2015-09-06 19:00:00,25,6,888,919
2015-09-06 20:00:00,28,1,955,984
2015-09-06 21:00:00,40,10,910,960
2015-09-06 22:00:00,28,9,945,982
2015-09-06 23:00:00,20,5,814,839
2015-09-07 00:00:00,17,7,863,887
2015-09-07 01:00:00,96,12,1005,1113
2015-09-07 02:00:00,20,7,922,949
2015-09-07 03:00:00,43,16,1016,1075
2015-09-07 04:00:00,22,10,921,953
2015-09-07 05:00:00,7,5,639,651
2015-09-07 06:00:00,9,3,452,464
2015-09-07 07:00:00,4,0,250,254
2015-09-07 08:00:00,1,0,126,127
2015-09-07 09:00:00,9,0,121,130
2015-09-07 10:00:00,2,3,85,90
2015-09-07 11:00:00,1,0,100,101
2015-09-07 12:00:00,3,0,181,184
2015-09-07 13:00:00,4,1,364,369
2015-09-07 14:00:00,8,1,544,553
2015-09-07 15:00:00,24,6,874,904
2015-09-07 16:00:00,32,17,1325,1374
2015-09-07 17:00:00,48,23,1417,1488
2015-09-07 18:00:00,30,14,1342,1386
2015-09-07 19:00:00,29,9,1295,1333
2015-09-07 20:00:00,60,23,1362,1445
2015-09-07 21:00:00,30,13,1373,1416
2015-09-07 22:00:00,40,13,1337,1390
2015-09-07 23:00:00,33,6,1118,1157
2015-09-08 00:00:00,22,6,1009,1037
2015-09-08 01:00:00,22,3,1115,1140
2015-09-08 02:00:00,26,9,1105,1140
2015-09-08 03:00:00,24,3,1185,1212
2015-09-08 04:00:00,20,6,1148,1174
2015-09-08 05:00:00,14,3,852,869
2015-09-08 06:00:00,10,2,496,508
2015-09-08 07:00:00,8,8,277,293
2015-09-08 08:00:00,1,1,164,166
2015-09-08 09:00:00,2,0,110,112
2015-09-08 10:00:00,3,1,106,110
2015-09-08 11:00:00,3,0,135,138
2015-09-08 12:00:00,2,0,216,218
2015-09-08 13:00:00,6,3,322,331
2015-09-08 14:00:00,17,3,518,538
2015-09-08 15:00:00,23,4,868,895
2015-09-08 16:00:00,37,10,1157,1204
2015-09-08 17:00:00,39,15,1249,1303
2015-09-08 18:00:00,30,8,1269,1307
2015-09-08 19:00:00,34,18,1242,1294
2015-09-08 20:00:00,38,11,1278,1327
2015-09-08 21:00:00,45,12,1318,1375
2015-09-08 22:00:00,53,13,1658,1724
2015-09-08 23:00:00,29,9,1362,1400
2015-09-09 00:00:00,40,14,1187,1241
2015-09-09 01:00:00,29,13,1060,1102
2015-09-09 02:00:00,26,5,1117,1148
2015-09-09 03:00:00,27,5,1163,1195
2015-09-09 04:00:00,32,8,1028,1068
2015-09-09 05:00:00,10,4,749,763
2015-09-09 06:00:00,17,1,433,451
2015-09-09 07:00:00,7,2,239,248
2015-09-09 08:00:00,1,0,144,145
2015-09-09 09:00:00,3,1,174,178
2015-09-09 10:00:00,6,0,148,154
2015-09-09 11:00:00,6,0,138,144
2015-09-09 12:00:00,1,0,196,197
2015-09-09 13:00:00,2,1,423,426
2015-09-09 14:00:00,14,3,622,639
2015-09-09 15:00:00,36,7,1017,1060
2015-09-09 16:00:00,47,17,1321,1385
2015-09-09 17:00:00,32,18,1491,1541
2015-09-09 18:00:00,46,26,1433,1505
2015-09-09 19:00:00,43,16,1419,1478
2015-09-09 20:00:00,37,10,1437,1484
2015-09-09 21:00:00,23,17,1488,1528
2015-09-09 22:00:00,62,15,1396,1473
2015-09-09 23:00:00,27,9,1172,1208
2015-09-10 00:00:00,26,3,1152,1181
2015-09-10 01:00:00,21,6,1005,1032
2015-09-10 02:00:00,22,4,1169,1195
2015-09-10 03:00:00,22,7,1182,1211
2015-09-10 04:00:00,20,7,1117,1144
2015-09-10 05:00:00,17,8,801,826
2015-09-10 06:00:00,3,3,512,518
2015-09-10 07:00:00,7,6,321,334
2015-09-10 08:00:00,4,1,147,152
2015-09-10 09:00:00,2,0,121,123
2015-09-10 10:00:00,7,1,146,154
2015-09-10 11:00:00,5,1,161,167
2015-09-10 12:00:00,4,7,256,267
2015-09-10 13:00:00,6,1,362,369
2015-09-10 14:00:00,14,0,642,656
2015-09-10 15:00:00,33,17,1029,1079
2015-09-10 16:00:00,23,17,1192,1232
2015-09-10 17:00:00,30,17,1385,1432
2015-09-10 18:00:00,21,11,1334,1366
2015-09-10 19:00:00,24,9,1259,1292
2015-09-10 20:00:00,43,11,1456,1510
2015-09-10 21:00:00,53,22,1985,2060
2015-09-10 22:00:00,41,13,1720,1774
2015-09-10 23:00:00,32,9,1433,1474
2015-09-11 00:00:00,51,11,1161,1223
2015-09-11 01:00:00,38,5,1143,1186
2015-09-11 02:00:00,23,8,1171,1202
2015-09-11 03:00:00,44,5,1248,1297
2015-09-11 04:00:00,34,6,1086,1126
2015-09-11 05:00:00,21,8,880,909
2015-09-11 06:00:00,34,3,545,582
2015-09-11 07:00:00,5,4,283,292
2015-09-11 08:00:00,2,0,155,157
2015-09-11 09:00:00,16,0,119,135
2015-09-11 10:00:00,6,1,121,128
2015-09-11 11:00:00,15,1,146,162
2015-09-11 12:00:00,6,0,258,264
2015-09-11 13:00:00,17,2,452,471
2015-09-11 14:00:00,19,20,738,777
2015-09-11 15:00:00,33,22,1118,1173
2015-09-11 16:00:00,30,22,1291,1343
2015-09-11 17:00:00,44,10,1338,1392
2015-09-11 18:00:00,42,21,1415,1478
2015-09-11 19:00:00,28,14,1226,1268
2015-09-11 20:00:00,36,16,1313,1365
2015-09-11 21:00:00,45,13,1336,1394
2015-09-11 22:00:00,18,9,1152,1179
2015-09-11 23:00:00,27,10,977,1014
2015-09-12 00:00:00,26,4,576,606
2015-09-12 01:00:00,23,12,771,806
2015-09-12 02:00:00,12,4,831,847
2015-09-12 03:00:00,23,4,878,905
2015-09-12 04:00:00,15,1,890,906
2015-09-12 05:00:00,14,0,679,693
2015-09-12 06:00:00,13,1,411,425
2015-09-12 07:00:00,12,2,281,295
2015-09-12 08:00:00,5,1,161,167
2015-09-12 09:00:00,2,0,154,156
2015-09-12 10:00:00,1,0,121,122
2015-09-12 11:00:00,1,0,148,149
2015-09-12 12:00:00,1,0,187,188
2015-09-12 13:00:00,9,3,292,304
2015-09-12 14:00:00,11,1,471,483
2015-09-12 15:00:00,14,6,697,717
2015-09-12 16:00:00,17,7,870,894
2015-09-12 17:00:00,27,13,945,985
2015-09-12 18:00:00,22,6,1012,1040
2015-09-12 19:00:00,25,4,992,1021
2015-09-12 20:00:00,26,8,965,999
2015-09-12 21:00:00,19,8,896,923
2015-09-12 22:00:00,24,11,939,974
2015-09-12 23:00:00,28,6,857,891
2015-09-13 00:00:00,14,6,910,930
2015-09-13 01:00:00,15,3,951,969
2015-09-13 02:00:00,11,3,856,870
2015-09-13 03:00:00,11,4,929,944
2015-09-13 04:00:00,11,2,889,902
2015-09-13 05:00:00,15,3,703,721
2015-09-13 06:00:00,12,0,500,512
2015-09-13 07:00:00,13,1,339,353
2015-09-13 08:00:00,3,0,188,191
2015-09-13 09:00:00,11,0,140,151
2015-09-13 10:00:00,3,1,123,127
2015-09-13 11:00:00,1,0,132,133
2015-09-13 12:00:00,7,0,217,224
2015-09-13 13:00:00,6,0,318,324
2015-09-13 14:00:00,9,1,506,516
2015-09-13 15:00:00,33,8,733,774
2015-09-13 16:00:00,39,10,914,963
2015-09-13 17:00:00,27,4,1030,1061
2015-09-13 18:00:00,26,15,952,993
2015-09-13 19:00:00,34,4,959,997
2015-09-13 20:00:00,41,5,1053,1099
2015-09-13 21:00:00,11,5,1056,1072
2015-09-13 22:00:00,24,6,1030,1060
2015-09-13 23:00:00,21,7,945,973
2015-09-14 00:00:00,29,11,1105,1145
2015-09-14 01:00:00,20,5,972,997
2015-09-14 02:00:00,20,4,1059,1083
2015-09-14 03:00:00,18,6,1125,1149
2015-09-14 04:00:00,21,3,955,979
2015-09-14 05:00:00,21,3,756,780
2015-09-14 06:00:00,12,5,527,544
2015-09-14 07:00:00,5,4,290,299
2015-09-14 08:00:00,2,0,184,186
2015-09-14 09:00:00,1,0,88,89
2015-09-14 10:00:00,4,1,107,112
2015-09-14 11:00:00,0,0,119,119
2015-09-14 12:00:00,2,0,239,241
2015-09-14 13:00:00,19,5,400,424
2015-09-14 14:00:00,11,4,637,652
2015-09-14 15:00:00,24,8,1057,1089
2015-09-14 16:00:00,31,10,1361,1402
2015-09-14 17:00:00,43,18,1551,1612
2015-09-14 18:00:00,32,9,1351,1392
2015-09-14 19:00:00,40,17,1286,1343
2015-09-14 20:00:00,35,13,1429,1477
2015-09-14 21:00:00,26,10,1197,1233
2015-09-14 22:00:00,39,11,1383,1433
2015-09-14 23:00:00,20,7,1106,1133
2015-09-15 00:00:00,21,5,1036,1062
2015-09-15 01:00:00,36,11,1065,1112
2015-09-15 02:00:00,30,6,1140,1176
2015-09-15 03:00:00,37,6,1189,1232
2015-09-15 04:00:00,21,6,1101,1128
2015-09-15 05:00:00,19,17,791,827
2015-09-15 06:00:00,18,6,494,518
2015-09-15 07:00:00,2,1,272,275
2015-09-15 08:00:00,1,0,155,156
2015-09-15 09:00:00,8,0,137,145
2015-09-15 10:00:00,3,1,119,123
2015-09-15 11:00:00,4,0,141,145
2015-09-15 12:00:00,4,0,216,220
2015-09-15 13:00:00,15,3,399,417
2015-09-15 14:00:00,10,2,681,693
2015-09-15 15:00:00,22,11,1014,1047
2015-09-15 16:00:00,48,14,1385,1447
2015-09-15 17:00:00,41,9,1455,1505
2015-09-15 18:00:00,29,13,1367,1409
2015-09-15 19:00:00,75,11,1412,1498
2015-09-15 20:00:00,96,17,1924,2037
2015-09-15 21:00:00,31,8,838,877
2015-09-15 22:00:00,13,9,735,757
2015-09-15 23:00:00,11,2,608,621
2015-09-16 00:00:00,18,7,561,586
2015-09-16 01:00:00,23,13,579,615
2015-09-16 02:00:00,10,3,533,546
2015-09-16 03:00:00,17,6,588,611
2015-09-16 04:00:00,10,2,604,616
2015-09-16 05:00:00,18,7,428,453
2015-09-16 06:00:00,1,0,223,224
2015-09-16 07:00:00,8,1,133,142
2015-09-16 08:00:00,2,0,102,104
2015-09-16 09:00:00,7,0,69,76
2015-09-16 10:00:00,1,2,64,67
2015-09-16 11:00:00,1,0,63,64
2015-09-16 12:00:00,1,1,111,113
2015-09-16 13:00:00,8,4,233,245
2015-09-16 14:00:00,13,2,369,384
2015-09-16 15:00:00,19,8,643,670
2015-09-16 16:00:00,23,7,725,755
2015-09-16 17:00:00,25,16,713,754
2015-09-16 18:00:00,27,8,730,765
2015-09-16 19:00:00,24,12,750,786
2015-09-16 20:00:00,24,6,783,813
2015-09-16 21:00:00,25,20,755,800
2015-09-16 22:00:00,15,3,621,639
2015-09-16 23:00:00,16,9,642,667
2015-09-17 00:00:00,13,6,498,517
2015-09-17 01:00:00,12,1,477,490
2015-09-17 02:00:00,4,1,504,509
2015-09-17 03:00:00,22,2,572,596
2015-09-17 04:00:00,13,2,493,508
2015-09-17 05:00:00,10,0,362,372
2015-09-17 06:00:00,7,1,242,250
2015-09-17 07:00:00,0,0,156,156
2015-09-17 08:00:00,0,0,48,48
2015-09-17 09:00:00,0,0,40,40
2015-09-17 10:00:00,0,0,40,40
2015-09-17 11:00:00,0,0,89,89
2015-09-17 12:00:00,0,0,124,124
2015-09-17 13:00:00,3,2,203,208
2015-09-17 14:00:00,7,1,313,321
2015-09-17 15:00:00,23,4,524,551
2015-09-17 16:00:00,19,4,617,640
2015-09-17 17:00:00,20,11,723,754
2015-09-17 18:00:00,16,9,698,723
2015-09-17 19:00:00,20,1,667,688
2015-09-17 20:00:00,16,0,625,641
2015-09-17 21:00:00,32,0,648,680
2015-09-17 22:00:00,9,0,634,643
2015-09-17 23:00:00,7,0,533,540
2015-09-18 00:00:00,15,5,472,492
2015-09-18 01:00:00,7,3,504,514
2015-09-18 02:00:00,12,7,503,522
