window_start,window_end,event_count,addtocart_count,transaction_count,estimated_abandoned_count,estimated_abandonment_rate,top_5_abandoned_item_ids,alert_status
2015-06-01 06:00:00,2015-06-01 06:05:00,47,0,0,0,0.0,[],NORMAL
2015-06-01 06:01:00,2015-06-01 06:06:00,51,0,0,0,0.0,[],NORMAL
2015-06-01 06:02:00,2015-06-01 06:07:00,49,0,0,0,0.0,[],NORMAL
2015-06-01 06:03:00,2015-06-01 06:08:00,41,0,0,0,0.0,[],NORMAL
2015-06-01 06:04:00,2015-06-01 06:09:00,42,0,0,0,0.0,[],NORMAL
2015-06-01 06:05:00,2015-06-01 06:10:00,49,0,0,0,0.0,[],NORMAL
2015-06-01 06:06:00,2015-06-01 06:11:00,49,0,0,0,0.0,[],NORMAL
2015-06-01 06:07:00,2015-06-01 06:12:00,45,1,0,1,100.0,"[""381613""]",HIGH_RISK
2015-06-01 06:08:00,2015-06-01 06:13:00,48,1,0,1,100.0,"[""381613""]",HIGH_RISK
2015-06-01 06:09:00,2015-06-01 06:14:00,43,1,0,1,100.0,"[""381613""]",HIGH_RISK
2015-06-01 06:10:00,2015-06-01 06:15:00,42,1,0,1,100.0,"[""381613""]",HIGH_RISK
2015-06-01 06:11:00,2015-06-01 06:16:00,49,2,0,2,100.0,"[""381613"", ""220183""]",HIGH_RISK
2015-06-01 06:12:00,2015-06-01 06:17:00,64,1,1,1,100.0,"[""220183""]",HIGH_RISK
2015-06-01 06:13:00,2015-06-01 06:18:00,60,1,1,1,100.0,"[""220183""]",HIGH_RISK
2015-06-01 06:14:00,2015-06-01 06:19:00,68,1,1,1,100.0,"[""220183""]",HIGH_RISK
2015-06-01 06:15:00,2015-06-01 06:20:00,63,1,1,1,100.0,"[""220183""]",HIGH_RISK
2015-06-01 06:16:00,2015-06-01 06:21:00,56,0,1,0,0.0,[],NORMAL
2015-06-01 06:17:00,2015-06-01 06:22:00,44,0,0,0,0.0,[],NORMAL
2015-06-01 06:18:00,2015-06-01 06:23:00,54,0,0,0,0.0,[],NORMAL
2015-06-01 06:19:00,2015-06-01 06:24:00,50,0,0,0,0.0,[],NORMAL
2015-06-01 06:20:00,2015-06-01 06:25:00,49,0,0,0,0.0,[],NORMAL
2015-06-01 06:21:00,2015-06-01 06:26:00,47,0,0,0,0.0,[],NORMAL
2015-06-01 06:22:00,2015-06-01 06:27:00,57,0,0,0,0.0,[],NORMAL
2015-06-01 06:23:00,2015-06-01 06:28:00,53,0,0,0,0.0,[],NORMAL
2015-06-01 06:24:00,2015-06-01 06:29:00,50,0,0,0,0.0,[],NORMAL
2015-06-01 06:25:00,2015-06-01 06:30:00,53,1,0,1,100.0,"[""102573""]",HIGH_RISK
2015-06-01 06:26:00,2015-06-01 06:31:00,56,1,0,1,100.0,"[""102573""]",HIGH_RISK
2015-06-01 06:27:00,2015-06-01 06:32:00,46,1,0,1,100.0,"[""102573""]",HIGH_RISK
2015-06-01 06:28:00,2015-06-01 06:33:00,47,1,0,1,100.0,"[""102573""]",HIGH_RISK
2015-06-01 06:29:00,2015-06-01 06:34:00,50,1,0,1,100.0,"[""102573""]",HIGH_RISK
2015-06-01 06:30:00,2015-06-01 06:35:00,50,0,0,0,0.0,[],NORMAL
2015-06-01 06:31:00,2015-06-01 06:36:00,49,0,0,0,0.0,[],NORMAL
2015-06-01 06:32:00,2015-06-01 06:37:00,46,1,0,1,100.0,"[""256473""]",HIGH_RISK
2015-06-01 06:33:00,2015-06-01 06:38:00,44,1,0,1,100.0,"[""256473""]",HIGH_RISK
2015-06-01 06:34:00,2015-06-01 06:39:00,43,1,0,1,100.0,"[""256473""]",HIGH_RISK
2015-06-01 06:35:00,2015-06-01 06:40:00,42,1,0,1,100.0,"[""256473""]",HIGH_RISK
2015-06-01 06:36:00,2015-06-01 06:41:00,37,1,0,1,100.0,"[""256473""]",HIGH_RISK
2015-06-01 06:37:00,2015-06-01 06:42:00,43,0,0,0,0.0,[],NORMAL
2015-06-01 06:38:00,2015-06-01 06:43:00,42,0,0,0,0.0,[],NORMAL
2015-06-01 06:39:00,2015-06-01 06:44:00,44,0,1,0,0.0,[],NORMAL
2015-06-01 06:40:00,2015-06-01 06:45:00,50,0,1,0,0.0,[],NORMAL
2015-06-01 06:41:00,2015-06-01 06:46:00,54,0,1,0,0.0,[],NORMAL
2015-06-01 06:42:00,2015-06-01 06:47:00,46,0,1,0,0.0,[],NORMAL
2015-06-01 06:43:00,2015-06-01 06:48:00,48,0,1,0,0.0,[],NORMAL
2015-06-01 06:44:00,2015-06-01 06:49:00,43,0,0,0,0.0,[],NORMAL
2015-06-01 06:45:00,2015-06-01 06:50:00,34,0,0,0,0.0,[],NORMAL
2015-06-01 06:46:00,2015-06-01 06:51:00,31,0,0,0,0.0,[],NORMAL
2015-06-01 06:47:00,2015-06-01 06:52:00,34,0,0,0,0.0,[],NORMAL
2015-06-01 06:48:00,2015-06-01 06:53:00,28,0,0,0,0.0,[],NORMAL
2015-06-01 06:49:00,2015-06-01 06:54:00,25,2,0,2,100.0,"[""27946"", ""419635""]",HIGH_RISK
2015-06-01 06:50:00,2015-06-01 06:55:00,30,2,0,2,100.0,"[""27946"", ""419635""]",HIGH_RISK
2015-06-01 06:51:00,2015-06-01 06:56:00,29,2,0,2,100.0,"[""27946"", ""419635""]",HIGH_RISK
2015-06-01 06:52:00,2015-06-01 06:57:00,25,2,0,2,100.0,"[""27946"", ""419635""]",HIGH_RISK
2015-06-01 06:53:00,2015-06-01 06:58:00,29,2,0,2,100.0,"[""27946"", ""419635""]",HIGH_RISK
2015-06-01 06:54:00,2015-06-01 06:59:00,30,0,0,0,0.0,[],NORMAL
2015-06-01 06:55:00,2015-06-01 07:00:00,25,1,0,1,100.0,"[""63769""]",HIGH_RISK
2015-06-01 06:56:00,2015-06-01 07:01:00,24,2,0,2,100.0,"[""63769"", ""135703""]",HIGH_RISK
2015-06-01 06:57:00,2015-06-01 07:02:00,28,2,0,2,100.0,"[""63769"", ""135703""]",HIGH_RISK
2015-06-01 06:58:00,2015-06-01 07:03:00,27,2,0,2,100.0,"[""63769"", ""135703""]",HIGH_RISK
2015-06-01 06:59:00,2015-06-01 07:04:00,30,2,0,2,100.0,"[""63769"", ""135703""]",HIGH_RISK
2015-06-01 07:00:00,2015-06-01 07:05:00,30,1,0,1,100.0,"[""135703""]",HIGH_RISK
2015-06-01 07:01:00,2015-06-01 07:06:00,33,0,0,0,0.0,[],NORMAL
2015-06-01 07:02:00,2015-06-01 07:07:00,35,0,0,0,0.0,[],NORMAL
2015-06-01 07:03:00,2015-06-01 07:08:00,36,3,0,3,100.0,"[""36035"", ""150185"", ""269430""]",HIGH_RISK
2015-06-01 07:04:00,2015-06-01 07:09:00,36,3,0,3,100.0,"[""36035"", ""150185"", ""269430""]",HIGH_RISK
2015-06-01 07:05:00,2015-06-01 07:10:00,33,3,0,3,100.0,"[""36035"", ""150185"", ""269430""]",HIGH_RISK
2015-06-01 07:06:00,2015-06-01 07:11:00,28,3,0,3,100.0,"[""36035"", ""150185"", ""269430""]",HIGH_RISK
2015-06-01 07:07:00,2015-06-01 07:12:00,26,3,0,3,100.0,"[""36035"", ""150185"", ""269430""]",HIGH_RISK
2015-06-01 07:08:00,2015-06-01 07:13:00,24,0,0,0,0.0,[],NORMAL
2015-06-01 07:09:00,2015-06-01 07:14:00,30,0,0,0,0.0,[],NORMAL
2015-06-01 07:10:00,2015-06-01 07:15:00,33,1,0,1,100.0,"[""100367""]",HIGH_RISK
2015-06-01 07:11:00,2015-06-01 07:16:00,37,1,0,1,100.0,"[""100367""]",HIGH_RISK
2015-06-01 07:12:00,2015-06-01 07:17:00,41,3,0,3,100.0,"[""100367"", ""214820"", ""201157""]",HIGH_RISK
2015-06-01 07:13:00,2015-06-01 07:18:00,44,4,0,4,100.0,"[""100367"", ""214820"", ""201157"", ""389814""]",HIGH_RISK
2015-06-01 07:14:00,2015-06-01 07:19:00,49,9,4,8,88.8889,"[""214820"", ""201157"", ""389814"", ""108514"", ""334273""]",HIGH_RISK
2015-06-01 07:15:00,2015-06-01 07:20:00,54,9,4,9,100.0,"[""214820"", ""201157"", ""389814"", ""108514"", ""334273""]",HIGH_RISK
2015-06-01 07:16:00,2015-06-01 07:21:00,50,9,4,9,100.0,"[""214820"", ""201157"", ""389814"", ""108514"", ""334273""]",HIGH_RISK
2015-06-01 07:17:00,2015-06-01 07:22:00,48,7,4,7,100.0,"[""389814"", ""108514"", ""334273"", ""308195"", ""177603""]",HIGH_RISK
2015-06-01 07:18:00,2015-06-01 07:23:00,45,8,4,7,100.0,"[""108514"", ""334273"", ""308195"", ""177603"", ""435184""]",HIGH_RISK
2015-06-01 07:19:00,2015-06-01 07:24:00,37,4,0,3,100.0,"[""298860"", ""364064"", ""292752""]",HIGH_RISK
2015-06-01 07:20:00,2015-06-01 07:25:00,37,7,0,6,100.0,"[""364064"", ""292752"", ""109776"", ""153379"", ""79201""]",HIGH_RISK
2015-06-01 07:21:00,2015-06-01 07:26:00,40,9,0,8,100.0,"[""364064"", ""292752"", ""109776"", ""153379"", ""79201""]",HIGH_RISK
2015-06-01 07:22:00,2015-06-01 07:27:00,39,9,0,8,100.0,"[""364064"", ""292752"", ""109776"", ""153379"", ""79201""]",HIGH_RISK
2015-06-01 07:23:00,2015-06-01 07:28:00,47,10,0,10,100.0,"[""292752"", ""109776"", ""153379"", ""79201"", ""254037""]",HIGH_RISK
2015-06-01 07:24:00,2015-06-01 07:29:00,41,9,0,9,100.0,"[""109776"", ""153379"", ""79201"", ""254037"", ""362585""]",HIGH_RISK
2015-06-01 07:25:00,2015-06-01 07:30:00,36,7,0,7,100.0,"[""362585"", ""131386"", ""18877"", ""185672"", ""127123""]",HIGH_RISK
2015-06-01 07:26:00,2015-06-01 07:31:00,38,6,0,6,100.0,"[""18877"", ""185672"", ""127123"", ""437165"", ""276937""]",HIGH_RISK
2015-06-01 07:27:00,2015-06-01 07:32:00,37,7,0,7,100.0,"[""18877"", ""185672"", ""127123"", ""437165"", ""276937""]",HIGH_RISK
2015-06-01 07:28:00,2015-06-01 07:33:00,29,5,0,5,100.0,"[""437165"", ""276937"", ""246254"", ""296727"", ""250578""]",HIGH_RISK
2015-06-01 07:29:00,2015-06-01 07:34:00,29,5,0,5,100.0,"[""437165"", ""276937"", ""246254"", ""296727"", ""250578""]",HIGH_RISK
2015-06-01 07:30:00,2015-06-01 07:35:00,28,3,0,3,100.0,"[""246254"", ""296727"", ""250578""]",HIGH_RISK
2015-06-01 07:31:00,2015-06-01 07:36:00,23,2,0,2,100.0,"[""296727"", ""250578""]",HIGH_RISK
2015-06-01 07:32:00,2015-06-01 07:37:00,21,1,0,1,100.0,"[""250578""]",HIGH_RISK
2015-06-01 07:33:00,2015-06-01 07:38:00,19,0,0,0,0.0,[],NORMAL
2015-06-01 07:34:00,2015-06-01 07:39:00,18,0,0,0,0.0,[],NORMAL
2015-06-01 07:35:00,2015-06-01 07:40:00,17,0,0,0,0.0,[],NORMAL
2015-06-01 07:36:00,2015-06-01 07:41:00,14,0,0,0,0.0,[],NORMAL
2015-06-01 07:37:00,2015-06-01 07:42:00,13,0,0,0,0.0,[],NORMAL
2015-06-01 07:38:00,2015-06-01 07:43:00,13,0,0,0,0.0,[],NORMAL
2015-06-01 07:39:00,2015-06-01 07:44:00,17,0,0,0,0.0,[],NORMAL
2015-06-01 07:40:00,2015-06-01 07:45:00,17,0,0,0,0.0,[],NORMAL
2015-06-01 07:41:00,2015-06-01 07:46:00,18,0,0,0,0.0,[],NORMAL
2015-06-01 07:42:00,2015-06-01 07:47:00,18,0,0,0,0.0,[],NORMAL
2015-06-01 07:43:00,2015-06-01 07:48:00,21,0,0,0,0.0,[],NORMAL
2015-06-01 07:44:00,2015-06-01 07:49:00,15,0,0,0,0.0,[],NORMAL
2015-06-01 07:45:00,2015-06-01 07:50:00,15,0,0,0,0.0,[],NORMAL
2015-06-01 07:46:00,2015-06-01 07:51:00,19,0,0,0,0.0,[],NORMAL
2015-06-01 07:47:00,2015-06-01 07:52:00,16,0,0,0,0.0,[],NORMAL
2015-06-01 07:48:00,2015-06-01 07:53:00,11,0,0,0,0.0,[],NORMAL
2015-06-01 07:49:00,2015-06-01 07:54:00,12,0,0,0,0.0,[],NORMAL
2015-06-01 07:50:00,2015-06-01 07:55:00,11,0,0,0,0.0,[],NORMAL
2015-06-01 07:51:00,2015-06-01 07:56:00,9,0,0,0,0.0,[],NORMAL
2015-06-01 07:52:00,2015-06-01 07:57:00,14,0,0,0,0.0,[],NORMAL
2015-06-01 07:53:00,2015-06-01 07:58:00,12,0,0,0,0.0,[],NORMAL
2015-06-01 07:54:00,2015-06-01 07:59:00,11,0,0,0,0.0,[],NORMAL
2015-06-01 07:55:00,2015-06-01 08:00:00,15,0,0,0,0.0,[],NORMAL
2015-06-01 07:56:00,2015-06-01 08:01:00,13,0,0,0,0.0,[],NORMAL
2015-06-01 07:57:00,2015-06-01 08:02:00,10,0,0,0,0.0,[],NORMAL
2015-06-01 07:58:00,2015-06-01 08:03:00,11,0,0,0,0.0,[],NORMAL
2015-06-01 07:59:00,2015-06-01 08:04:00,12,0,0,0,0.0,[],NORMAL
2015-06-01 08:00:00,2015-06-01 08:05:00,8,0,0,0,0.0,[],NORMAL
2015-06-01 08:01:00,2015-06-01 08:06:00,8,0,0,0,0.0,[],NORMAL
2015-06-01 08:02:00,2015-06-01 08:07:00,11,0,0,0,0.0,[],NORMAL
2015-06-01 08:03:00,2015-06-01 08:08:00,11,0,0,0,0.0,[],NORMAL
2015-06-01 08:04:00,2015-06-01 08:09:00,14,0,0,0,0.0,[],NORMAL
2015-06-01 08:05:00,2015-06-01 08:10:00,18,0,0,0,0.0,[],NORMAL
2015-06-01 08:06:00,2015-06-01 08:11:00,20,0,0,0,0.0,[],NORMAL
2015-06-01 08:07:00,2015-06-01 08:12:00,17,0,0,0,0.0,[],NORMAL
2015-06-01 08:08:00,2015-06-01 08:13:00,18,0,0,0,0.0,[],NORMAL
2015-06-01 08:09:00,2015-06-01 08:14:00,16,0,0,0,0.0,[],NORMAL
2015-06-01 08:10:00,2015-06-01 08:15:00,12,0,0,0,0.0,[],NORMAL
2015-06-01 08:11:00,2015-06-01 08:16:00,12,0,0,0,0.0,[],NORMAL
2015-06-01 08:12:00,2015-06-01 08:17:00,11,0,0,0,0.0,[],NORMAL
2015-06-01 08:13:00,2015-06-01 08:18:00,13,0,0,0,0.0,[],NORMAL
2015-06-01 08:14:00,2015-06-01 08:19:00,10,0,0,0,0.0,[],NORMAL
2015-06-01 08:15:00,2015-06-01 08:20:00,12,0,0,0,0.0,[],NORMAL
2015-06-01 08:16:00,2015-06-01 08:21:00,13,0,0,0,0.0,[],NORMAL
2015-06-01 08:17:00,2015-06-01 08:22:00,14,0,0,0,0.0,[],NORMAL
2015-06-01 08:18:00,2015-06-01 08:23:00,14,1,0,1,100.0,"[""165362""]",HIGH_RISK
2015-06-01 08:19:00,2015-06-01 08:24:00,18,2,0,2,100.0,"[""165362"", ""337772""]",HIGH_RISK
2015-06-01 08:20:00,2015-06-01 08:25:00,15,2,0,2,100.0,"[""165362"", ""337772""]",HIGH_RISK
2015-06-01 08:21:00,2015-06-01 08:26:00,16,2,0,2,100.0,"[""165362"", ""337772""]",HIGH_RISK
2015-06-01 08:22:00,2015-06-01 08:27:00,19,2,0,2,100.0,"[""165362"", ""337772""]",HIGH_RISK
2015-06-01 08:23:00,2015-06-01 08:28:00,19,1,0,1,100.0,"[""337772""]",HIGH_RISK
2015-06-01 08:24:00,2015-06-01 08:29:00,16,0,0,0,0.0,[],NORMAL
2015-06-01 08:25:00,2015-06-01 08:30:00,17,0,0,0,0.0,[],NORMAL
2015-06-01 08:26:00,2015-06-01 08:31:00,15,0,0,0,0.0,[],NORMAL
2015-06-01 08:27:00,2015-06-01 08:32:00,12,0,0,0,0.0,[],NORMAL
2015-06-01 08:28:00,2015-06-01 08:33:00,9,0,0,0,0.0,[],NORMAL
2015-06-01 08:29:00,2015-06-01 08:34:00,10,0,0,0,0.0,[],NORMAL
2015-06-01 08:30:00,2015-06-01 08:35:00,12,0,0,0,0.0,[],NORMAL
2015-06-01 08:31:00,2015-06-01 08:36:00,14,1,0,1,100.0,"[""331514""]",HIGH_RISK
2015-06-01 08:32:00,2015-06-01 08:37:00,12,1,0,1,100.0,"[""331514""]",HIGH_RISK
2015-06-01 08:33:00,2015-06-01 08:38:00,11,1,0,1,100.0,"[""331514""]",HIGH_RISK
2015-06-01 08:34:00,2015-06-01 08:39:00,11,1,0,1,100.0,"[""331514""]",HIGH_RISK
2015-06-01 08:35:00,2015-06-01 08:40:00,9,1,0,1,100.0,"[""331514""]",HIGH_RISK
2015-06-01 08:36:00,2015-06-01 08:41:00,8,0,0,0,0.0,[],NORMAL
2015-06-01 08:37:00,2015-06-01 08:42:00,13,0,0,0,0.0,[],NORMAL
2015-06-01 08:38:00,2015-06-01 08:43:00,16,0,0,0,0.0,[],NORMAL
2015-06-01 08:39:00,2015-06-01 08:44:00,19,0,0,0,0.0,[],NORMAL
2015-06-01 08:40:00,2015-06-01 08:45:00,19,0,0,0,0.0,[],NORMAL
2015-06-01 08:41:00,2015-06-01 08:46:00,17,0,0,0,0.0,[],NORMAL
2015-06-01 08:42:00,2015-06-01 08:47:00,16,0,0,0,0.0,[],NORMAL
2015-06-01 08:43:00,2015-06-01 08:48:00,17,0,0,0,0.0,[],NORMAL
2015-06-01 08:44:00,2015-06-01 08:49:00,13,0,0,0,0.0,[],NORMAL
2015-06-01 08:45:00,2015-06-01 08:50:00,15,0,0,0,0.0,[],NORMAL
2015-06-01 08:46:00,2015-06-01 08:51:00,15,0,0,0,0.0,[],NORMAL
2015-06-01 08:47:00,2015-06-01 08:52:00,13,0,0,0,0.0,[],NORMAL
2015-06-01 08:48:00,2015-06-01 08:53:00,10,0,0,0,0.0,[],NORMAL
2015-06-01 08:49:00,2015-06-01 08:54:00,10,0,0,0,0.0,[],NORMAL
2015-06-01 08:50:00,2015-06-01 08:55:00,11,0,0,0,0.0,[],NORMAL
2015-06-01 08:51:00,2015-06-01 08:56:00,12,2,0,1,100.0,"[""296795""]",HIGH_RISK
2015-06-01 08:52:00,2015-06-01 08:57:00,11,2,0,1,100.0,"[""296795""]",HIGH_RISK
2015-06-01 08:53:00,2015-06-01 08:58:00,12,2,0,1,100.0,"[""296795""]",HIGH_RISK
2015-06-01 08:54:00,2015-06-01 08:59:00,13,2,0,1,100.0,"[""296795""]",HIGH_RISK
2015-06-01 08:55:00,2015-06-01 09:00:00,9,2,0,1,100.0,"[""296795""]",HIGH_RISK
2015-06-01 08:56:00,2015-06-01 09:01:00,8,0,0,0,0.0,[],NORMAL
2015-06-01 08:57:00,2015-06-01 09:02:00,10,0,0,0,0.0,[],NORMAL
2015-06-01 08:58:00,2015-06-01 09:03:00,10,0,0,0,0.0,[],NORMAL
2015-06-01 08:59:00,2015-06-01 09:04:00,8,0,0,0,0.0,[],NORMAL
2015-06-01 09:00:00,2015-06-01 09:05:00,8,0,0,0,0.0,[],NORMAL
2015-06-01 09:01:00,2015-06-01 09:06:00,8,0,0,0,0.0,[],NORMAL
2015-06-01 09:02:00,2015-06-01 09:07:00,6,0,0,0,0.0,[],NORMAL
2015-06-01 09:03:00,2015-06-01 09:08:00,8,0,0,0,0.0,[],NORMAL
2015-06-01 09:04:00,2015-06-01 09:09:00,12,0,0,0,0.0,[],NORMAL
2015-06-01 09:05:00,2015-06-01 09:10:00,13,0,0,0,0.0,[],NORMAL
2015-06-01 09:06:00,2015-06-01 09:11:00,12,0,0,0,0.0,[],NORMAL
2015-06-01 09:07:00,2015-06-01 09:12:00,11,0,0,0,0.0,[],NORMAL
2015-06-01 09:08:00,2015-06-01 09:13:00,8,0,0,0,0.0,[],NORMAL
2015-06-01 09:09:00,2015-06-01 09:14:00,4,0,0,0,0.0,[],NORMAL
2015-06-01 09:10:00,2015-06-01 09:15:00,2,0,0,0,0.0,[],NORMAL
2015-06-01 09:11:00,2015-06-01 09:16:00,3,0,0,0,0.0,[],NORMAL
2015-06-01 09:12:00,2015-06-01 09:17:00,5,0,0,0,0.0,[],NORMAL
2015-06-01 09:13:00,2015-06-01 09:18:00,6,0,0,0,0.0,[],NORMAL
2015-06-01 09:14:00,2015-06-01 09:19:00,6,0,0,0,0.0,[],NORMAL
2015-06-01 09:15:00,2015-06-01 09:20:00,9,0,0,0,0.0,[],NORMAL
2015-06-01 09:16:00,2015-06-01 09:21:00,7,0,0,0,0.0,[],NORMAL
2015-06-01 09:17:00,2015-06-01 09:22:00,6,0,0,0,0.0,[],NORMAL
2015-06-01 09:18:00,2015-06-01 09:23:00,4,0,0,0,0.0,[],NORMAL
2015-06-01 09:19:00,2015-06-01 09:24:00,9,0,0,0,0.0,[],NORMAL
2015-06-01 09:20:00,2015-06-01 09:25:00,9,0,0,0,0.0,[],NORMAL
2015-06-01 09:21:00,2015-06-01 09:26:00,11,0,0,0,0.0,[],NORMAL
2015-06-01 09:22:00,2015-06-01 09:27:00,14,0,0,0,0.0,[],NORMAL
2015-06-01 09:23:00,2015-06-01 09:28:00,15,0,0,0,0.0,[],NORMAL
2015-06-01 09:24:00,2015-06-01 09:29:00,10,0,0,0,0.0,[],NORMAL
2015-06-01 09:25:00,2015-06-01 09:30:00,8,0,0,0,0.0,[],NORMAL
2015-06-01 09:26:00,2015-06-01 09:31:00,9,0,0,0,0.0,[],NORMAL
2015-06-01 09:27:00,2015-06-01 09:32:00,6,0,0,0,0.0,[],NORMAL
2015-06-01 09:28:00,2015-06-01 09:33:00,6,0,0,0,0.0,[],NORMAL
2015-06-01 09:29:00,2015-06-01 09:34:00,8,0,0,0,0.0,[],NORMAL
2015-06-01 09:30:00,2015-06-01 09:35:00,8,0,0,0,0.0,[],NORMAL
2015-06-01 09:31:00,2015-06-01 09:36:00,5,0,0,0,0.0,[],NORMAL
2015-06-01 09:32:00,2015-06-01 09:37:00,4,0,0,0,0.0,[],NORMAL
2015-06-01 09:33:00,2015-06-01 09:38:00,4,0,0,0,0.0,[],NORMAL
2015-06-01 09:34:00,2015-06-01 09:39:00,6,0,0,0,0.0,[],NORMAL
2015-06-01 09:35:00,2015-06-01 09:40:00,7,0,0,0,0.0,[],NORMAL
2015-06-01 09:36:00,2015-06-01 09:41:00,8,0,0,0,0.0,[],NORMAL
2015-06-01 09:37:00,2015-06-01 09:42:00,8,0,0,0,0.0,[],NORMAL
2015-06-01 09:38:00,2015-06-01 09:43:00,13,0,0,0,0.0,[],NORMAL
2015-06-01 09:39:00,2015-06-01 09:44:00,13,0,0,0,0.0,[],NORMAL
2015-06-01 09:40:00,2015-06-01 09:45:00,17,0,0,0,0.0,[],NORMAL
2015-06-01 09:41:00,2015-06-01 09:46:00,17,0,0,0,0.0,[],NORMAL
2015-06-01 09:42:00,2015-06-01 09:47:00,18,0,0,0,0.0,[],NORMAL
2015-06-01 09:43:00,2015-06-01 09:48:00,14,0,0,0,0.0,[],NORMAL
2015-06-01 09:44:00,2015-06-01 09:49:00,14,0,0,0,0.0,[],NORMAL
2015-06-01 09:45:00,2015-06-01 09:50:00,10,0,0,0,0.0,[],NORMAL
2015-06-01 09:46:00,2015-06-01 09:51:00,12,0,0,0,0.0,[],NORMAL
2015-06-01 09:47:00,2015-06-01 09:52:00,12,0,0,0,0.0,[],NORMAL
2015-06-01 09:48:00,2015-06-01 09:53:00,12,0,0,0,0.0,[],NORMAL
2015-06-01 09:49:00,2015-06-01 09:54:00,14,0,0,0,0.0,[],NORMAL
2015-06-01 09:50:00,2015-06-01 09:55:00,12,0,0,0,0.0,[],NORMAL
2015-06-01 09:51:00,2015-06-01 09:56:00,12,0,0,0,0.0,[],NORMAL
2015-06-01 09:52:00,2015-06-01 09:57:00,15,0,0,0,0.0,[],NORMAL
2015-06-01 09:53:00,2015-06-01 09:58:00,14,0,0,0,0.0,[],NORMAL
2015-06-01 09:54:00,2015-06-01 09:59:00,11,0,0,0,0.0,[],NORMAL
2015-06-01 09:55:00,2015-06-01 10:00:00,12,0,0,0,0.0,[],NORMAL
2015-06-01 09:56:00,2015-06-01 10:01:00,13,0,0,0,0.0,[],NORMAL
2015-06-01 09:57:00,2015-06-01 10:02:00,10,0,0,0,0.0,[],NORMAL
2015-06-01 09:58:00,2015-06-01 10:03:00,9,0,0,0,0.0,[],NORMAL
2015-06-01 09:59:00,2015-06-01 10:04:00,7,0,0,0,0.0,[],NORMAL
2015-06-01 10:00:00,2015-06-01 10:05:00,10,0,0,0,0.0,[],NORMAL
2015-06-01 10:01:00,2015-06-01 10:06:00,7,0,0,0,0.0,[],NORMAL
2015-06-01 10:02:00,2015-06-01 10:07:00,7,0,0,0,0.0,[],NORMAL
2015-06-01 10:03:00,2015-06-01 10:08:00,9,0,0,0,0.0,[],NORMAL
2015-06-01 10:04:00,2015-06-01 10:09:00,11,0,0,0,0.0,[],NORMAL
2015-06-01 10:05:00,2015-06-01 10:10:00,7,0,0,0,0.0,[],NORMAL
2015-06-01 10:06:00,2015-06-01 10:11:00,7,0,0,0,0.0,[],NORMAL
2015-06-01 10:07:00,2015-06-01 10:12:00,6,0,0,0,0.0,[],NORMAL
2015-06-01 10:08:00,2015-06-01 10:13:00,4,0,0,0,0.0,[],NORMAL
2015-06-01 10:09:00,2015-06-01 10:14:00,2,0,0,0,0.0,[],NORMAL
2015-06-01 10:10:00,2015-06-01 10:15:00,2,0,0,0,0.0,[],NORMAL
2015-06-01 10:11:00,2015-06-01 10:16:00,2,0,0,0,0.0,[],NORMAL
2015-06-01 10:12:00,2015-06-01 10:17:00,3,0,0,0,0.0,[],NORMAL
2015-06-01 10:13:00,2015-06-01 10:18:00,3,0,0,0,0.0,[],NORMAL
2015-06-01 10:14:00,2015-06-01 10:19:00,3,0,0,0,0.0,[],NORMAL
2015-06-01 10:15:00,2015-06-01 10:20:00,8,0,0,0,0.0,[],NORMAL
2015-06-01 10:16:00,2015-06-01 10:21:00,10,1,0,1,100.0,"[""103311""]",HIGH_RISK
2015-06-01 10:17:00,2015-06-01 10:22:00,15,1,0,1,100.0,"[""103311""]",HIGH_RISK
2015-06-01 10:18:00,2015-06-01 10:23:00,17,1,0,1,100.0,"[""103311""]",HIGH_RISK
2015-06-01 10:19:00,2015-06-01 10:24:00,16,1,0,1,100.0,"[""103311""]",HIGH_RISK
2015-06-01 10:20:00,2015-06-01 10:25:00,14,1,1,0,0.0,[],NORMAL
2015-06-01 10:21:00,2015-06-01 10:26:00,16,0,1,0,0.0,[],NORMAL
2015-06-01 10:22:00,2015-06-01 10:27:00,10,0,1,0,0.0,[],NORMAL
2015-06-01 10:23:00,2015-06-01 10:28:00,9,0,1,0,0.0,[],NORMAL
2015-06-01 10:24:00,2015-06-01 10:29:00,11,0,1,0,0.0,[],NORMAL
2015-06-01 10:25:00,2015-06-01 10:30:00,9,0,0,0,0.0,[],NORMAL
2015-06-01 10:26:00,2015-06-01 10:31:00,8,0,0,0,0.0,[],NORMAL
2015-06-01 10:27:00,2015-06-01 10:32:00,13,0,0,0,0.0,[],NORMAL
2015-06-01 10:28:00,2015-06-01 10:33:00,15,0,0,0,0.0,[],NORMAL
2015-06-01 10:29:00,2015-06-01 10:34:00,15,0,0,0,0.0,[],NORMAL
2015-06-01 10:30:00,2015-06-01 10:35:00,16,0,0,0,0.0,[],NORMAL
2015-06-01 10:31:00,2015-06-01 10:36:00,14,0,0,0,0.0,[],NORMAL
2015-06-01 10:32:00,2015-06-01 10:37:00,13,0,0,0,0.0,[],NORMAL
2015-06-01 10:33:00,2015-06-01 10:38:00,12,0,0,0,0.0,[],NORMAL
2015-06-01 10:34:00,2015-06-01 10:39:00,11,0,0,0,0.0,[],NORMAL
2015-06-01 10:35:00,2015-06-01 10:40:00,12,0,0,0,0.0,[],NORMAL
2015-06-01 10:36:00,2015-06-01 10:41:00,11,0,0,0,0.0,[],NORMAL
2015-06-01 10:37:00,2015-06-01 10:42:00,8,0,0,0,0.0,[],NORMAL
2015-06-01 10:38:00,2015-06-01 10:43:00,8,0,0,0,0.0,[],NORMAL
2015-06-01 10:39:00,2015-06-01 10:44:00,10,0,0,0,0.0,[],NORMAL
2015-06-01 10:40:00,2015-06-01 10:45:00,10,0,0,0,0.0,[],NORMAL
2015-06-01 10:41:00,2015-06-01 10:46:00,10,0,0,0,0.0,[],NORMAL
2015-06-01 10:42:00,2015-06-01 10:47:00,10,0,0,0,0.0,[],NORMAL
2015-06-01 10:43:00,2015-06-01 10:48:00,9,0,0,0,0.0,[],NORMAL
2015-06-01 10:44:00,2015-06-01 10:49:00,7,1,0,1,100.0,"[""306285""]",HIGH_RISK
2015-06-01 10:45:00,2015-06-01 10:50:00,5,1,0,1,100.0,"[""306285""]",HIGH_RISK
2015-06-01 10:46:00,2015-06-01 10:51:00,8,1,0,1,100.0,"[""306285""]",HIGH_RISK
2015-06-01 10:47:00,2015-06-01 10:52:00,8,1,0,1,100.0,"[""306285""]",HIGH_RISK
2015-06-01 10:48:00,2015-06-01 10:53:00,10,1,0,1,100.0,"[""306285""]",HIGH_RISK
2015-06-01 10:49:00,2015-06-01 10:54:00,11,1,0,1,100.0,"[""320494""]",HIGH_RISK
2015-06-01 10:50:00,2015-06-01 10:55:00,12,1,0,1,100.0,"[""320494""]",HIGH_RISK
2015-06-01 10:51:00,2015-06-01 10:56:00,8,1,0,1,100.0,"[""320494""]",HIGH_RISK
2015-06-01 10:52:00,2015-06-01 10:57:00,9,1,0,1,100.0,"[""320494""]",HIGH_RISK
2015-06-01 10:53:00,2015-06-01 10:58:00,8,1,0,1,100.0,"[""320494""]",HIGH_RISK
2015-06-01 10:54:00,2015-06-01 10:59:00,8,0,0,0,0.0,[],NORMAL
2015-06-01 10:55:00,2015-06-01 11:00:00,9,0,0,0,0.0,[],NORMAL
2015-06-01 10:56:00,2015-06-01 11:01:00,12,0,0,0,0.0,[],NORMAL
2015-06-01 10:57:00,2015-06-01 11:02:00,13,0,0,0,0.0,[],NORMAL
2015-06-01 10:58:00,2015-06-01 11:03:00,14,0,0,0,0.0,[],NORMAL
2015-06-01 10:59:00,2015-06-01 11:04:00,13,0,0,0,0.0,[],NORMAL
2015-06-01 11:00:00,2015-06-01 11:05:00,11,0,0,0,0.0,[],NORMAL
2015-06-01 11:01:00,2015-06-01 11:06:00,10,0,0,0,0.0,[],NORMAL
2015-06-01 11:02:00,2015-06-01 11:07:00,8,0,0,0,0.0,[],NORMAL
2015-06-01 11:03:00,2015-06-01 11:08:00,6,0,0,0,0.0,[],NORMAL
2015-06-01 11:04:00,2015-06-01 11:09:00,7,0,0,0,0.0,[],NORMAL
2015-06-01 11:05:00,2015-06-01 11:10:00,8,0,0,0,0.0,[],NORMAL
2015-06-01 11:06:00,2015-06-01 11:11:00,9,0,0,0,0.0,[],NORMAL
2015-06-01 11:07:00,2015-06-01 11:12:00,11,0,0,0,0.0,[],NORMAL
2015-06-01 11:08:00,2015-06-01 11:13:00,15,0,0,0,0.0,[],NORMAL
2015-06-01 11:09:00,2015-06-01 11:14:00,16,0,0,0,0.0,[],NORMAL
2015-06-01 11:10:00,2015-06-01 11:15:00,14,0,0,0,0.0,[],NORMAL
2015-06-01 11:11:00,2015-06-01 11:16:00,18,0,0,0,0.0,[],NORMAL
2015-06-01 11:12:00,2015-06-01 11:17:00,18,0,0,0,0.0,[],NORMAL
2015-06-01 11:13:00,2015-06-01 11:18:00,14,0,0,0,0.0,[],NORMAL
2015-06-01 11:14:00,2015-06-01 11:19:00,11,0,0,0,0.0,[],NORMAL
2015-06-01 11:15:00,2015-06-01 11:20:00,13,0,0,0,0.0,[],NORMAL
2015-06-01 11:16:00,2015-06-01 11:21:00,7,0,0,0,0.0,[],NORMAL
2015-06-01 11:17:00,2015-06-01 11:22:00,10,0,0,0,0.0,[],NORMAL
2015-06-01 11:18:00,2015-06-01 11:23:00,11,0,0,0,0.0,[],NORMAL
2015-06-01 11:19:00,2015-06-01 11:24:00,12,0,0,0,0.0,[],NORMAL
2015-06-01 11:20:00,2015-06-01 11:25:00,12,0,0,0,0.0,[],NORMAL
2015-06-01 11:21:00,2015-06-01 11:26:00,15,0,0,0,0.0,[],NORMAL
2015-06-01 11:22:00,2015-06-01 11:27:00,9,0,0,0,0.0,[],NORMAL
2015-06-01 11:23:00,2015-06-01 11:28:00,8,0,0,0,0.0,[],NORMAL
2015-06-01 11:24:00,2015-06-01 11:29:00,8,0,0,0,0.0,[],NORMAL
2015-06-01 11:25:00,2015-06-01 11:30:00,10,0,0,0,0.0,[],NORMAL
2015-06-01 11:26:00,2015-06-01 11:31:00,8,0,0,0,0.0,[],NORMAL
2015-06-01 11:27:00,2015-06-01 11:32:00,10,0,0,0,0.0,[],NORMAL
2015-06-01 11:28:00,2015-06-01 11:33:00,13,0,0,0,0.0,[],NORMAL
2015-06-01 11:29:00,2015-06-01 11:34:00,13,0,0,0,0.0,[],NORMAL
2015-06-01 11:30:00,2015-06-01 11:35:00,10,0,0,0,0.0,[],NORMAL
2015-06-01 11:31:00,2015-06-01 11:36:00,10,0,0,0,0.0,[],NORMAL
2015-06-01 11:32:00,2015-06-01 11:37:00,10,0,0,0,0.0,[],NORMAL
2015-06-01 11:33:00,2015-06-01 11:38:00,9,0,0,0,0.0,[],NORMAL
2015-06-01 11:34:00,2015-06-01 11:39:00,10,0,0,0,0.0,[],NORMAL
2015-06-01 11:35:00,2015-06-01 11:40:00,12,0,0,0,0.0,[],NORMAL
2015-06-01 11:36:00,2015-06-01 11:41:00,12,0,0,0,0.0,[],NORMAL
2015-06-01 11:37:00,2015-06-01 11:42:00,12,0,0,0,0.0,[],NORMAL
2015-06-01 11:38:00,2015-06-01 11:43:00,12,0,0,0,0.0,[],NORMAL
2015-06-01 11:39:00,2015-06-01 11:44:00,11,0,0,0,0.0,[],NORMAL
2015-06-01 11:40:00,2015-06-01 11:45:00,9,0,0,0,0.0,[],NORMAL
2015-06-01 11:41:00,2015-06-01 11:46:00,10,0,0,0,0.0,[],NORMAL
2015-06-01 11:42:00,2015-06-01 11:47:00,11,0,0,0,0.0,[],NORMAL
2015-06-01 11:43:00,2015-06-01 11:48:00,11,0,0,0,0.0,[],NORMAL
2015-06-01 11:44:00,2015-06-01 11:49:00,13,0,0,0,0.0,[],NORMAL
2015-06-01 11:45:00,2015-06-01 11:50:00,14,0,0,0,0.0,[],NORMAL
2015-06-01 11:46:00,2015-06-01 11:51:00,14,1,0,1,100.0,"[""138356""]",HIGH_RISK
2015-06-01 11:47:00,2015-06-01 11:52:00,12,1,0,1,100.0,"[""138356""]",HIGH_RISK
2015-06-01 11:48:00,2015-06-01 11:53:00,10,1,0,1,100.0,"[""138356""]",HIGH_RISK
2015-06-01 11:49:00,2015-06-01 11:54:00,9,1,0,1,100.0,"[""138356""]",HIGH_RISK
2015-06-01 11:50:00,2015-06-01 11:55:00,9,1,0,1,100.0,"[""138356""]",HIGH_RISK
2015-06-01 11:51:00,2015-06-01 11:56:00,7,0,1,0,0.0,[],NORMAL
2015-06-01 11:52:00,2015-06-01 11:57:00,8,0,1,0,0.0,[],NORMAL
2015-06-01 11:53:00,2015-06-01 11:58:00,8,0,1,0,0.0,[],NORMAL
2015-06-01 11:54:00,2015-06-01 11:59:00,8,0,1,0,0.0,[],NORMAL
2015-06-01 11:55:00,2015-06-01 12:00:00,10,0,1,0,0.0,[],NORMAL
2015-06-01 11:56:00,2015-06-01 12:01:00,11,0,0,0,0.0,[],NORMAL
2015-06-01 11:57:00,2015-06-01 12:02:00,11,0,0,0,0.0,[],NORMAL
2015-06-01 11:58:00,2015-06-01 12:03:00,12,0,0,0,0.0,[],NORMAL
2015-06-01 11:59:00,2015-06-01 12:04:00,13,0,0,0,0.0,[],NORMAL
2015-06-01 12:00:00,2015-06-01 12:05:00,11,2,0,1,100.0,"[""441620""]",HIGH_RISK
2015-06-01 12:01:00,2015-06-01 12:06:00,10,2,0,1,100.0,"[""441620""]",HIGH_RISK
2015-06-01 12:02:00,2015-06-01 12:07:00,12,2,0,1,100.0,"[""441620""]",HIGH_RISK
2015-06-01 12:03:00,2015-06-01 12:08:00,12,3,0,2,100.0,"[""441620"", ""259913""]",HIGH_RISK
2015-06-01 12:04:00,2015-06-01 12:09:00,12,3,0,2,100.0,"[""441620"", ""259913""]",HIGH_RISK
2015-06-01 12:05:00,2015-06-01 12:10:00,10,1,0,1,100.0,"[""259913""]",HIGH_RISK
2015-06-01 12:06:00,2015-06-01 12:11:00,9,1,0,1,100.0,"[""259913""]",HIGH_RISK
2015-06-01 12:07:00,2015-06-01 12:12:00,11,1,0,1,100.0,"[""259913""]",HIGH_RISK
2015-06-01 12:08:00,2015-06-01 12:13:00,9,0,0,0,0.0,[],NORMAL
2015-06-01 12:09:00,2015-06-01 12:14:00,10,0,0,0,0.0,[],NORMAL
2015-06-01 12:10:00,2015-06-01 12:15:00,13,0,0,0,0.0,[],NORMAL
2015-06-01 12:11:00,2015-06-01 12:16:00,19,0,0,0,0.0,[],NORMAL
2015-06-01 12:12:00,2015-06-01 12:17:00,15,0,0,0,0.0,[],NORMAL
2015-06-01 12:13:00,2015-06-01 12:18:00,20,0,0,0,0.0,[],NORMAL
2015-06-01 12:14:00,2015-06-01 12:19:00,19,1,0,1,100.0,"[""270120""]",HIGH_RISK
2015-06-01 12:15:00,2015-06-01 12:20:00,20,1,0,1,100.0,"[""270120""]",HIGH_RISK
2015-06-01 12:16:00,2015-06-01 12:21:00,19,1,0,1,100.0,"[""270120""]",HIGH_RISK
2015-06-01 12:17:00,2015-06-01 12:22:00,21,1,0,1,100.0,"[""270120""]",HIGH_RISK
2015-06-01 12:18:00,2015-06-01 12:23:00,20,1,0,1,100.0,"[""270120""]",HIGH_RISK
2015-06-01 12:19:00,2015-06-01 12:24:00,24,0,0,0,0.0,[],NORMAL
2015-06-01 12:20:00,2015-06-01 12:25:00,24,0,0,0,0.0,[],NORMAL
2015-06-01 12:21:00,2015-06-01 12:26:00,23,0,0,0,0.0,[],NORMAL
2015-06-01 12:22:00,2015-06-01 12:27:00,28,0,0,0,0.0,[],NORMAL
2015-06-01 12:23:00,2015-06-01 12:28:00,26,0,0,0,0.0,[],NORMAL
2015-06-01 12:24:00,2015-06-01 12:29:00,24,1,0,1,100.0,"[""219821""]",HIGH_RISK
2015-06-01 12:25:00,2015-06-01 12:30:00,29,2,0,2,100.0,"[""219821"", ""224700""]",HIGH_RISK
2015-06-01 12:26:00,2015-06-01 12:31:00,30,2,0,2,100.0,"[""219821"", ""224700""]",HIGH_RISK
2015-06-01 12:27:00,2015-06-01 12:32:00,26,3,0,3,100.0,"[""219821"", ""224700"", ""17370""]",HIGH_RISK
2015-06-01 12:28:00,2015-06-01 12:33:00,37,3,0,3,100.0,"[""219821"", ""224700"", ""17370""]",HIGH_RISK
2015-06-01 12:29:00,2015-06-01 12:34:00,41,2,0,2,100.0,"[""224700"", ""17370""]",HIGH_RISK
2015-06-01 12:30:00,2015-06-01 12:35:00,37,2,0,2,100.0,"[""17370"", ""270886""]",HIGH_RISK
2015-06-01 12:31:00,2015-06-01 12:36:00,37,2,0,2,100.0,"[""17370"", ""270886""]",HIGH_RISK
2015-06-01 12:32:00,2015-06-01 12:37:00,38,2,0,2,100.0,"[""270886"", ""190260""]",HIGH_RISK
2015-06-01 12:33:00,2015-06-01 12:38:00,28,2,0,2,100.0,"[""270886"", ""190260""]",HIGH_RISK
2015-06-01 12:34:00,2015-06-01 12:39:00,23,2,0,2,100.0,"[""270886"", ""190260""]",HIGH_RISK
2015-06-01 12:35:00,2015-06-01 12:40:00,25,2,0,2,100.0,"[""190260"", ""313835""]",HIGH_RISK
2015-06-01 12:36:00,2015-06-01 12:41:00,28,2,0,2,100.0,"[""190260"", ""313835""]",HIGH_RISK
2015-06-01 12:37:00,2015-06-01 12:42:00,29,2,0,2,100.0,"[""313835"", ""37863""]",HIGH_RISK
2015-06-01 12:38:00,2015-06-01 12:43:00,33,2,0,2,100.0,"[""313835"", ""37863""]",HIGH_RISK
2015-06-01 12:39:00,2015-06-01 12:44:00,32,2,0,2,100.0,"[""313835"", ""37863""]",HIGH_RISK
2015-06-01 12:40:00,2015-06-01 12:45:00,28,1,0,1,100.0,"[""37863""]",HIGH_RISK
2015-06-01 12:41:00,2015-06-01 12:46:00,23,1,0,1,100.0,"[""37863""]",HIGH_RISK
2015-06-01 12:42:00,2015-06-01 12:47:00,22,0,0,0,0.0,[],NORMAL
2015-06-01 12:43:00,2015-06-01 12:48:00,21,0,0,0,0.0,[],NORMAL
2015-06-01 12:44:00,2015-06-01 12:49:00,24,0,0,0,0.0,[],NORMAL
2015-06-01 12:45:00,2015-06-01 12:50:00,28,0,0,0,0.0,[],NORMAL
2015-06-01 12:46:00,2015-06-01 12:51:00,27,0,0,0,0.0,[],NORMAL
2015-06-01 12:47:00,2015-06-01 12:52:00,24,0,0,0,0.0,[],NORMAL
2015-06-01 12:48:00,2015-06-01 12:53:00,22,0,0,0,0.0,[],NORMAL
2015-06-01 12:49:00,2015-06-01 12:54:00,22,0,0,0,0.0,[],NORMAL
2015-06-01 12:50:00,2015-06-01 12:55:00,24,0,0,0,0.0,[],NORMAL
2015-06-01 12:51:00,2015-06-01 12:56:00,30,0,0,0,0.0,[],NORMAL
2015-06-01 12:52:00,2015-06-01 12:57:00,31,0,0,0,0.0,[],NORMAL
2015-06-01 12:53:00,2015-06-01 12:58:00,32,0,0,0,0.0,[],NORMAL
2015-06-01 12:54:00,2015-06-01 12:59:00,31,0,0,0,0.0,[],NORMAL
2015-06-01 12:55:00,2015-06-01 13:00:00,29,1,0,1,100.0,"[""175317""]",HIGH_RISK
2015-06-01 12:56:00,2015-06-01 13:01:00,23,1,0,1,100.0,"[""175317""]",HIGH_RISK
2015-06-01 12:57:00,2015-06-01 13:02:00,21,1,0,1,100.0,"[""175317""]",HIGH_RISK
2015-06-01 12:58:00,2015-06-01 13:03:00,25,1,0,1,100.0,"[""175317""]",HIGH_RISK
2015-06-01 12:59:00,2015-06-01 13:04:00,24,2,0,2,100.0,"[""175317"", ""255708""]",HIGH_RISK
2015-06-01 13:00:00,2015-06-01 13:05:00,20,1,0,1,100.0,"[""255708""]",HIGH_RISK
2015-06-01 13:01:00,2015-06-01 13:06:00,23,1,0,1,100.0,"[""255708""]",HIGH_RISK
2015-06-01 13:02:00,2015-06-01 13:07:00,24,1,0,1,100.0,"[""255708""]",HIGH_RISK
2015-06-01 13:03:00,2015-06-01 13:08:00,21,1,0,1,100.0,"[""255708""]",HIGH_RISK
2015-06-01 13:04:00,2015-06-01 13:09:00,25,0,0,0,0.0,[],NORMAL
2015-06-01 13:05:00,2015-06-01 13:10:00,26,0,0,0,0.0,[],NORMAL
2015-06-01 13:06:00,2015-06-01 13:11:00,31,1,0,1,100.0,"[""243566""]",HIGH_RISK
2015-06-01 13:07:00,2015-06-01 13:12:00,38,1,1,0,0.0,[],NORMAL
2015-06-01 13:08:00,2015-06-01 13:13:00,43,1,1,0,0.0,[],NORMAL
2015-06-01 13:09:00,2015-06-01 13:14:00,46,1,1,0,0.0,[],NORMAL
2015-06-01 13:10:00,2015-06-01 13:15:00,54,1,1,0,0.0,[],NORMAL
2015-06-01 13:11:00,2015-06-01 13:16:00,55,0,1,0,0.0,[],NORMAL
2015-06-01 13:12:00,2015-06-01 13:17:00,51,0,0,0,0.0,[],NORMAL
2015-06-01 13:13:00,2015-06-01 13:18:00,48,0,0,0,0.0,[],NORMAL
2015-06-01 13:14:00,2015-06-01 13:19:00,42,0,0,0,0.0,[],NORMAL
2015-06-01 13:15:00,2015-06-01 13:20:00,38,0,0,0,0.0,[],NORMAL
2015-06-01 13:16:00,2015-06-01 13:21:00,33,0,0,0,0.0,[],NORMAL
2015-06-01 13:17:00,2015-06-01 13:22:00,38,0,0,0,0.0,[],NORMAL
2015-06-01 13:18:00,2015-06-01 13:23:00,37,0,0,0,0.0,[],NORMAL
2015-06-01 13:19:00,2015-06-01 13:24:00,42,0,0,0,0.0,[],NORMAL
2015-06-01 13:20:00,2015-06-01 13:25:00,38,0,0,0,0.0,[],NORMAL
2015-06-01 13:21:00,2015-06-01 13:26:00,40,0,0,0,0.0,[],NORMAL
2015-06-01 13:22:00,2015-06-01 13:27:00,32,0,0,0,0.0,[],NORMAL
2015-06-01 13:23:00,2015-06-01 13:28:00,29,0,0,0,0.0,[],NORMAL
2015-06-01 13:24:00,2015-06-01 13:29:00,28,0,0,0,0.0,[],NORMAL
2015-06-01 13:25:00,2015-06-01 13:30:00,31,1,0,1,100.0,"[""415610""]",HIGH_RISK
2015-06-01 13:26:00,2015-06-01 13:31:00,25,1,0,1,100.0,"[""415610""]",HIGH_RISK
2015-06-01 13:27:00,2015-06-01 13:32:00,30,1,0,1,100.0,"[""415610""]",HIGH_RISK
2015-06-01 13:28:00,2015-06-01 13:33:00,33,2,0,2,100.0,"[""415610"", ""346139""]",HIGH_RISK
2015-06-01 13:29:00,2015-06-01 13:34:00,31,2,0,2,100.0,"[""415610"", ""346139""]",HIGH_RISK
2015-06-01 13:30:00,2015-06-01 13:35:00,28,1,0,1,100.0,"[""346139""]",HIGH_RISK
2015-06-01 13:31:00,2015-06-01 13:36:00,35,1,0,1,100.0,"[""346139""]",HIGH_RISK
2015-06-01 13:32:00,2015-06-01 13:37:00,38,1,0,1,100.0,"[""346139""]",HIGH_RISK
2015-06-01 13:33:00,2015-06-01 13:38:00,42,0,1,0,0.0,[],NORMAL
2015-06-01 13:34:00,2015-06-01 13:39:00,39,0,1,0,0.0,[],NORMAL
2015-06-01 13:35:00,2015-06-01 13:40:00,42,0,1,0,0.0,[],NORMAL
2015-06-01 13:36:00,2015-06-01 13:41:00,45,0,1,0,0.0,[],NORMAL
2015-06-01 13:37:00,2015-06-01 13:42:00,43,1,1,1,100.0,"[""9635""]",HIGH_RISK
2015-06-01 13:38:00,2015-06-01 13:43:00,41,2,0,2,100.0,"[""9635"", ""154154""]",HIGH_RISK
2015-06-01 13:39:00,2015-06-01 13:44:00,40,2,0,2,100.0,"[""9635"", ""154154""]",HIGH_RISK
2015-06-01 13:40:00,2015-06-01 13:45:00,39,2,0,2,100.0,"[""9635"", ""154154""]",HIGH_RISK
2015-06-01 13:41:00,2015-06-01 13:46:00,35,2,0,2,100.0,"[""9635"", ""154154""]",HIGH_RISK
2015-06-01 13:42:00,2015-06-01 13:47:00,29,1,0,1,100.0,"[""154154""]",HIGH_RISK
2015-06-01 13:43:00,2015-06-01 13:48:00,29,0,0,0,0.0,[],NORMAL
2015-06-01 13:44:00,2015-06-01 13:49:00,33,0,0,0,0.0,[],NORMAL
2015-06-01 13:45:00,2015-06-01 13:50:00,37,0,0,0,0.0,[],NORMAL
2015-06-01 13:46:00,2015-06-01 13:51:00,37,2,0,2,100.0,"[""8300"", ""154154""]",HIGH_RISK
2015-06-01 13:47:00,2015-06-01 13:52:00,42,2,0,2,100.0,"[""8300"", ""154154""]",HIGH_RISK
2015-06-01 13:48:00,2015-06-01 13:53:00,37,3,0,3,100.0,"[""8300"", ""154154"", ""256706""]",HIGH_RISK
2015-06-01 13:49:00,2015-06-01 13:54:00,41,3,0,3,100.0,"[""8300"", ""154154"", ""256706""]",HIGH_RISK
2015-06-01 13:50:00,2015-06-01 13:55:00,36,3,0,3,100.0,"[""8300"", ""154154"", ""256706""]",HIGH_RISK
2015-06-01 13:51:00,2015-06-01 13:56:00,36,2,0,2,100.0,"[""256706"", ""73602""]",HIGH_RISK
2015-06-01 13:52:00,2015-06-01 13:57:00,39,2,0,2,100.0,"[""256706"", ""73602""]",HIGH_RISK
2015-06-01 13:53:00,2015-06-01 13:58:00,43,1,0,1,100.0,"[""73602""]",HIGH_RISK
2015-06-01 13:54:00,2015-06-01 13:59:00,39,1,0,1,100.0,"[""73602""]",HIGH_RISK
2015-06-01 13:55:00,2015-06-01 14:00:00,42,1,0,1,100.0,"[""73602""]",HIGH_RISK
2015-06-01 13:56:00,2015-06-01 14:01:00,43,0,0,0,0.0,[],NORMAL
2015-06-01 13:57:00,2015-06-01 14:02:00,39,0,0,0,0.0,[],NORMAL
2015-06-01 13:58:00,2015-06-01 14:03:00,41,0,0,0,0.0,[],NORMAL
2015-06-01 13:59:00,2015-06-01 14:04:00,37,0,0,0,0.0,[],NORMAL
2015-06-01 14:00:00,2015-06-01 14:05:00,39,0,0,0,0.0,[],NORMAL
2015-06-01 14:01:00,2015-06-01 14:06:00,40,0,0,0,0.0,[],NORMAL
2015-06-01 14:02:00,2015-06-01 14:07:00,37,0,0,0,0.0,[],NORMAL
2015-06-01 14:03:00,2015-06-01 14:08:00,31,0,0,0,0.0,[],NORMAL
2015-06-01 14:04:00,2015-06-01 14:09:00,34,0,0,0,0.0,[],NORMAL
2015-06-01 14:05:00,2015-06-01 14:10:00,33,0,0,0,0.0,[],NORMAL
2015-06-01 14:06:00,2015-06-01 14:11:00,41,1,0,1,100.0,"[""29196""]",HIGH_RISK
2015-06-01 14:07:00,2015-06-01 14:12:00,48,1,0,1,100.0,"[""29196""]",HIGH_RISK
2015-06-01 14:08:00,2015-06-01 14:13:00,54,1,0,1,100.0,"[""29196""]",HIGH_RISK
2015-06-01 14:09:00,2015-06-01 14:14:00,57,2,0,2,100.0,"[""29196"", ""375181""]",HIGH_RISK
2015-06-01 14:10:00,2015-06-01 14:15:00,58,2,0,2,100.0,"[""29196"", ""375181""]",HIGH_RISK
2015-06-01 14:11:00,2015-06-01 14:16:00,59,1,0,1,100.0,"[""375181""]",HIGH_RISK
2015-06-01 14:12:00,2015-06-01 14:17:00,63,1,0,1,100.0,"[""375181""]",HIGH_RISK
2015-06-01 14:13:00,2015-06-01 14:18:00,63,2,0,2,100.0,"[""375181"", ""153778""]",HIGH_RISK
2015-06-01 14:14:00,2015-06-01 14:19:00,63,1,0,1,100.0,"[""153778""]",HIGH_RISK
2015-06-01 14:15:00,2015-06-01 14:20:00,60,1,0,1,100.0,"[""153778""]",HIGH_RISK
2015-06-01 14:16:00,2015-06-01 14:21:00,49,2,0,2,100.0,"[""153778"", ""205829""]",HIGH_RISK
2015-06-01 14:17:00,2015-06-01 14:22:00,39,2,0,2,100.0,"[""153778"", ""205829""]",HIGH_RISK
2015-06-01 14:18:00,2015-06-01 14:23:00,35,1,0,1,100.0,"[""205829""]",HIGH_RISK
2015-06-01 14:19:00,2015-06-01 14:24:00,38,1,0,1,100.0,"[""205829""]",HIGH_RISK
2015-06-01 14:20:00,2015-06-01 14:25:00,39,1,0,1,100.0,"[""205829""]",HIGH_RISK
2015-06-01 14:21:00,2015-06-01 14:26:00,42,0,0,0,0.0,[],NORMAL
2015-06-01 14:22:00,2015-06-01 14:27:00,49,0,0,0,0.0,[],NORMAL
2015-06-01 14:23:00,2015-06-01 14:28:00,48,0,0,0,0.0,[],NORMAL
2015-06-01 14:24:00,2015-06-01 14:29:00,46,0,0,0,0.0,[],NORMAL
2015-06-01 14:25:00,2015-06-01 14:30:00,44,0,0,0,0.0,[],NORMAL
2015-06-01 14:26:00,2015-06-01 14:31:00,46,0,0,0,0.0,[],NORMAL
2015-06-01 14:27:00,2015-06-01 14:32:00,41,0,0,0,0.0,[],NORMAL
2015-06-01 14:28:00,2015-06-01 14:33:00,48,0,0,0,0.0,[],NORMAL
2015-06-01 14:29:00,2015-06-01 14:34:00,43,0,0,0,0.0,[],NORMAL
2015-06-01 14:30:00,2015-06-01 14:35:00,47,0,0,0,0.0,[],NORMAL
2015-06-01 14:31:00,2015-06-01 14:36:00,48,1,0,1,100.0,"[""26270""]",HIGH_RISK
2015-06-01 14:32:00,2015-06-01 14:37:00,52,1,1,1,100.0,"[""26270""]",HIGH_RISK
2015-06-01 14:33:00,2015-06-01 14:38:00,56,1,1,1,100.0,"[""26270""]",HIGH_RISK
2015-06-01 14:34:00,2015-06-01 14:39:00,62,1,1,1,100.0,"[""26270""]",HIGH_RISK
2015-06-01 14:35:00,2015-06-01 14:40:00,63,1,1,1,100.0,"[""26270""]",HIGH_RISK
2015-06-01 14:36:00,2015-06-01 14:41:00,60,0,1,0,0.0,[],NORMAL
2015-06-01 14:37:00,2015-06-01 14:42:00,61,0,0,0,0.0,[],NORMAL
2015-06-01 14:38:00,2015-06-01 14:43:00,57,0,0,0,0.0,[],NORMAL
2015-06-01 14:39:00,2015-06-01 14:44:00,53,0,0,0,0.0,[],NORMAL
2015-06-01 14:40:00,2015-06-01 14:45:00,58,0,0,0,0.0,[],NORMAL
2015-06-01 14:41:00,2015-06-01 14:46:00,65,1,0,1,100.0,"[""389792""]",HIGH_RISK
2015-06-01 14:42:00,2015-06-01 14:47:00,65,1,0,1,100.0,"[""389792""]",HIGH_RISK
2015-06-01 14:43:00,2015-06-01 14:48:00,63,1,0,1,100.0,"[""389792""]",HIGH_RISK
2015-06-01 14:44:00,2015-06-01 14:49:00,66,1,0,1,100.0,"[""389792""]",HIGH_RISK
2015-06-01 14:45:00,2015-06-01 14:50:00,62,1,0,1,100.0,"[""389792""]",HIGH_RISK
2015-06-01 14:46:00,2015-06-01 14:51:00,58,0,0,0,0.0,[],NORMAL
2015-06-01 14:47:00,2015-06-01 14:52:00,61,0,0,0,0.0,[],NORMAL
2015-06-01 14:48:00,2015-06-01 14:53:00,58,0,0,0,0.0,[],NORMAL
2015-06-01 14:49:00,2015-06-01 14:54:00,63,0,0,0,0.0,[],NORMAL
2015-06-01 14:50:00,2015-06-01 14:55:00,58,0,0,0,0.0,[],NORMAL
2015-06-01 14:51:00,2015-06-01 14:56:00,50,0,0,0,0.0,[],NORMAL
2015-06-01 14:52:00,2015-06-01 14:57:00,54,0,0,0,0.0,[],NORMAL
2015-06-01 14:53:00,2015-06-01 14:58:00,59,0,0,0,0.0,[],NORMAL
2015-06-01 14:54:00,2015-06-01 14:59:00,61,0,0,0,0.0,[],NORMAL
2015-06-01 14:55:00,2015-06-01 15:00:00,69,0,0,0,0.0,[],NORMAL
2015-06-01 14:56:00,2015-06-01 15:01:00,79,1,0,1,100.0,"[""437638""]",HIGH_RISK
2015-06-01 14:57:00,2015-06-01 15:02:00,79,4,0,3,100.0,"[""437638"", ""60385"", ""456393""]",HIGH_RISK
2015-06-01 14:58:00,2015-06-01 15:03:00,88,5,0,4,100.0,"[""437638"", ""60385"", ""456393"", ""361956""]",HIGH_RISK
2015-06-01 14:59:00,2015-06-01 15:04:00,89,5,0,4,100.0,"[""437638"", ""60385"", ""456393"", ""361956""]",HIGH_RISK
2015-06-01 15:00:00,2015-06-01 15:05:00,86,5,0,4,100.0,"[""437638"", ""60385"", ""456393"", ""361956""]",HIGH_RISK
2015-06-01 15:01:00,2015-06-01 15:06:00,81,4,1,3,100.0,"[""60385"", ""456393"", ""361956""]",HIGH_RISK
2015-06-01 15:02:00,2015-06-01 15:07:00,81,1,1,1,100.0,"[""361956""]",HIGH_RISK
2015-06-01 15:03:00,2015-06-01 15:08:00,69,0,1,0,0.0,[],NORMAL
2015-06-01 15:04:00,2015-06-01 15:09:00,61,0,1,0,0.0,[],NORMAL
2015-06-01 15:05:00,2015-06-01 15:10:00,69,0,1,0,0.0,[],NORMAL
2015-06-01 15:06:00,2015-06-01 15:11:00,70,1,1,1,100.0,"[""160070""]",HIGH_RISK
2015-06-01 15:07:00,2015-06-01 15:12:00,70,1,1,1,100.0,"[""160070""]",HIGH_RISK
2015-06-01 15:08:00,2015-06-01 15:13:00,83,1,1,1,100.0,"[""160070""]",HIGH_RISK
2015-06-01 15:09:00,2015-06-01 15:14:00,91,1,1,1,100.0,"[""160070""]",HIGH_RISK
2015-06-01 15:10:00,2015-06-01 15:15:00,87,1,1,1,100.0,"[""160070""]",HIGH_RISK
2015-06-01 15:11:00,2015-06-01 15:16:00,93,0,0,0,0.0,[],NORMAL
2015-06-01 15:12:00,2015-06-01 15:17:00,84,0,0,0,0.0,[],NORMAL
2015-06-01 15:13:00,2015-06-01 15:18:00,72,0,0,0,0.0,[],NORMAL
2015-06-01 15:14:00,2015-06-01 15:19:00,77,0,0,0,0.0,[],NORMAL
2015-06-01 15:15:00,2015-06-01 15:20:00,73,0,0,0,0.0,[],NORMAL
2015-06-01 15:16:00,2015-06-01 15:21:00,69,0,0,0,0.0,[],NORMAL
2015-06-01 15:17:00,2015-06-01 15:22:00,77,0,0,0,0.0,[],NORMAL
2015-06-01 15:18:00,2015-06-01 15:23:00,92,1,0,1,100.0,"[""394217""]",HIGH_RISK
2015-06-01 15:19:00,2015-06-01 15:24:00,89,1,0,1,100.0,"[""394217""]",HIGH_RISK
2015-06-01 15:20:00,2015-06-01 15:25:00,94,2,0,2,100.0,"[""394217"", ""199417""]",HIGH_RISK
2015-06-01 15:21:00,2015-06-01 15:26:00,100,2,0,2,100.0,"[""394217"", ""199417""]",HIGH_RISK
2015-06-01 15:22:00,2015-06-01 15:27:00,103,3,0,3,100.0,"[""394217"", ""199417"", ""118208""]",HIGH_RISK
2015-06-01 15:23:00,2015-06-01 15:28:00,98,2,0,2,100.0,"[""199417"", ""118208""]",HIGH_RISK
2015-06-01 15:24:00,2015-06-01 15:29:00,99,2,0,2,100.0,"[""199417"", ""118208""]",HIGH_RISK
2015-06-01 15:25:00,2015-06-01 15:30:00,103,2,0,2,100.0,"[""118208"", ""387373""]",HIGH_RISK
2015-06-01 15:26:00,2015-06-01 15:31:00,98,4,0,4,100.0,"[""118208"", ""387373"", ""379092"", ""312594""]",HIGH_RISK
2015-06-01 15:27:00,2015-06-01 15:32:00,87,3,1,2,66.6667,"[""387373"", ""312594""]",HIGH_RISK
2015-06-01 15:28:00,2015-06-01 15:33:00,88,3,1,2,66.6667,"[""387373"", ""312594""]",HIGH_RISK
2015-06-01 15:29:00,2015-06-01 15:34:00,83,3,1,2,66.6667,"[""387373"", ""312594""]",HIGH_RISK
2015-06-01 15:30:00,2015-06-01 15:35:00,72,3,1,2,66.6667,"[""312594"", ""255708""]",HIGH_RISK
2015-06-01 15:31:00,2015-06-01 15:36:00,80,1,1,1,100.0,"[""255708""]",HIGH_RISK
2015-06-01 15:32:00,2015-06-01 15:37:00,94,1,0,1,100.0,"[""255708""]",HIGH_RISK
2015-06-01 15:33:00,2015-06-01 15:38:00,95,2,0,2,100.0,"[""255708"", ""133247""]",HIGH_RISK
2015-06-01 15:34:00,2015-06-01 15:39:00,95,2,1,2,100.0,"[""255708"", ""133247""]",HIGH_RISK
2015-06-01 15:35:00,2015-06-01 15:40:00,108,1,1,1,100.0,"[""133247""]",HIGH_RISK
2015-06-01 15:36:00,2015-06-01 15:41:00,101,1,1,1,100.0,"[""133247""]",HIGH_RISK
2015-06-01 15:37:00,2015-06-01 15:42:00,107,1,1,1,100.0,"[""133247""]",HIGH_RISK
2015-06-01 15:38:00,2015-06-01 15:43:00,113,0,2,0,0.0,[],NORMAL
2015-06-01 15:39:00,2015-06-01 15:44:00,110,0,1,0,0.0,[],NORMAL
2015-06-01 15:40:00,2015-06-01 15:45:00,109,1,1,1,100.0,"[""24855""]",HIGH_RISK
2015-06-01 15:41:00,2015-06-01 15:46:00,109,1,1,1,100.0,"[""24855""]",HIGH_RISK
2015-06-01 15:42:00,2015-06-01 15:47:00,102,1,1,1,100.0,"[""24855""]",HIGH_RISK
2015-06-01 15:43:00,2015-06-01 15:48:00,93,1,0,1,100.0,"[""24855""]",HIGH_RISK
2015-06-01 15:44:00,2015-06-01 15:49:00,97,1,0,1,100.0,"[""24855""]",HIGH_RISK
2015-06-01 15:45:00,2015-06-01 15:50:00,99,0,0,0,0.0,[],NORMAL
2015-06-01 15:46:00,2015-06-01 15:51:00,109,0,0,0,0.0,[],NORMAL
2015-06-01 15:47:00,2015-06-01 15:52:00,101,0,0,0,0.0,[],NORMAL
2015-06-01 15:48:00,2015-06-01 15:53:00,100,2,0,2,100.0,"[""19883"", ""54435""]",HIGH_RISK
2015-06-01 15:49:00,2015-06-01 15:54:00,107,2,1,2,100.0,"[""19883"", ""54435""]",HIGH_RISK
2015-06-01 15:50:00,2015-06-01 15:55:00,104,2,1,2,100.0,"[""19883"", ""54435""]",HIGH_RISK
2015-06-01 15:51:00,2015-06-01 15:56:00,93,2,1,2,100.0,"[""19883"", ""54435""]",HIGH_RISK
2015-06-01 15:52:00,2015-06-01 15:57:00,98,3,1,3,100.0,"[""19883"", ""54435"", ""13031""]",HIGH_RISK
2015-06-01 15:53:00,2015-06-01 15:58:00,99,2,1,2,100.0,"[""13031"", ""52888""]",HIGH_RISK
2015-06-01 15:54:00,2015-06-01 15:59:00,93,4,0,4,100.0,"[""13031"", ""52888"", ""431447"", ""299044""]",HIGH_RISK
2015-06-01 15:55:00,2015-06-01 16:00:00,100,5,1,4,80.0,"[""13031"", ""52888"", ""299044"", ""310791""]",HIGH_RISK
2015-06-01 15:56:00,2015-06-01 16:01:00,105,5,1,4,80.0,"[""13031"", ""52888"", ""299044"", ""310791""]",HIGH_RISK
2015-06-01 15:57:00,2015-06-01 16:02:00,111,4,3,1,25.0,"[""52888""]",NORMAL
2015-06-01 15:58:00,2015-06-01 16:03:00,107,3,3,0,0.0,[],NORMAL
2015-06-01 15:59:00,2015-06-01 16:04:00,105,1,3,0,0.0,[],NORMAL
2015-06-01 16:00:00,2015-06-01 16:05:00,92,1,2,1,100.0,"[""189444""]",HIGH_RISK
2015-06-01 16:01:00,2015-06-01 16:06:00,92,1,3,0,0.0,[],NORMAL
2015-06-01 16:02:00,2015-06-01 16:07:00,86,1,1,0,0.0,[],NORMAL
2015-06-01 16:03:00,2015-06-01 16:08:00,101,3,1,2,66.6667,"[""214912"", ""140527""]",HIGH_RISK
2015-06-01 16:04:00,2015-06-01 16:09:00,112,4,1,3,75.0,"[""214912"", ""140527"", ""120098""]",HIGH_RISK
2015-06-01 16:05:00,2015-06-01 16:10:00,122,3,2,3,100.0,"[""214912"", ""140527"", ""120098""]",HIGH_RISK
2015-06-01 16:06:00,2015-06-01 16:11:00,125,4,1,4,100.0,"[""214912"", ""140527"", ""120098"", ""124065""]",HIGH_RISK
2015-06-01 16:07:00,2015-06-01 16:12:00,123,4,1,4,100.0,"[""214912"", ""140527"", ""120098"", ""124065""]",HIGH_RISK
2015-06-01 16:08:00,2015-06-01 16:13:00,115,2,1,2,100.0,"[""120098"", ""124065""]",HIGH_RISK
2015-06-01 16:09:00,2015-06-01 16:14:00,110,1,1,1,100.0,"[""124065""]",HIGH_RISK
2015-06-01 16:10:00,2015-06-01 16:15:00,111,1,0,1,100.0,"[""124065""]",HIGH_RISK
2015-06-01 16:11:00,2015-06-01 16:16:00,112,1,0,1,100.0,"[""246997""]",HIGH_RISK
2015-06-01 16:12:00,2015-06-01 16:17:00,114,1,0,1,100.0,"[""246997""]",HIGH_RISK
2015-06-01 16:13:00,2015-06-01 16:18:00,109,2,0,2,100.0,"[""246997"", ""430292""]",HIGH_RISK
2015-06-01 16:14:00,2015-06-01 16:19:00,107,2,0,2,100.0,"[""246997"", ""430292""]",HIGH_RISK
2015-06-01 16:15:00,2015-06-01 16:20:00,104,3,0,3,100.0,"[""246997"", ""430292"", ""355994""]",HIGH_RISK
2015-06-01 16:16:00,2015-06-01 16:21:00,102,3,0,3,100.0,"[""430292"", ""355994"", ""256146""]",HIGH_RISK
2015-06-01 16:17:00,2015-06-01 16:22:00,118,5,0,5,100.0,"[""430292"", ""355994"", ""256146"", ""192792"", ""61240""]",HIGH_RISK
2015-06-01 16:18:00,2015-06-01 16:23:00,122,5,0,5,100.0,"[""355994"", ""256146"", ""192792"", ""61240"", ""460188""]",HIGH_RISK
2015-06-01 16:19:00,2015-06-01 16:24:00,132,7,0,7,100.0,"[""355994"", ""256146"", ""192792"", ""61240"", ""460188""]",HIGH_RISK
2015-06-01 16:20:00,2015-06-01 16:25:00,148,7,0,7,100.0,"[""256146"", ""192792"", ""61240"", ""460188"", ""100280""]",HIGH_RISK
2015-06-01 16:21:00,2015-06-01 16:26:00,148,6,0,6,100.0,"[""192792"", ""61240"", ""460188"", ""100280"", ""49521""]",HIGH_RISK
2015-06-01 16:22:00,2015-06-01 16:27:00,131,4,0,4,100.0,"[""460188"", ""100280"", ""49521"", ""430292""]",HIGH_RISK
2015-06-01 16:23:00,2015-06-01 16:28:00,137,4,0,4,100.0,"[""100280"", ""49521"", ""430292"", ""47352""]",HIGH_RISK
2015-06-01 16:24:00,2015-06-01 16:29:00,137,2,0,2,100.0,"[""430292"", ""47352""]",HIGH_RISK
2015-06-01 16:25:00,2015-06-01 16:30:00,126,1,0,1,100.0,"[""47352""]",HIGH_RISK
2015-06-01 16:26:00,2015-06-01 16:31:00,132,1,1,1,100.0,"[""47352""]",HIGH_RISK
2015-06-01 16:27:00,2015-06-01 16:32:00,134,1,1,1,100.0,"[""47352""]",HIGH_RISK
2015-06-01 16:28:00,2015-06-01 16:33:00,125,1,1,1,100.0,"[""240004""]",HIGH_RISK
2015-06-01 16:29:00,2015-06-01 16:34:00,120,1,1,1,100.0,"[""240004""]",HIGH_RISK
2015-06-01 16:30:00,2015-06-01 16:35:00,116,2,1,2,100.0,"[""240004"", ""114342""]",HIGH_RISK
2015-06-01 16:31:00,2015-06-01 16:36:00,112,2,0,2,100.0,"[""240004"", ""114342""]",HIGH_RISK
2015-06-01 16:32:00,2015-06-01 16:37:00,119,2,0,2,100.0,"[""240004"", ""114342""]",HIGH_RISK
2015-06-01 16:33:00,2015-06-01 16:38:00,119,1,0,1,100.0,"[""114342""]",HIGH_RISK
2015-06-01 16:34:00,2015-06-01 16:39:00,117,2,2,2,100.0,"[""114342"", ""379520""]",HIGH_RISK
2015-06-01 16:35:00,2015-06-01 16:40:00,124,1,2,1,100.0,"[""379520""]",HIGH_RISK
2015-06-01 16:36:00,2015-06-01 16:41:00,122,2,2,2,100.0,"[""379520"", ""339517""]",HIGH_RISK
2015-06-01 16:37:00,2015-06-01 16:42:00,109,2,2,2,100.0,"[""379520"", ""339517""]",HIGH_RISK
2015-06-01 16:38:00,2015-06-01 16:43:00,114,3,2,3,100.0,"[""379520"", ""339517"", ""281211""]",HIGH_RISK
2015-06-01 16:39:00,2015-06-01 16:44:00,121,2,1,1,50.0,"[""339517""]",NORMAL
2015-06-01 16:40:00,2015-06-01 16:45:00,116,3,1,2,66.6667,"[""339517"", ""379520""]",HIGH_RISK
2015-06-01 16:41:00,2015-06-01 16:46:00,113,2,1,1,50.0,"[""379520""]",NORMAL
2015-06-01 16:42:00,2015-06-01 16:47:00,113,2,1,1,50.0,"[""379520""]",NORMAL
2015-06-01 16:43:00,2015-06-01 16:48:00,117,1,1,1,100.0,"[""379520""]",HIGH_RISK
2015-06-01 16:44:00,2015-06-01 16:49:00,104,1,0,1,100.0,"[""379520""]",HIGH_RISK
2015-06-01 16:45:00,2015-06-01 16:50:00,114,0,0,0,0.0,[],NORMAL
2015-06-01 16:46:00,2015-06-01 16:51:00,115,0,0,0,0.0,[],NORMAL
2015-06-01 16:47:00,2015-06-01 16:52:00,124,0,0,0,0.0,[],NORMAL
2015-06-01 16:48:00,2015-06-01 16:53:00,124,0,0,0,0.0,[],NORMAL
2015-06-01 16:49:00,2015-06-01 16:54:00,127,0,0,0,0.0,[],NORMAL
2015-06-01 16:50:00,2015-06-01 16:55:00,120,0,0,0,0.0,[],NORMAL
2015-06-01 16:51:00,2015-06-01 16:56:00,129,1,0,1,100.0,"[""193623""]",HIGH_RISK
2015-06-01 16:52:00,2015-06-01 16:57:00,128,2,1,2,100.0,"[""193623"", ""38965""]",HIGH_RISK
2015-06-01 16:53:00,2015-06-01 16:58:00,123,2,1,2,100.0,"[""193623"", ""38965""]",HIGH_RISK
2015-06-01 16:54:00,2015-06-01 16:59:00,122,2,1,2,100.0,"[""193623"", ""38965""]",HIGH_RISK
2015-06-01 16:55:00,2015-06-01 17:00:00,117,3,1,3,100.0,"[""193623"", ""38965"", ""441513""]",HIGH_RISK
2015-06-01 16:56:00,2015-06-01 17:01:00,117,2,1,2,100.0,"[""38965"", ""441513""]",HIGH_RISK
2015-06-01 16:57:00,2015-06-01 17:02:00,122,1,0,1,100.0,"[""441513""]",HIGH_RISK
2015-06-01 16:58:00,2015-06-01 17:03:00,129,2,0,2,100.0,"[""441513"", ""336832""]",HIGH_RISK
2015-06-01 16:59:00,2015-06-01 17:04:00,144,3,0,3,100.0,"[""441513"", ""336832"", ""272455""]",HIGH_RISK
2015-06-01 17:00:00,2015-06-01 17:05:00,146,5,0,5,100.0,"[""336832"", ""272455"", ""9376"", ""300262"", ""321712""]",HIGH_RISK
2015-06-01 17:01:00,2015-06-01 17:06:00,151,5,1,4,80.0,"[""272455"", ""9376"", ""300262"", ""321712""]",HIGH_RISK
2015-06-01 17:02:00,2015-06-01 17:07:00,147,6,1,5,83.3333,"[""272455"", ""9376"", ""300262"", ""321712"", ""246130""]",HIGH_RISK
2015-06-01 17:03:00,2015-06-01 17:08:00,149,5,3,3,60.0,"[""272455"", ""300262"", ""246130""]",NORMAL
2015-06-01 17:04:00,2015-06-01 17:09:00,142,5,3,3,60.0,"[""300262"", ""246130"", ""193623""]",NORMAL
2015-06-01 17:05:00,2015-06-01 17:10:00,148,3,4,2,66.6667,"[""246130"", ""226820""]",HIGH_RISK
2015-06-01 17:06:00,2015-06-01 17:11:00,135,3,3,2,66.6667,"[""246130"", ""226820""]",HIGH_RISK
2015-06-01 17:07:00,2015-06-01 17:12:00,137,3,3,2,66.6667,"[""226820"", ""400574""]",HIGH_RISK
2015-06-01 17:08:00,2015-06-01 17:13:00,130,3,2,1,33.3333,"[""400574""]",NORMAL
2015-06-01 17:09:00,2015-06-01 17:14:00,124,3,2,2,66.6667,"[""400574"", ""393144""]",HIGH_RISK
2015-06-01 17:10:00,2015-06-01 17:15:00,124,4,1,4,100.0,"[""400574"", ""393144"", ""50577"", ""187611""]",HIGH_RISK
2015-06-01 17:11:00,2015-06-01 17:16:00,121,4,1,4,100.0,"[""400574"", ""393144"", ""50577"", ""187611""]",HIGH_RISK
2015-06-01 17:12:00,2015-06-01 17:17:00,117,4,1,4,100.0,"[""393144"", ""50577"", ""187611"", ""188148""]",HIGH_RISK
2015-06-01 17:13:00,2015-06-01 17:18:00,120,4,0,4,100.0,"[""393144"", ""50577"", ""187611"", ""188148""]",HIGH_RISK
2015-06-01 17:14:00,2015-06-01 17:19:00,130,4,0,4,100.0,"[""50577"", ""187611"", ""188148"", ""183049""]",HIGH_RISK
2015-06-01 17:15:00,2015-06-01 17:20:00,135,6,1,4,80.0,"[""188148"", ""211525"", ""277201"", ""379092""]",HIGH_RISK
2015-06-01 17:16:00,2015-06-01 17:21:00,153,6,1,4,80.0,"[""188148"", ""211525"", ""277201"", ""379092""]",HIGH_RISK
2015-06-01 17:17:00,2015-06-01 17:22:00,162,7,1,5,83.3333,"[""211525"", ""277201"", ""379092"", ""104342"", ""118720""]",HIGH_RISK
2015-06-01 17:18:00,2015-06-01 17:23:00,166,7,1,5,83.3333,"[""211525"", ""277201"", ""379092"", ""104342"", ""118720""]",HIGH_RISK
2015-06-01 17:19:00,2015-06-01 17:24:00,159,6,1,5,100.0,"[""211525"", ""277201"", ""379092"", ""104342"", ""118720""]",HIGH_RISK
2015-06-01 17:20:00,2015-06-01 17:25:00,149,2,0,2,100.0,"[""104342"", ""118720""]",HIGH_RISK
2015-06-01 17:21:00,2015-06-01 17:26:00,149,3,0,3,100.0,"[""104342"", ""118720"", ""452295""]",HIGH_RISK
2015-06-01 17:22:00,2015-06-01 17:27:00,141,1,0,1,100.0,"[""452295""]",HIGH_RISK
2015-06-01 17:23:00,2015-06-01 17:28:00,150,5,0,5,100.0,"[""452295"", ""301483"", ""202052"", ""44882"", ""144076""]",HIGH_RISK
2015-06-01 17:24:00,2015-06-01 17:29:00,148,5,0,5,100.0,"[""452295"", ""301483"", ""202052"", ""44882"", ""144076""]",HIGH_RISK
2015-06-01 17:25:00,2015-06-01 17:30:00,147,7,2,5,71.4286,"[""452295"", ""301483"", ""144076"", ""271101"", ""177773""]",HIGH_RISK
2015-06-01 17:26:00,2015-06-01 17:31:00,148,10,3,7,70.0,"[""301483"", ""271101"", ""177773"", ""250487"", ""170286""]",HIGH_RISK
2015-06-01 17:27:00,2015-06-01 17:32:00,161,11,3,8,72.7273,"[""301483"", ""271101"", ""177773"", ""250487"", ""170286""]",HIGH_RISK
2015-06-01 17:28:00,2015-06-01 17:33:00,161,9,4,8,88.8889,"[""271101"", ""250487"", ""170286"", ""317691"", ""415610""]",HIGH_RISK
2015-06-01 17:29:00,2015-06-01 17:34:00,172,10,6,8,80.0,"[""271101"", ""250487"", ""170286"", ""317691"", ""415610""]",HIGH_RISK
2015-06-01 17:30:00,2015-06-01 17:35:00,177,10,5,8,80.0,"[""250487"", ""170286"", ""317691"", ""415610"", ""354377""]",HIGH_RISK
2015-06-01 17:31:00,2015-06-01 17:36:00,162,8,6,5,62.5,"[""354377"", ""385086"", ""259467"", ""279457"", ""245168""]",HIGH_RISK
2015-06-01 17:32:00,2015-06-01 17:37:00,145,7,6,5,71.4286,"[""354377"", ""385086"", ""259467"", ""279457"", ""245168""]",HIGH_RISK
2015-06-01 17:33:00,2015-06-01 17:38:00,134,6,5,5,83.3333,"[""385086"", ""259467"", ""279457"", ""245168"", ""245400""]",HIGH_RISK
2015-06-01 17:34:00,2015-06-01 17:39:00,133,7,3,7,100.0,"[""385086"", ""259467"", ""279457"", ""245168"", ""245400""]",HIGH_RISK
2015-06-01 17:35:00,2015-06-01 17:40:00,122,7,2,7,100.0,"[""245168"", ""279457"", ""245400"", ""16820"", ""281211""]",HIGH_RISK
2015-06-01 17:36:00,2015-06-01 17:41:00,120,5,1,4,80.0,"[""16820"", ""281211"", ""46232"", ""245168""]",HIGH_RISK
2015-06-01 17:37:00,2015-06-01 17:42:00,119,5,1,4,80.0,"[""16820"", ""281211"", ""46232"", ""245168""]",HIGH_RISK
2015-06-01 17:38:00,2015-06-01 17:43:00,116,5,1,5,100.0,"[""16820"", ""281211"", ""46232"", ""245168"", ""42260""]",HIGH_RISK
2015-06-01 17:39:00,2015-06-01 17:44:00,116,5,2,4,80.0,"[""46232"", ""42260"", ""289710"", ""14671""]",HIGH_RISK
2015-06-01 17:40:00,2015-06-01 17:45:00,122,5,2,5,100.0,"[""42260"", ""289710"", ""14671"", ""461765"", ""440370""]",HIGH_RISK
2015-06-01 17:41:00,2015-06-01 17:46:00,134,6,1,6,100.0,"[""42260"", ""289710"", ""14671"", ""461765"", ""440370""]",HIGH_RISK
2015-06-01 17:42:00,2015-06-01 17:47:00,149,8,2,6,85.7143,"[""289710"", ""14671"", ""461765"", ""440370"", ""144717""]",HIGH_RISK
2015-06-01 17:43:00,2015-06-01 17:48:00,153,7,2,6,100.0,"[""289710"", ""14671"", ""461765"", ""440370"", ""144717""]",HIGH_RISK
2015-06-01 17:44:00,2015-06-01 17:49:00,152,6,1,5,100.0,"[""461765"", ""440370"", ""144717"", ""379647"", ""79211""]",HIGH_RISK
2015-06-01 17:45:00,2015-06-01 17:50:00,165,6,1,5,100.0,"[""144717"", ""379647"", ""79211"", ""181202"", ""326447""]",HIGH_RISK
2015-06-01 17:46:00,2015-06-01 17:51:00,159,5,1,4,100.0,"[""379647"", ""79211"", ""181202"", ""326447""]",HIGH_RISK
2015-06-01 17:47:00,2015-06-01 17:52:00,156,3,0,3,100.0,"[""79211"", ""181202"", ""326447""]",HIGH_RISK
2015-06-01 17:48:00,2015-06-01 17:53:00,154,3,0,3,100.0,"[""79211"", ""181202"", ""326447""]",HIGH_RISK
2015-06-01 17:49:00,2015-06-01 17:54:00,157,2,1,2,100.0,"[""181202"", ""326447""]",HIGH_RISK
2015-06-01 17:50:00,2015-06-01 17:55:00,151,3,1,3,100.0,"[""221963"", ""99610"", ""303960""]",HIGH_RISK
2015-06-01 17:51:00,2015-06-01 17:56:00,153,6,1,6,100.0,"[""303960"", ""221963"", ""99610"", ""98835"", ""218817""]",HIGH_RISK
2015-06-01 17:52:00,2015-06-01 17:57:00,153,6,1,6,100.0,"[""303960"", ""221963"", ""99610"", ""98835"", ""218817""]",HIGH_RISK
2015-06-01 17:53:00,2015-06-01 17:58:00,148,8,1,8,100.0,"[""303960"", ""221963"", ""99610"", ""98835"", ""218817""]",HIGH_RISK
2015-06-01 17:54:00,2015-06-01 17:59:00,140,8,0,8,100.0,"[""303960"", ""221963"", ""99610"", ""98835"", ""218817""]",HIGH_RISK
2015-06-01 17:55:00,2015-06-01 18:00:00,132,5,3,4,80.0,"[""98835"", ""303960"", ""218817"", ""167978""]",HIGH_RISK
2015-06-01 17:56:00,2015-06-01 18:01:00,132,4,3,3,75.0,"[""167978"", ""96940"", ""240004""]",HIGH_RISK
2015-06-01 17:57:00,2015-06-01 18:02:00,122,4,3,3,75.0,"[""167978"", ""96940"", ""240004""]",HIGH_RISK
2015-06-01 17:58:00,2015-06-01 18:03:00,128,3,3,3,100.0,"[""96940"", ""240004"", ""133247""]",HIGH_RISK
2015-06-01 17:59:00,2015-06-01 18:04:00,128,3,4,2,66.6667,"[""240004"", ""133247""]",HIGH_RISK
2015-06-01 18:00:00,2015-06-01 18:05:00,134,4,1,3,75.0,"[""240004"", ""133247"", ""243136""]",HIGH_RISK
2015-06-01 18:01:00,2015-06-01 18:06:00,128,2,1,2,100.0,"[""133247"", ""243136""]",HIGH_RISK
2015-06-01 18:02:00,2015-06-01 18:07:00,129,2,1,2,100.0,"[""133247"", ""243136""]",HIGH_RISK
2015-06-01 18:03:00,2015-06-01 18:08:00,130,3,1,3,100.0,"[""243136"", ""409804"", ""29196""]",HIGH_RISK
2015-06-01 18:04:00,2015-06-01 18:09:00,124,4,0,4,100.0,"[""243136"", ""409804"", ""29196"", ""292750""]",HIGH_RISK
2015-06-01 18:05:00,2015-06-01 18:10:00,117,3,0,3,100.0,"[""409804"", ""29196"", ""292750""]",HIGH_RISK
2015-06-01 18:06:00,2015-06-01 18:11:00,113,4,1,4,100.0,"[""409804"", ""29196"", ""292750"", ""437293""]",HIGH_RISK
2015-06-01 18:07:00,2015-06-01 18:12:00,110,5,1,5,100.0,"[""409804"", ""29196"", ""292750"", ""437293"", ""430292""]",HIGH_RISK
2015-06-01 18:08:00,2015-06-01 18:13:00,96,5,1,5,100.0,"[""292750"", ""437293"", ""430292"", ""24855"", ""4887""]",HIGH_RISK
2015-06-01 18:09:00,2015-06-01 18:14:00,111,4,2,3,75.0,"[""437293"", ""24855"", ""4887""]",HIGH_RISK
2015-06-01 18:10:00,2015-06-01 18:15:00,106,6,2,5,83.3333,"[""437293"", ""24855"", ""4887"", ""185179"", ""435090""]",HIGH_RISK
2015-06-01 18:11:00,2015-06-01 18:16:00,122,6,1,5,83.3333,"[""24855"", ""4887"", ""185179"", ""435090"", ""457189""]",HIGH_RISK
2015-06-01 18:12:00,2015-06-01 18:17:00,130,7,1,6,100.0,"[""24855"", ""4887"", ""185179"", ""435090"", ""457189""]",HIGH_RISK
2015-06-01 18:13:00,2015-06-01 18:18:00,140,7,1,6,100.0,"[""185179"", ""435090"", ""457189"", ""201620"", ""181811""]",HIGH_RISK
2015-06-01 18:14:00,2015-06-01 18:19:00,131,9,0,8,100.0,"[""185179"", ""435090"", ""457189"", ""201620"", ""181811""]",HIGH_RISK
2015-06-01 18:15:00,2015-06-01 18:20:00,134,7,1,5,83.3333,"[""457189"", ""201620"", ""181811"", ""63975"", ""336393""]",HIGH_RISK
2015-06-01 18:16:00,2015-06-01 18:21:00,122,6,1,5,83.3333,"[""457189"", ""201620"", ""181811"", ""63975"", ""336393""]",HIGH_RISK
2015-06-01 18:17:00,2015-06-01 18:22:00,132,5,4,3,60.0,"[""181811"", ""63975"", ""433702""]",NORMAL
2015-06-01 18:18:00,2015-06-01 18:23:00,146,5,4,4,80.0,"[""63975"", ""433702"", ""184524"", ""123623""]",HIGH_RISK
2015-06-01 18:19:00,2015-06-01 18:24:00,149,3,4,3,100.0,"[""433702"", ""184524"", ""123623""]",HIGH_RISK
2015-06-01 18:20:00,2015-06-01 18:25:00,159,3,3,3,100.0,"[""433702"", ""184524"", ""123623""]",HIGH_RISK
2015-06-01 18:21:00,2015-06-01 18:26:00,167,4,3,4,100.0,"[""433702"", ""184524"", ""123623"", ""150183""]",HIGH_RISK
2015-06-01 18:22:00,2015-06-01 18:27:00,155,6,0,6,100.0,"[""184524"", ""123623"", ""150183"", ""272455"", ""357747""]",HIGH_RISK
2015-06-01 18:23:00,2015-06-01 18:28:00,135,4,0,4,100.0,"[""150183"", ""272455"", ""357747"", ""183087""]",HIGH_RISK
2015-06-01 18:24:00,2015-06-01 18:29:00,130,5,1,4,80.0,"[""150183"", ""272455"", ""357747"", ""4887""]",HIGH_RISK
2015-06-01 18:25:00,2015-06-01 18:30:00,122,6,1,5,83.3333,"[""150183"", ""272455"", ""357747"", ""4887"", ""416187""]",HIGH_RISK
2015-06-01 18:26:00,2015-06-01 18:31:00,113,5,1,4,80.0,"[""272455"", ""357747"", ""4887"", ""416187""]",HIGH_RISK
2015-06-01 18:27:00,2015-06-01 18:32:00,119,4,1,4,100.0,"[""4887"", ""416187"", ""400644"", ""221963""]",HIGH_RISK
2015-06-01 18:28:00,2015-06-01 18:33:00,126,6,1,6,100.0,"[""4887"", ""416187"", ""400644"", ""221963"", ""293735""]",HIGH_RISK
2015-06-01 18:29:00,2015-06-01 18:34:00,115,5,0,5,100.0,"[""416187"", ""400644"", ""221963"", ""293735"", ""335630""]",HIGH_RISK
2015-06-01 18:30:00,2015-06-01 18:35:00,110,4,0,4,100.0,"[""400644"", ""221963"", ""293735"", ""335630""]",HIGH_RISK
2015-06-01 18:31:00,2015-06-01 18:36:00,120,4,0,4,100.0,"[""400644"", ""221963"", ""293735"", ""335630""]",HIGH_RISK
2015-06-01 18:32:00,2015-06-01 18:37:00,121,3,0,3,100.0,"[""293735"", ""335630"", ""294438""]",HIGH_RISK
2015-06-01 18:33:00,2015-06-01 18:38:00,121,1,0,1,100.0,"[""294438""]",HIGH_RISK
2015-06-01 18:34:00,2015-06-01 18:39:00,150,1,0,1,100.0,"[""294438""]",HIGH_RISK
2015-06-01 18:35:00,2015-06-01 18:40:00,164,3,0,3,100.0,"[""294438"", ""155050"", ""416187""]",HIGH_RISK
2015-06-01 18:36:00,2015-06-01 18:41:00,176,5,10,5,100.0,"[""294438"", ""155050"", ""416187"", ""4887"", ""234199""]",HIGH_RISK
2015-06-01 18:37:00,2015-06-01 18:42:00,174,6,10,6,100.0,"[""155050"", ""416187"", ""4887"", ""234199"", ""36013""]",HIGH_RISK
2015-06-01 18:38:00,2015-06-01 18:43:00,180,7,10,7,100.0,"[""155050"", ""416187"", ""4887"", ""234199"", ""36013""]",HIGH_RISK
2015-06-01 18:39:00,2015-06-01 18:44:00,178,8,10,8,100.0,"[""155050"", ""416187"", ""4887"", ""234199"", ""36013""]",HIGH_RISK
2015-06-01 18:40:00,2015-06-01 18:45:00,184,6,12,4,66.6667,"[""4887"", ""234199"", ""36013"", ""146735""]",HIGH_RISK
2015-06-01 18:41:00,2015-06-01 18:46:00,171,4,7,0,0.0,[],NORMAL
2015-06-01 18:42:00,2015-06-01 18:47:00,171,3,7,1,33.3333,"[""257200""]",NORMAL
2015-06-01 18:43:00,2015-06-01 18:48:00,166,3,8,2,66.6667,"[""257200"", ""32147""]",HIGH_RISK
2015-06-01 18:44:00,2015-06-01 18:49:00,150,2,9,1,50.0,"[""257200""]",NORMAL
2015-06-01 18:45:00,2015-06-01 18:50:00,132,2,7,1,50.0,"[""257200""]",NORMAL
2015-06-01 18:46:00,2015-06-01 18:51:00,129,2,2,1,50.0,"[""257200""]",NORMAL
2015-06-01 18:47:00,2015-06-01 18:52:00,127,1,2,0,0.0,[],NORMAL
2015-06-01 18:48:00,2015-06-01 18:53:00,128,0,1,0,0.0,[],NORMAL
2015-06-01 18:49:00,2015-06-01 18:54:00,133,1,0,1,100.0,"[""218626""]",HIGH_RISK
2015-06-01 18:50:00,2015-06-01 18:55:00,136,2,0,2,100.0,"[""218626"", ""145238""]",HIGH_RISK
2015-06-01 18:51:00,2015-06-01 18:56:00,144,3,1,3,100.0,"[""218626"", ""145238"", ""220513""]",HIGH_RISK
2015-06-01 18:52:00,2015-06-01 18:57:00,149,4,1,4,100.0,"[""218626"", ""145238"", ""220513"", ""127926""]",HIGH_RISK
2015-06-01 18:53:00,2015-06-01 18:58:00,140,4,2,4,100.0,"[""218626"", ""145238"", ""220513"", ""127926""]",HIGH_RISK
2015-06-01 18:54:00,2015-06-01 18:59:00,141,4,2,4,100.0,"[""145238"", ""220513"", ""127926"", ""329522""]",HIGH_RISK
2015-06-01 18:55:00,2015-06-01 19:00:00,159,3,2,3,100.0,"[""220513"", ""127926"", ""329522""]",HIGH_RISK
2015-06-01 18:56:00,2015-06-01 19:01:00,152,3,1,3,100.0,"[""127926"", ""329522"", ""207802""]",HIGH_RISK
2015-06-01 18:57:00,2015-06-01 19:02:00,145,3,1,3,100.0,"[""329522"", ""207802"", ""383396""]",HIGH_RISK
2015-06-01 18:58:00,2015-06-01 19:03:00,162,5,1,4,80.0,"[""207802"", ""383396"", ""24855"", ""140282""]",HIGH_RISK
2015-06-01 18:59:00,2015-06-01 19:04:00,167,6,1,6,100.0,"[""207802"", ""383396"", ""24855"", ""140282"", ""250019""]",HIGH_RISK
2015-06-01 19:00:00,2015-06-01 19:05:00,151,9,3,8,88.8889,"[""207802"", ""24855"", ""140282"", ""250019"", ""166100""]",HIGH_RISK
2015-06-01 19:01:00,2015-06-01 19:06:00,144,8,4,6,75.0,"[""24855"", ""140282"", ""250019"", ""166100"", ""335630""]",HIGH_RISK
2015-06-01 19:02:00,2015-06-01 19:07:00,137,7,4,6,85.7143,"[""24855"", ""140282"", ""250019"", ""166100"", ""335630""]",HIGH_RISK
2015-06-01 19:03:00,2015-06-01 19:08:00,122,5,3,4,80.0,"[""250019"", ""166100"", ""335630"", ""29247""]",HIGH_RISK
2015-06-01 19:04:00,2015-06-01 19:09:00,113,3,3,2,66.6667,"[""335630"", ""29247""]",HIGH_RISK
2015-06-01 19:05:00,2015-06-01 19:10:00,119,3,1,2,100.0,"[""88959"", ""411553""]",HIGH_RISK
2015-06-01 19:06:00,2015-06-01 19:11:00,123,3,0,2,100.0,"[""88959"", ""411553""]",HIGH_RISK
2015-06-01 19:07:00,2015-06-01 19:12:00,134,3,0,2,100.0,"[""88959"", ""411553""]",HIGH_RISK
2015-06-01 19:08:00,2015-06-01 19:13:00,140,3,0,2,100.0,"[""88959"", ""411553""]",HIGH_RISK
2015-06-01 19:09:00,2015-06-01 19:14:00,135,3,1,2,100.0,"[""88959"", ""411553""]",HIGH_RISK
2015-06-01 19:10:00,2015-06-01 19:15:00,126,2,1,2,100.0,"[""403566"", ""442521""]",HIGH_RISK
2015-06-01 19:11:00,2015-06-01 19:16:00,131,2,2,1,50.0,"[""442521""]",NORMAL
2015-06-01 19:12:00,2015-06-01 19:17:00,126,3,2,2,66.6667,"[""442521"", ""43326""]",HIGH_RISK
2015-06-01 19:13:00,2015-06-01 19:18:00,122,3,2,2,66.6667,"[""442521"", ""43326""]",HIGH_RISK
2015-06-01 19:14:00,2015-06-01 19:19:00,124,3,1,2,66.6667,"[""442521"", ""43326""]",HIGH_RISK
2015-06-01 19:15:00,2015-06-01 19:20:00,127,1,1,1,100.0,"[""43326""]",HIGH_RISK
2015-06-01 19:16:00,2015-06-01 19:21:00,123,2,0,2,100.0,"[""43326"", ""428015""]",HIGH_RISK
2015-06-01 19:17:00,2015-06-01 19:22:00,128,2,0,2,100.0,"[""428015"", ""395749""]",HIGH_RISK
2015-06-01 19:18:00,2015-06-01 19:23:00,139,2,0,2,100.0,"[""428015"", ""395749""]",HIGH_RISK
2015-06-01 19:19:00,2015-06-01 19:24:00,138,2,0,2,100.0,"[""428015"", ""395749""]",HIGH_RISK
2015-06-01 19:20:00,2015-06-01 19:25:00,147,2,1,1,50.0,"[""395749""]",NORMAL
2015-06-01 19:21:00,2015-06-01 19:26:00,140,1,1,1,100.0,"[""395749""]",HIGH_RISK
2015-06-01 19:22:00,2015-06-01 19:27:00,143,0,1,0,0.0,[],NORMAL
2015-06-01 19:23:00,2015-06-01 19:28:00,141,2,1,2,100.0,"[""107195"", ""185629""]",HIGH_RISK
2015-06-01 19:24:00,2015-06-01 19:29:00,140,4,1,4,100.0,"[""107195"", ""185629"", ""161780"", ""384753""]",HIGH_RISK
2015-06-01 19:25:00,2015-06-01 19:30:00,129,5,0,5,100.0,"[""107195"", ""185629"", ""161780"", ""384753"", ""308967""]",HIGH_RISK
2015-06-01 19:26:00,2015-06-01 19:31:00,134,8,0,7,100.0,"[""107195"", ""185629"", ""161780"", ""384753"", ""308967""]",HIGH_RISK
2015-06-01 19:27:00,2015-06-01 19:32:00,131,9,0,8,100.0,"[""107195"", ""185629"", ""161780"", ""384753"", ""308967""]",HIGH_RISK
2015-06-01 19:28:00,2015-06-01 19:33:00,120,9,1,8,100.0,"[""161780"", ""384753"", ""308967"", ""9385"", ""408963""]",HIGH_RISK
2015-06-01 19:29:00,2015-06-01 19:34:00,121,8,1,7,100.0,"[""308967"", ""9385"", ""408963"", ""360258"", ""412898""]",HIGH_RISK
2015-06-01 19:30:00,2015-06-01 19:35:00,123,7,2,5,83.3333,"[""9385"", ""408963"", ""360258"", ""412898"", ""177089""]",HIGH_RISK
2015-06-01 19:31:00,2015-06-01 19:36:00,124,5,3,4,80.0,"[""360258"", ""412898"", ""177089"", ""198209""]",HIGH_RISK
2015-06-01 19:32:00,2015-06-01 19:37:00,115,4,3,3,75.0,"[""412898"", ""177089"", ""198209""]",HIGH_RISK
2015-06-01 19:33:00,2015-06-01 19:38:00,119,3,2,3,100.0,"[""177089"", ""198209"", ""118199""]",HIGH_RISK
2015-06-01 19:34:00,2015-06-01 19:39:00,135,5,2,5,100.0,"[""198209"", ""118199"", ""391289"", ""308025"", ""259078""]",HIGH_RISK
2015-06-01 19:35:00,2015-06-01 19:40:00,132,5,2,4,80.0,"[""198209"", ""118199"", ""391289"", ""308025""]",HIGH_RISK
2015-06-01 19:36:00,2015-06-01 19:41:00,130,4,1,3,75.0,"[""118199"", ""391289"", ""308025""]",HIGH_RISK
2015-06-01 19:37:00,2015-06-01 19:42:00,138,4,1,3,75.0,"[""118199"", ""391289"", ""308025""]",HIGH_RISK
2015-06-01 19:38:00,2015-06-01 19:43:00,147,3,5,2,66.6667,"[""391289"", ""308025""]",HIGH_RISK
2015-06-01 19:39:00,2015-06-01 19:44:00,138,4,5,4,100.0,"[""127926"", ""294438"", ""345211"", ""453390""]",HIGH_RISK
2015-06-01 19:40:00,2015-06-01 19:45:00,136,4,5,3,75.0,"[""127926"", ""294438"", ""453390""]",HIGH_RISK
2015-06-01 19:41:00,2015-06-01 19:46:00,150,4,5,3,75.0,"[""127926"", ""294438"", ""453390""]",HIGH_RISK
2015-06-01 19:42:00,2015-06-01 19:47:00,148,4,5,3,75.0,"[""127926"", ""294438"", ""453390""]",HIGH_RISK
2015-06-01 19:43:00,2015-06-01 19:48:00,144,6,1,5,83.3333,"[""127926"", ""294438"", ""453390"", ""366859"", ""1684""]",HIGH_RISK
2015-06-01 19:44:00,2015-06-01 19:49:00,143,3,1,3,100.0,"[""366859"", ""1684"", ""360877""]",HIGH_RISK
2015-06-01 19:45:00,2015-06-01 19:50:00,141,3,0,3,100.0,"[""366859"", ""1684"", ""360877""]",HIGH_RISK
2015-06-01 19:46:00,2015-06-01 19:51:00,127,4,1,3,75.0,"[""1684"", ""360877"", ""63935""]",HIGH_RISK
2015-06-01 19:47:00,2015-06-01 19:52:00,126,4,1,3,75.0,"[""1684"", ""360877"", ""63935""]",HIGH_RISK
2015-06-01 19:48:00,2015-06-01 19:53:00,125,2,1,2,100.0,"[""360877"", ""63935""]",HIGH_RISK
2015-06-01 19:49:00,2015-06-01 19:54:00,119,2,1,2,100.0,"[""63935"", ""339917""]",HIGH_RISK
2015-06-01 19:50:00,2015-06-01 19:55:00,128,2,2,2,100.0,"[""63935"", ""339917""]",HIGH_RISK
2015-06-01 19:51:00,2015-06-01 19:56:00,138,3,1,3,100.0,"[""339917"", ""446524"", ""366859""]",HIGH_RISK
2015-06-01 19:52:00,2015-06-01 19:57:00,135,3,3,1,33.3333,"[""339917""]",NORMAL
2015-06-01 19:53:00,2015-06-01 19:58:00,128,4,4,1,25.0,"[""280375""]",NORMAL
2015-06-01 19:54:00,2015-06-01 19:59:00,135,5,4,3,60.0,"[""280375"", ""405853"", ""443030""]",NORMAL
2015-06-01 19:55:00,2015-06-01 20:00:00,131,6,3,4,66.6667,"[""280375"", ""405853"", ""443030"", ""200793""]",HIGH_RISK
2015-06-01 19:56:00,2015-06-01 20:01:00,125,4,4,4,100.0,"[""280375"", ""405853"", ""443030"", ""200793""]",HIGH_RISK
2015-06-01 19:57:00,2015-06-01 20:02:00,136,5,2,5,100.0,"[""280375"", ""405853"", ""443030"", ""200793"", ""243355""]",HIGH_RISK
2015-06-01 19:58:00,2015-06-01 20:03:00,136,5,1,5,100.0,"[""405853"", ""443030"", ""200793"", ""243355"", ""31848""]",HIGH_RISK
2015-06-01 19:59:00,2015-06-01 20:04:00,130,5,1,5,100.0,"[""200793"", ""243355"", ""31848"", ""227880"", ""297852""]",HIGH_RISK
2015-06-01 20:00:00,2015-06-01 20:05:00,134,4,1,4,100.0,"[""243355"", ""31848"", ""227880"", ""297852""]",HIGH_RISK
2015-06-01 20:01:00,2015-06-01 20:06:00,132,6,0,6,100.0,"[""243355"", ""31848"", ""227880"", ""297852"", ""118199""]",HIGH_RISK
2015-06-01 20:02:00,2015-06-01 20:07:00,132,6,0,6,100.0,"[""31848"", ""227880"", ""297852"", ""118199"", ""63212""]",HIGH_RISK
2015-06-01 20:03:00,2015-06-01 20:08:00,130,5,1,4,80.0,"[""227880"", ""297852"", ""63212"", ""302422""]",HIGH_RISK
2015-06-01 20:04:00,2015-06-01 20:09:00,130,3,1,2,66.6667,"[""63212"", ""302422""]",HIGH_RISK
2015-06-01 20:05:00,2015-06-01 20:10:00,122,3,1,2,66.6667,"[""63212"", ""302422""]",HIGH_RISK
2015-06-01 20:06:00,2015-06-01 20:11:00,120,1,1,1,100.0,"[""302422""]",HIGH_RISK
2015-06-01 20:07:00,2015-06-01 20:12:00,107,1,1,1,100.0,"[""105792""]",HIGH_RISK
2015-06-01 20:08:00,2015-06-01 20:13:00,113,3,0,3,100.0,"[""105792"", ""445821"", ""183411""]",HIGH_RISK
2015-06-01 20:09:00,2015-06-01 20:14:00,114,5,1,4,80.0,"[""105792"", ""183411"", ""380775"", ""391017""]",HIGH_RISK
2015-06-01 20:10:00,2015-06-01 20:15:00,116,6,1,5,83.3333,"[""105792"", ""183411"", ""380775"", ""391017"", ""179290""]",HIGH_RISK
2015-06-01 20:11:00,2015-06-01 20:16:00,116,6,1,5,83.3333,"[""105792"", ""183411"", ""380775"", ""391017"", ""179290""]",HIGH_RISK
2015-06-01 20:12:00,2015-06-01 20:17:00,129,6,1,5,83.3333,"[""183411"", ""380775"", ""391017"", ""179290"", ""58059""]",HIGH_RISK
2015-06-01 20:13:00,2015-06-01 20:18:00,130,5,1,5,100.0,"[""380775"", ""391017"", ""179290"", ""58059"", ""115530""]",HIGH_RISK
2015-06-01 20:14:00,2015-06-01 20:19:00,136,5,0,5,100.0,"[""179290"", ""58059"", ""115530"", ""86929"", ""92361""]",HIGH_RISK
2015-06-01 20:15:00,2015-06-01 20:20:00,133,5,0,5,100.0,"[""58059"", ""115530"", ""86929"", ""92361"", ""37029""]",HIGH_RISK
2015-06-01 20:16:00,2015-06-01 20:21:00,133,5,0,5,100.0,"[""58059"", ""115530"", ""86929"", ""92361"", ""37029""]",HIGH_RISK
2015-06-01 20:17:00,2015-06-01 20:22:00,125,4,0,4,100.0,"[""115530"", ""86929"", ""92361"", ""37029""]",HIGH_RISK
2015-06-01 20:18:00,2015-06-01 20:23:00,122,4,0,4,100.0,"[""86929"", ""92361"", ""37029"", ""183411""]",HIGH_RISK
2015-06-01 20:19:00,2015-06-01 20:24:00,110,2,0,2,100.0,"[""37029"", ""183411""]",HIGH_RISK
2015-06-01 20:20:00,2015-06-01 20:25:00,116,1,0,1,100.0,"[""183411""]",HIGH_RISK
2015-06-01 20:21:00,2015-06-01 20:26:00,117,1,1,1,100.0,"[""183411""]",HIGH_RISK
2015-06-01 20:22:00,2015-06-01 20:27:00,119,1,1,1,100.0,"[""183411""]",HIGH_RISK
2015-06-01 20:23:00,2015-06-01 20:28:00,123,1,1,1,100.0,"[""268335""]",HIGH_RISK
2015-06-01 20:24:00,2015-06-01 20:29:00,131,2,1,2,100.0,"[""268335"", ""63935""]",HIGH_RISK
2015-06-01 20:25:00,2015-06-01 20:30:00,136,2,3,1,50.0,"[""63935""]",NORMAL
2015-06-01 20:26:00,2015-06-01 20:31:00,141,2,2,1,50.0,"[""63935""]",NORMAL
2015-06-01 20:27:00,2015-06-01 20:32:00,132,2,2,1,50.0,"[""63935""]",NORMAL
2015-06-01 20:28:00,2015-06-01 20:33:00,135,1,2,1,100.0,"[""63935""]",HIGH_RISK
2015-06-01 20:29:00,2015-06-01 20:34:00,133,1,2,1,100.0,"[""63935""]",HIGH_RISK
2015-06-01 20:30:00,2015-06-01 20:35:00,133,2,0,2,100.0,"[""63935"", ""12836""]",HIGH_RISK
2015-06-01 20:31:00,2015-06-01 20:36:00,143,2,0,2,100.0,"[""63935"", ""12836""]",HIGH_RISK
2015-06-01 20:32:00,2015-06-01 20:37:00,147,4,0,4,100.0,"[""63935"", ""12836"", ""69974"", ""15335""]",HIGH_RISK
2015-06-01 20:33:00,2015-06-01 20:38:00,135,4,0,4,100.0,"[""63935"", ""12836"", ""69974"", ""15335""]",HIGH_RISK
2015-06-01 20:34:00,2015-06-01 20:39:00,135,3,0,3,100.0,"[""12836"", ""69974"", ""15335""]",HIGH_RISK
2015-06-01 20:35:00,2015-06-01 20:40:00,138,2,0,2,100.0,"[""69974"", ""15335""]",HIGH_RISK
2015-06-01 20:36:00,2015-06-01 20:41:00,124,2,0,2,100.0,"[""69974"", ""15335""]",HIGH_RISK
2015-06-01 20:37:00,2015-06-01 20:42:00,128,3,0,3,100.0,"[""237753"", ""213464"", ""408907""]",HIGH_RISK
2015-06-01 20:38:00,2015-06-01 20:43:00,123,3,0,3,100.0,"[""237753"", ""213464"", ""408907""]",HIGH_RISK
2015-06-01 20:39:00,2015-06-01 20:44:00,121,3,0,3,100.0,"[""237753"", ""213464"", ""408907""]",HIGH_RISK
2015-06-01 20:40:00,2015-06-01 20:45:00,115,6,0,6,100.0,"[""237753"", ""213464"", ""408907"", ""369093"", ""256023""]",HIGH_RISK
2015-06-01 20:41:00,2015-06-01 20:46:00,123,7,2,5,71.4286,"[""237753"", ""213464"", ""408907"", ""256023"", ""294466""]",HIGH_RISK
2015-06-01 20:42:00,2015-06-01 20:47:00,125,5,2,3,60.0,"[""256023"", ""294466"", ""317178""]",NORMAL
2015-06-01 20:43:00,2015-06-01 20:48:00,137,5,2,3,60.0,"[""256023"", ""294466"", ""317178""]",NORMAL
2015-06-01 20:44:00,2015-06-01 20:49:00,152,6,2,4,66.6667,"[""256023"", ""294466"", ""317178"", ""80582""]",HIGH_RISK
2015-06-01 20:45:00,2015-06-01 20:50:00,156,4,2,4,100.0,"[""294466"", ""317178"", ""80582"", ""237422""]",HIGH_RISK
2015-06-01 20:46:00,2015-06-01 20:51:00,146,3,0,3,100.0,"[""317178"", ""80582"", ""237422""]",HIGH_RISK
2015-06-01 20:47:00,2015-06-01 20:52:00,147,3,0,3,100.0,"[""80582"", ""237422"", ""25353""]",HIGH_RISK
2015-06-01 20:48:00,2015-06-01 20:53:00,143,4,1,4,100.0,"[""80582"", ""237422"", ""25353"", ""389814""]",HIGH_RISK
2015-06-01 20:49:00,2015-06-01 20:54:00,124,3,1,3,100.0,"[""237422"", ""25353"", ""389814""]",HIGH_RISK
2015-06-01 20:50:00,2015-06-01 20:55:00,116,2,1,2,100.0,"[""25353"", ""389814""]",HIGH_RISK
2015-06-01 20:51:00,2015-06-01 20:56:00,121,2,1,2,100.0,"[""25353"", ""389814""]",HIGH_RISK
2015-06-01 20:52:00,2015-06-01 20:57:00,113,1,1,1,100.0,"[""389814""]",HIGH_RISK
2015-06-01 20:53:00,2015-06-01 20:58:00,120,0,0,0,0.0,[],NORMAL
2015-06-01 20:54:00,2015-06-01 20:59:00,136,0,0,0,0.0,[],NORMAL
2015-06-01 20:55:00,2015-06-01 21:00:00,153,0,0,0,0.0,[],NORMAL
2015-06-01 20:56:00,2015-06-01 21:01:00,156,0,0,0,0.0,[],NORMAL
2015-06-01 20:57:00,2015-06-01 21:02:00,155,0,0,0,0.0,[],NORMAL
2015-06-01 20:58:00,2015-06-01 21:03:00,154,0,0,0,0.0,[],NORMAL
2015-06-01 20:59:00,2015-06-01 21:04:00,145,0,0,0,0.0,[],NORMAL
2015-06-01 21:00:00,2015-06-01 21:05:00,129,0,0,0,0.0,[],NORMAL
2015-06-01 21:01:00,2015-06-01 21:06:00,130,0,0,0,0.0,[],NORMAL
2015-06-01 21:02:00,2015-06-01 21:07:00,126,0,0,0,0.0,[],NORMAL
2015-06-01 21:03:00,2015-06-01 21:08:00,117,1,0,1,100.0,"[""400969""]",HIGH_RISK
2015-06-01 21:04:00,2015-06-01 21:09:00,114,1,0,1,100.0,"[""400969""]",HIGH_RISK
2015-06-01 21:05:00,2015-06-01 21:10:00,120,1,0,1,100.0,"[""400969""]",HIGH_RISK
2015-06-01 21:06:00,2015-06-01 21:11:00,132,1,0,1,100.0,"[""400969""]",HIGH_RISK
2015-06-01 21:07:00,2015-06-01 21:12:00,144,1,1,1,100.0,"[""400969""]",HIGH_RISK
2015-06-01 21:08:00,2015-06-01 21:13:00,155,0,1,0,0.0,[],NORMAL
2015-06-01 21:09:00,2015-06-01 21:14:00,162,0,1,0,0.0,[],NORMAL
2015-06-01 21:10:00,2015-06-01 21:15:00,154,1,1,1,100.0,"[""267010""]",HIGH_RISK
2015-06-01 21:11:00,2015-06-01 21:16:00,133,1,1,1,100.0,"[""267010""]",HIGH_RISK
2015-06-01 21:12:00,2015-06-01 21:17:00,125,2,0,2,100.0,"[""267010"", ""424502""]",HIGH_RISK
2015-06-01 21:13:00,2015-06-01 21:18:00,111,2,0,2,100.0,"[""267010"", ""424502""]",HIGH_RISK
2015-06-01 21:14:00,2015-06-01 21:19:00,127,2,11,2,100.0,"[""267010"", ""424502""]",HIGH_RISK
2015-06-01 21:15:00,2015-06-01 21:20:00,137,3,11,3,100.0,"[""424502"", ""122873"", ""410587""]",HIGH_RISK
2015-06-01 21:16:00,2015-06-01 21:21:00,144,3,11,3,100.0,"[""424502"", ""122873"", ""410587""]",HIGH_RISK
2015-06-01 21:17:00,2015-06-01 21:22:00,150,2,11,2,100.0,"[""122873"", ""410587""]",HIGH_RISK
2015-06-01 21:18:00,2015-06-01 21:23:00,158,2,11,2,100.0,"[""122873"", ""410587""]",HIGH_RISK
2015-06-01 21:19:00,2015-06-01 21:24:00,144,3,0,3,100.0,"[""122873"", ""410587"", ""237017""]",HIGH_RISK
2015-06-01 21:20:00,2015-06-01 21:25:00,148,2,0,2,100.0,"[""237017"", ""81345""]",HIGH_RISK
2015-06-01 21:21:00,2015-06-01 21:26:00,150,2,1,1,50.0,"[""237017""]",NORMAL
2015-06-01 21:22:00,2015-06-01 21:27:00,143,2,1,1,50.0,"[""237017""]",NORMAL
2015-06-01 21:23:00,2015-06-01 21:28:00,144,3,1,2,66.6667,"[""237017"", ""355994""]",HIGH_RISK
2015-06-01 21:24:00,2015-06-01 21:29:00,134,2,1,1,50.0,"[""355994""]",NORMAL
2015-06-01 21:25:00,2015-06-01 21:30:00,133,3,1,3,100.0,"[""355994"", ""259078"", ""270144""]",HIGH_RISK
2015-06-01 21:26:00,2015-06-01 21:31:00,127,3,0,3,100.0,"[""355994"", ""259078"", ""270144""]",HIGH_RISK
2015-06-01 21:27:00,2015-06-01 21:32:00,138,3,1,2,66.6667,"[""355994"", ""270144""]",HIGH_RISK
2015-06-01 21:28:00,2015-06-01 21:33:00,140,2,1,1,50.0,"[""270144""]",NORMAL
2015-06-01 21:29:00,2015-06-01 21:34:00,145,2,1,1,50.0,"[""270144""]",NORMAL
2015-06-01 21:30:00,2015-06-01 21:35:00,129,0,1,0,0.0,[],NORMAL
2015-06-01 21:31:00,2015-06-01 21:36:00,130,2,1,2,100.0,"[""385201"", ""259078""]",HIGH_RISK
2015-06-01 21:32:00,2015-06-01 21:37:00,134,2,1,2,100.0,"[""385201"", ""259078""]",HIGH_RISK
2015-06-01 21:33:00,2015-06-01 21:38:00,141,2,1,2,100.0,"[""385201"", ""259078""]",HIGH_RISK
2015-06-01 21:34:00,2015-06-01 21:39:00,147,2,1,2,100.0,"[""385201"", ""259078""]",HIGH_RISK
2015-06-01 21:35:00,2015-06-01 21:40:00,165,2,1,2,100.0,"[""385201"", ""259078""]",HIGH_RISK
2015-06-01 21:36:00,2015-06-01 21:41:00,163,2,1,2,100.0,"[""120050"", ""253175""]",HIGH_RISK
2015-06-01 21:37:00,2015-06-01 21:42:00,158,2,0,2,100.0,"[""120050"", ""253175""]",HIGH_RISK
2015-06-01 21:38:00,2015-06-01 21:43:00,144,3,0,3,100.0,"[""120050"", ""253175"", ""63312""]",HIGH_RISK
2015-06-01 21:39:00,2015-06-01 21:44:00,135,3,0,3,100.0,"[""120050"", ""253175"", ""63312""]",HIGH_RISK
2015-06-01 21:40:00,2015-06-01 21:45:00,139,3,1,3,100.0,"[""120050"", ""253175"", ""63312""]",HIGH_RISK
2015-06-01 21:41:00,2015-06-01 21:46:00,153,7,1,5,100.0,"[""63312"", ""308510"", ""432925"", ""432478"", ""125318""]",HIGH_RISK
2015-06-01 21:42:00,2015-06-01 21:47:00,158,8,1,6,100.0,"[""63312"", ""308510"", ""432925"", ""432478"", ""125318""]",HIGH_RISK
2015-06-01 21:43:00,2015-06-01 21:48:00,164,7,1,5,100.0,"[""308510"", ""432925"", ""432478"", ""125318"", ""38559""]",HIGH_RISK
2015-06-01 21:44:00,2015-06-01 21:49:00,170,7,1,5,100.0,"[""308510"", ""432925"", ""432478"", ""125318"", ""38559""]",HIGH_RISK
2015-06-01 21:45:00,2015-06-01 21:50:00,158,8,0,6,100.0,"[""308510"", ""432925"", ""432478"", ""125318"", ""38559""]",HIGH_RISK
2015-06-01 21:46:00,2015-06-01 21:51:00,142,2,0,2,100.0,"[""38559"", ""456489""]",HIGH_RISK
2015-06-01 21:47:00,2015-06-01 21:52:00,141,1,0,1,100.0,"[""456489""]",HIGH_RISK
2015-06-01 21:48:00,2015-06-01 21:53:00,146,2,0,2,100.0,"[""456489"", ""94442""]",HIGH_RISK
2015-06-01 21:49:00,2015-06-01 21:54:00,144,2,0,2,100.0,"[""456489"", ""94442""]",HIGH_RISK
2015-06-01 21:50:00,2015-06-01 21:55:00,146,2,0,2,100.0,"[""94442"", ""269452""]",HIGH_RISK
2015-06-01 21:51:00,2015-06-01 21:56:00,149,3,0,3,100.0,"[""94442"", ""269452"", ""62417""]",HIGH_RISK
2015-06-01 21:52:00,2015-06-01 21:57:00,149,3,0,3,100.0,"[""94442"", ""269452"", ""62417""]",HIGH_RISK
2015-06-01 21:53:00,2015-06-01 21:58:00,151,3,0,3,100.0,"[""269452"", ""62417"", ""11653""]",HIGH_RISK
2015-06-01 21:54:00,2015-06-01 21:59:00,163,4,0,4,100.0,"[""269452"", ""62417"", ""11653"", ""71733""]",HIGH_RISK
2015-06-01 21:55:00,2015-06-01 22:00:00,165,3,0,3,100.0,"[""62417"", ""11653"", ""71733""]",HIGH_RISK
2015-06-01 21:56:00,2015-06-01 22:01:00,167,3,1,2,66.6667,"[""11653"", ""175555""]",HIGH_RISK
2015-06-01 21:57:00,2015-06-01 22:02:00,156,5,1,4,80.0,"[""11653"", ""175555"", ""441668"", ""428257""]",HIGH_RISK
2015-06-01 21:58:00,2015-06-01 22:03:00,147,5,1,4,80.0,"[""175555"", ""441668"", ""428257"", ""277490""]",HIGH_RISK
2015-06-01 21:59:00,2015-06-01 22:04:00,138,5,1,5,100.0,"[""175555"", ""441668"", ""428257"", ""277490"", ""268335""]",HIGH_RISK
2015-06-01 22:00:00,2015-06-01 22:05:00,134,7,8,6,85.7143,"[""175555"", ""441668"", ""277490"", ""268335"", ""300559""]",HIGH_RISK
2015-06-01 22:01:00,2015-06-01 22:06:00,138,6,8,4,66.6667,"[""441668"", ""277490"", ""268335"", ""123555""]",HIGH_RISK
2015-06-01 22:02:00,2015-06-01 22:07:00,147,5,8,4,80.0,"[""277490"", ""268335"", ""123555"", ""318333""]",HIGH_RISK
2015-06-01 22:03:00,2015-06-01 22:08:00,140,4,8,3,75.0,"[""268335"", ""123555"", ""318333""]",HIGH_RISK
2015-06-01 22:04:00,2015-06-01 22:09:00,134,3,8,2,66.6667,"[""123555"", ""318333""]",HIGH_RISK
2015-06-01 22:05:00,2015-06-01 22:10:00,134,1,1,1,100.0,"[""318333""]",HIGH_RISK
2015-06-01 22:06:00,2015-06-01 22:11:00,126,2,0,2,100.0,"[""318333"", ""291394""]",HIGH_RISK
2015-06-01 22:07:00,2015-06-01 22:12:00,122,1,0,1,100.0,"[""291394""]",HIGH_RISK
2015-06-01 22:08:00,2015-06-01 22:13:00,134,2,0,2,100.0,"[""291394"", ""457231""]",HIGH_RISK
2015-06-01 22:09:00,2015-06-01 22:14:00,136,2,0,2,100.0,"[""291394"", ""457231""]",HIGH_RISK
2015-06-01 22:10:00,2015-06-01 22:15:00,138,2,0,2,100.0,"[""291394"", ""457231""]",HIGH_RISK
2015-06-01 22:11:00,2015-06-01 22:16:00,139,2,0,2,100.0,"[""457231"", ""2135""]",HIGH_RISK
2015-06-01 22:12:00,2015-06-01 22:17:00,139,2,0,2,100.0,"[""457231"", ""2135""]",HIGH_RISK
2015-06-01 22:13:00,2015-06-01 22:18:00,137,1,0,1,100.0,"[""2135""]",HIGH_RISK
2015-06-01 22:14:00,2015-06-01 22:19:00,136,1,0,1,100.0,"[""2135""]",HIGH_RISK
2015-06-01 22:15:00,2015-06-01 22:20:00,132,3,0,3,100.0,"[""2135"", ""55925"", ""442131""]",HIGH_RISK
2015-06-01 22:16:00,2015-06-01 22:21:00,130,2,0,2,100.0,"[""55925"", ""442131""]",HIGH_RISK
2015-06-01 22:17:00,2015-06-01 22:22:00,125,2,0,2,100.0,"[""55925"", ""442131""]",HIGH_RISK
2015-06-01 22:18:00,2015-06-01 22:23:00,122,2,0,2,100.0,"[""55925"", ""442131""]",HIGH_RISK
2015-06-01 22:19:00,2015-06-01 22:24:00,116,3,0,3,100.0,"[""55925"", ""442131"", ""124264""]",HIGH_RISK
2015-06-01 22:20:00,2015-06-01 22:25:00,118,1,0,1,100.0,"[""124264""]",HIGH_RISK
2015-06-01 22:21:00,2015-06-01 22:26:00,114,2,0,2,100.0,"[""124264"", ""234493""]",HIGH_RISK
2015-06-01 22:22:00,2015-06-01 22:27:00,115,2,0,2,100.0,"[""124264"", ""234493""]",HIGH_RISK
2015-06-01 22:23:00,2015-06-01 22:28:00,120,2,0,2,100.0,"[""124264"", ""234493""]",HIGH_RISK
2015-06-01 22:24:00,2015-06-01 22:29:00,126,1,0,1,100.0,"[""234493""]",HIGH_RISK
2015-06-01 22:25:00,2015-06-01 22:30:00,109,1,0,1,100.0,"[""234493""]",HIGH_RISK
2015-06-01 22:26:00,2015-06-01 22:31:00,109,0,0,0,0.0,[],NORMAL
2015-06-01 22:27:00,2015-06-01 22:32:00,113,0,0,0,0.0,[],NORMAL
2015-06-01 22:28:00,2015-06-01 22:33:00,114,0,0,0,0.0,[],NORMAL
2015-06-01 22:29:00,2015-06-01 22:34:00,125,0,0,0,0.0,[],NORMAL
2015-06-01 22:30:00,2015-06-01 22:35:00,133,1,0,1,100.0,"[""114137""]",HIGH_RISK
2015-06-01 22:31:00,2015-06-01 22:36:00,142,1,0,1,100.0,"[""114137""]",HIGH_RISK
2015-06-01 22:32:00,2015-06-01 22:37:00,131,2,0,2,100.0,"[""114137"", ""42002""]",HIGH_RISK
2015-06-01 22:33:00,2015-06-01 22:38:00,127,3,0,3,100.0,"[""114137"", ""42002"", ""164885""]",HIGH_RISK
2015-06-01 22:34:00,2015-06-01 22:39:00,118,4,1,4,100.0,"[""114137"", ""42002"", ""164885"", ""104801""]",HIGH_RISK
2015-06-01 22:35:00,2015-06-01 22:40:00,132,3,3,1,33.3333,"[""42002""]",NORMAL
2015-06-01 22:36:00,2015-06-01 22:41:00,131,3,3,1,33.3333,"[""42002""]",NORMAL
2015-06-01 22:37:00,2015-06-01 22:42:00,146,3,3,1,33.3333,"[""99610""]",NORMAL
2015-06-01 22:38:00,2015-06-01 22:43:00,138,4,3,3,75.0,"[""99610"", ""182128"", ""161014""]",HIGH_RISK
2015-06-01 22:39:00,2015-06-01 22:44:00,140,3,2,3,100.0,"[""99610"", ""182128"", ""161014""]",HIGH_RISK
2015-06-01 22:40:00,2015-06-01 22:45:00,130,3,0,3,100.0,"[""99610"", ""182128"", ""161014""]",HIGH_RISK
2015-06-01 22:41:00,2015-06-01 22:46:00,130,3,0,3,100.0,"[""99610"", ""182128"", ""161014""]",HIGH_RISK
2015-06-01 22:42:00,2015-06-01 22:47:00,124,2,0,2,100.0,"[""182128"", ""161014""]",HIGH_RISK
2015-06-01 22:43:00,2015-06-01 22:48:00,147,1,1,1,100.0,"[""205566""]",HIGH_RISK
2015-06-01 22:44:00,2015-06-01 22:49:00,155,2,1,2,100.0,"[""205566"", ""93144""]",HIGH_RISK
2015-06-01 22:45:00,2015-06-01 22:50:00,164,6,1,6,100.0,"[""205566"", ""93144"", ""94981"", ""241874"", ""442516""]",HIGH_RISK
2015-06-01 22:46:00,2015-06-01 22:51:00,158,7,1,7,100.0,"[""205566"", ""93144"", ""94981"", ""241874"", ""442516""]",HIGH_RISK
2015-06-01 22:47:00,2015-06-01 22:52:00,158,8,1,8,100.0,"[""205566"", ""93144"", ""94981"", ""241874"", ""442516""]",HIGH_RISK
2015-06-01 22:48:00,2015-06-01 22:53:00,140,7,1,7,100.0,"[""93144"", ""94981"", ""241874"", ""442516"", ""57245""]",HIGH_RISK
2015-06-01 22:49:00,2015-06-01 22:54:00,129,8,1,8,100.0,"[""94981"", ""241874"", ""442516"", ""57245"", ""63639""]",HIGH_RISK
2015-06-01 22:50:00,2015-06-01 22:55:00,128,5,2,5,100.0,"[""63639"", ""304485"", ""36873"", ""318339"", ""77987""]",HIGH_RISK
2015-06-01 22:51:00,2015-06-01 22:56:00,155,6,3,5,83.3333,"[""304485"", ""318339"", ""77987"", ""149174"", ""34064""]",HIGH_RISK
2015-06-01 22:52:00,2015-06-01 22:57:00,169,6,3,5,83.3333,"[""318339"", ""77987"", ""149174"", ""34064"", ""355613""]",HIGH_RISK
2015-06-01 22:53:00,2015-06-01 22:58:00,177,6,2,5,83.3333,"[""318339"", ""77987"", ""149174"", ""34064"", ""355613""]",HIGH_RISK
2015-06-01 22:54:00,2015-06-01 22:59:00,179,4,2,4,100.0,"[""77987"", ""149174"", ""34064"", ""355613""]",HIGH_RISK
2015-06-01 22:55:00,2015-06-01 23:00:00,172,3,1,3,100.0,"[""149174"", ""34064"", ""355613""]",HIGH_RISK
2015-06-01 22:56:00,2015-06-01 23:01:00,152,2,1,2,100.0,"[""355613"", ""185598""]",HIGH_RISK
2015-06-01 22:57:00,2015-06-01 23:02:00,134,1,2,0,0.0,[],NORMAL
2015-06-01 22:58:00,2015-06-01 23:03:00,136,1,2,0,0.0,[],NORMAL
2015-06-01 22:59:00,2015-06-01 23:04:00,139,1,2,0,0.0,[],NORMAL
2015-06-01 23:00:00,2015-06-01 23:05:00,146,1,3,0,0.0,[],NORMAL
2015-06-01 23:01:00,2015-06-01 23:06:00,146,0,2,0,0.0,[],NORMAL
2015-06-01 23:02:00,2015-06-01 23:07:00,156,0,1,0,0.0,[],NORMAL
2015-06-01 23:03:00,2015-06-01 23:08:00,147,0,1,0,0.0,[],NORMAL
2015-06-01 23:04:00,2015-06-01 23:09:00,136,1,1,1,100.0,"[""351530""]",HIGH_RISK
2015-06-01 23:05:00,2015-06-01 23:10:00,120,1,0,1,100.0,"[""351530""]",HIGH_RISK
2015-06-01 23:06:00,2015-06-01 23:11:00,121,1,0,1,100.0,"[""351530""]",HIGH_RISK
2015-06-01 23:07:00,2015-06-01 23:12:00,116,1,0,1,100.0,"[""351530""]",HIGH_RISK
2015-06-01 23:08:00,2015-06-01 23:13:00,105,1,0,1,100.0,"[""351530""]",HIGH_RISK
2015-06-01 23:09:00,2015-06-01 23:14:00,114,0,0,0,0.0,[],NORMAL
2015-06-01 23:10:00,2015-06-01 23:15:00,121,1,0,1,100.0,"[""211259""]",HIGH_RISK
2015-06-01 23:11:00,2015-06-01 23:16:00,119,4,0,4,100.0,"[""211259"", ""159822"", ""445864"", ""388853""]",HIGH_RISK
2015-06-01 23:12:00,2015-06-01 23:17:00,114,4,0,4,100.0,"[""211259"", ""159822"", ""445864"", ""388853""]",HIGH_RISK
2015-06-01 23:13:00,2015-06-01 23:18:00,124,4,0,4,100.0,"[""211259"", ""159822"", ""445864"", ""388853""]",HIGH_RISK
2015-06-01 23:14:00,2015-06-01 23:19:00,119,4,0,4,100.0,"[""211259"", ""159822"", ""445864"", ""388853""]",HIGH_RISK
2015-06-01 23:15:00,2015-06-01 23:20:00,121,3,0,3,100.0,"[""159822"", ""445864"", ""388853""]",HIGH_RISK
2015-06-01 23:16:00,2015-06-01 23:21:00,118,1,0,1,100.0,"[""251415""]",HIGH_RISK
2015-06-01 23:17:00,2015-06-01 23:22:00,126,2,0,2,100.0,"[""251415"", ""135644""]",HIGH_RISK
2015-06-01 23:18:00,2015-06-01 23:23:00,127,2,0,2,100.0,"[""251415"", ""135644""]",HIGH_RISK
2015-06-01 23:19:00,2015-06-01 23:24:00,125,3,0,3,100.0,"[""251415"", ""135644"", ""78822""]",HIGH_RISK
2015-06-01 23:20:00,2015-06-01 23:25:00,124,5,0,5,100.0,"[""251415"", ""135644"", ""78822"", ""361956"", ""112119""]",HIGH_RISK
2015-06-01 23:21:00,2015-06-01 23:26:00,121,4,1,4,100.0,"[""135644"", ""78822"", ""361956"", ""112119""]",HIGH_RISK
2015-06-01 23:22:00,2015-06-01 23:27:00,116,3,1,3,100.0,"[""78822"", ""361956"", ""112119""]",HIGH_RISK
2015-06-01 23:23:00,2015-06-01 23:28:00,110,3,1,3,100.0,"[""78822"", ""361956"", ""112119""]",HIGH_RISK
2015-06-01 23:24:00,2015-06-01 23:29:00,120,3,1,3,100.0,"[""361956"", ""112119"", ""129191""]",HIGH_RISK
2015-06-01 23:25:00,2015-06-01 23:30:00,124,2,3,2,100.0,"[""129191"", ""102891""]",HIGH_RISK
2015-06-01 23:26:00,2015-06-01 23:31:00,134,3,3,3,100.0,"[""129191"", ""102891"", ""86238""]",HIGH_RISK
2015-06-01 23:27:00,2015-06-01 23:32:00,131,3,3,3,100.0,"[""129191"", ""102891"", ""86238""]",HIGH_RISK
2015-06-01 23:28:00,2015-06-01 23:33:00,135,3,3,3,100.0,"[""129191"", ""102891"", ""86238""]",HIGH_RISK
2015-06-01 23:29:00,2015-06-01 23:34:00,127,2,3,2,100.0,"[""102891"", ""86238""]",HIGH_RISK
2015-06-01 23:30:00,2015-06-01 23:35:00,128,1,1,1,100.0,"[""86238""]",HIGH_RISK
2015-06-01 23:31:00,2015-06-01 23:36:00,125,0,0,0,0.0,[],NORMAL
2015-06-01 23:32:00,2015-06-01 23:37:00,130,0,0,0,0.0,[],NORMAL
2015-06-01 23:33:00,2015-06-01 23:38:00,131,0,0,0,0.0,[],NORMAL
2015-06-01 23:34:00,2015-06-01 23:39:00,125,1,0,1,100.0,"[""7943""]",HIGH_RISK
2015-06-01 23:35:00,2015-06-01 23:40:00,118,1,0,1,100.0,"[""7943""]",HIGH_RISK
2015-06-01 23:36:00,2015-06-01 23:41:00,109,1,0,1,100.0,"[""7943""]",HIGH_RISK
2015-06-01 23:37:00,2015-06-01 23:42:00,104,1,1,0,0.0,[],NORMAL
2015-06-01 23:38:00,2015-06-01 23:43:00,95,3,1,2,66.6667,"[""39483"", ""399531""]",HIGH_RISK
2015-06-01 23:39:00,2015-06-01 23:44:00,100,3,1,3,100.0,"[""39483"", ""399531"", ""114137""]",HIGH_RISK
2015-06-01 23:40:00,2015-06-01 23:45:00,102,4,1,4,100.0,"[""39483"", ""399531"", ""114137"", ""55671""]",HIGH_RISK
2015-06-01 23:41:00,2015-06-01 23:46:00,103,4,1,4,100.0,"[""39483"", ""399531"", ""114137"", ""55671""]",HIGH_RISK
2015-06-01 23:42:00,2015-06-01 23:47:00,100,4,0,4,100.0,"[""39483"", ""399531"", ""114137"", ""55671""]",HIGH_RISK
2015-06-01 23:43:00,2015-06-01 23:48:00,107,3,0,3,100.0,"[""114137"", ""55671"", ""182804""]",HIGH_RISK
2015-06-01 23:44:00,2015-06-01 23:49:00,106,3,0,3,100.0,"[""55671"", ""182804"", ""111306""]",HIGH_RISK
2015-06-01 23:45:00,2015-06-01 23:50:00,102,2,0,2,100.0,"[""182804"", ""111306""]",HIGH_RISK
2015-06-01 23:46:00,2015-06-01 23:51:00,100,3,0,3,100.0,"[""182804"", ""111306"", ""26210""]",HIGH_RISK
2015-06-01 23:47:00,2015-06-01 23:52:00,109,4,1,3,75.0,"[""111306"", ""182804""]",HIGH_RISK
2015-06-01 23:48:00,2015-06-01 23:53:00,104,3,1,2,66.6667,"[""111306""]",HIGH_RISK
2015-06-01 23:49:00,2015-06-01 23:54:00,97,2,2,0,0.0,[],NORMAL
2015-06-01 23:50:00,2015-06-01 23:55:00,94,2,2,0,0.0,[],NORMAL
2015-06-01 23:51:00,2015-06-01 23:56:00,88,2,2,1,50.0,"[""8557""]",NORMAL
2015-06-01 23:52:00,2015-06-01 23:57:00,91,1,1,1,100.0,"[""8557""]",HIGH_RISK
2015-06-01 23:53:00,2015-06-01 23:58:00,89,1,1,1,100.0,"[""8557""]",HIGH_RISK
2015-06-01 23:54:00,2015-06-01 23:59:00,87,1,0,1,100.0,"[""8557""]",HIGH_RISK
2015-06-01 23:55:00,2015-06-02 00:00:00,87,1,0,1,100.0,"[""8557""]",HIGH_RISK
2015-06-01 23:56:00,2015-06-02 00:01:00,101,1,0,1,100.0,"[""125862""]",HIGH_RISK
2015-06-01 23:57:00,2015-06-02 00:02:00,96,2,1,1,50.0,"[""108458""]",NORMAL
2015-06-01 23:58:00,2015-06-02 00:03:00,106,2,1,1,50.0,"[""108458""]",NORMAL
2015-06-01 23:59:00,2015-06-02 00:04:00,111,2,1,1,50.0,"[""108458""]",NORMAL
2015-06-02 00:00:00,2015-06-02 00:05:00,113,2,1,1,50.0,"[""108458""]",NORMAL
2015-06-02 00:01:00,2015-06-02 00:06:00,106,1,1,1,100.0,"[""108458""]",HIGH_RISK
2015-06-02 00:02:00,2015-06-02 00:07:00,99,0,0,0,0.0,[],NORMAL
2015-06-02 00:03:00,2015-06-02 00:08:00,93,0,0,0,0.0,[],NORMAL
2015-06-02 00:04:00,2015-06-02 00:09:00,93,0,0,0,0.0,[],NORMAL
2015-06-02 00:05:00,2015-06-02 00:10:00,85,0,0,0,0.0,[],NORMAL
2015-06-02 00:06:00,2015-06-02 00:11:00,86,2,0,2,100.0,"[""69207"", ""206880""]",HIGH_RISK
2015-06-02 00:07:00,2015-06-02 00:12:00,92,2,0,2,100.0,"[""69207"", ""206880""]",HIGH_RISK
2015-06-02 00:08:00,2015-06-02 00:13:00,100,3,0,3,100.0,"[""69207"", ""206880"", ""32843""]",HIGH_RISK
2015-06-02 00:09:00,2015-06-02 00:14:00,103,3,0,3,100.0,"[""69207"", ""206880"", ""32843""]",HIGH_RISK
2015-06-02 00:10:00,2015-06-02 00:15:00,120,3,0,3,100.0,"[""69207"", ""206880"", ""32843""]",HIGH_RISK
2015-06-02 00:11:00,2015-06-02 00:16:00,119,1,0,1,100.0,"[""32843""]",HIGH_RISK
2015-06-02 00:12:00,2015-06-02 00:17:00,117,1,0,1,100.0,"[""32843""]",HIGH_RISK
2015-06-02 00:13:00,2015-06-02 00:18:00,111,0,0,0,0.0,[],NORMAL
2015-06-02 00:14:00,2015-06-02 00:19:00,102,1,0,1,100.0,"[""251130""]",HIGH_RISK
2015-06-02 00:15:00,2015-06-02 00:20:00,87,1,0,1,100.0,"[""251130""]",HIGH_RISK
2015-06-02 00:16:00,2015-06-02 00:21:00,83,2,0,2,100.0,"[""251130"", ""409804""]",HIGH_RISK
2015-06-02 00:17:00,2015-06-02 00:22:00,75,3,0,3,100.0,"[""251130"", ""409804"", ""317435""]",HIGH_RISK
2015-06-02 00:18:00,2015-06-02 00:23:00,67,3,0,3,100.0,"[""251130"", ""409804"", ""317435""]",HIGH_RISK
2015-06-02 00:19:00,2015-06-02 00:24:00,79,2,0,2,100.0,"[""409804"", ""317435""]",HIGH_RISK
2015-06-02 00:20:00,2015-06-02 00:25:00,84,2,0,2,100.0,"[""409804"", ""317435""]",HIGH_RISK
2015-06-02 00:21:00,2015-06-02 00:26:00,93,1,0,1,100.0,"[""317435""]",HIGH_RISK
2015-06-02 00:22:00,2015-06-02 00:27:00,102,2,0,2,100.0,"[""218626"", ""261940""]",HIGH_RISK
2015-06-02 00:23:00,2015-06-02 00:28:00,114,4,0,4,100.0,"[""218626"", ""261940"", ""115611"", ""380493""]",HIGH_RISK
2015-06-02 00:24:00,2015-06-02 00:29:00,107,5,0,5,100.0,"[""218626"", ""261940"", ""115611"", ""380493"", ""10034""]",HIGH_RISK
2015-06-02 00:25:00,2015-06-02 00:30:00,103,6,0,6,100.0,"[""218626"", ""261940"", ""115611"", ""380493"", ""10034""]",HIGH_RISK
2015-06-02 00:26:00,2015-06-02 00:31:00,92,6,1,6,100.0,"[""218626"", ""261940"", ""115611"", ""380493"", ""10034""]",HIGH_RISK
2015-06-02 00:27:00,2015-06-02 00:32:00,80,4,1,4,100.0,"[""115611"", ""380493"", ""10034"", ""309372""]",HIGH_RISK
2015-06-02 00:28:00,2015-06-02 00:33:00,68,2,2,1,50.0,"[""309372""]",NORMAL
2015-06-02 00:29:00,2015-06-02 00:34:00,69,1,2,1,100.0,"[""309372""]",HIGH_RISK
2015-06-02 00:30:00,2015-06-02 00:35:00,66,0,2,0,0.0,[],NORMAL
2015-06-02 00:31:00,2015-06-02 00:36:00,66,0,1,0,0.0,[],NORMAL
2015-06-02 00:32:00,2015-06-02 00:37:00,73,1,1,1,100.0,"[""241716""]",HIGH_RISK
2015-06-02 00:33:00,2015-06-02 00:38:00,73,1,1,0,0.0,[],NORMAL
2015-06-02 00:34:00,2015-06-02 00:39:00,73,2,1,1,50.0,"[""324462""]",NORMAL
2015-06-02 00:35:00,2015-06-02 00:40:00,79,3,1,2,66.6667,"[""324462"", ""61303""]",HIGH_RISK
2015-06-02 00:36:00,2015-06-02 00:41:00,78,3,1,2,66.6667,"[""324462"", ""61303""]",HIGH_RISK
2015-06-02 00:37:00,2015-06-02 00:42:00,89,2,1,2,100.0,"[""324462"", ""61303""]",HIGH_RISK
2015-06-02 00:38:00,2015-06-02 00:43:00,97,2,1,2,100.0,"[""324462"", ""61303""]",HIGH_RISK
2015-06-02 00:39:00,2015-06-02 00:44:00,91,2,1,2,100.0,"[""61303"", ""277119""]",HIGH_RISK
2015-06-02 00:40:00,2015-06-02 00:45:00,94,1,1,1,100.0,"[""277119""]",HIGH_RISK
2015-06-02 00:41:00,2015-06-02 00:46:00,98,2,1,2,100.0,"[""277119"", ""362858""]",HIGH_RISK
2015-06-02 00:42:00,2015-06-02 00:47:00,87,2,1,2,100.0,"[""277119"", ""362858""]",HIGH_RISK
2015-06-02 00:43:00,2015-06-02 00:48:00,84,2,0,2,100.0,"[""277119"", ""362858""]",HIGH_RISK
2015-06-02 00:44:00,2015-06-02 00:49:00,99,1,0,1,100.0,"[""362858""]",HIGH_RISK
2015-06-02 00:45:00,2015-06-02 00:50:00,103,2,0,2,100.0,"[""362858"", ""392009""]",HIGH_RISK
2015-06-02 00:46:00,2015-06-02 00:51:00,108,2,0,2,100.0,"[""392009"", ""201116""]",HIGH_RISK
2015-06-02 00:47:00,2015-06-02 00:52:00,108,3,0,3,100.0,"[""392009"", ""201116"", ""159822""]",HIGH_RISK
2015-06-02 00:48:00,2015-06-02 00:53:00,129,5,0,5,100.0,"[""392009"", ""201116"", ""159822"", ""275559"", ""29196""]",HIGH_RISK
2015-06-02 00:49:00,2015-06-02 00:54:00,127,5,1,4,80.0,"[""392009"", ""201116"", ""275559"", ""29196""]",HIGH_RISK
2015-06-02 00:50:00,2015-06-02 00:55:00,121,4,1,3,75.0,"[""201116"", ""275559"", ""29196""]",HIGH_RISK
2015-06-02 00:51:00,2015-06-02 00:56:00,124,3,1,2,66.6667,"[""275559"", ""29196""]",HIGH_RISK
2015-06-02 00:52:00,2015-06-02 00:57:00,130,2,1,2,100.0,"[""275559"", ""29196""]",HIGH_RISK
2015-06-02 00:53:00,2015-06-02 00:58:00,116,1,1,1,100.0,"[""46753""]",HIGH_RISK
2015-06-02 00:54:00,2015-06-02 00:59:00,106,1,0,1,100.0,"[""46753""]",HIGH_RISK
2015-06-02 00:55:00,2015-06-02 01:00:00,118,1,1,1,100.0,"[""46753""]",HIGH_RISK
2015-06-02 00:56:00,2015-06-02 01:01:00,109,3,1,3,100.0,"[""46753"", ""261940"", ""449822""]",HIGH_RISK
2015-06-02 00:57:00,2015-06-02 01:02:00,112,4,1,4,100.0,"[""46753"", ""261940"", ""449822"", ""251130""]",HIGH_RISK
2015-06-02 00:58:00,2015-06-02 01:03:00,110,3,1,3,100.0,"[""261940"", ""449822"", ""251130""]",HIGH_RISK
2015-06-02 00:59:00,2015-06-02 01:04:00,120,3,4,1,33.3333,"[""449822""]",NORMAL
2015-06-02 01:00:00,2015-06-02 01:05:00,115,4,3,2,50.0,"[""449822"", ""201598""]",NORMAL
2015-06-02 01:01:00,2015-06-02 01:06:00,131,5,3,3,75.0,"[""201598"", ""277609"", ""391451""]",HIGH_RISK
2015-06-02 01:02:00,2015-06-02 01:07:00,128,5,4,3,75.0,"[""277609"", ""391451"", ""213695""]",HIGH_RISK
2015-06-02 01:03:00,2015-06-02 01:08:00,132,5,4,3,75.0,"[""277609"", ""391451"", ""213695""]",HIGH_RISK
2015-06-02 01:04:00,2015-06-02 01:09:00,126,6,2,4,80.0,"[""277609"", ""391451"", ""213695"", ""230842""]",HIGH_RISK
2015-06-02 01:05:00,2015-06-02 01:10:00,120,5,3,3,75.0,"[""277609"", ""391451"", ""230842""]",HIGH_RISK
2015-06-02 01:06:00,2015-06-02 01:11:00,108,2,3,1,50.0,"[""230842""]",NORMAL
2015-06-02 01:07:00,2015-06-02 01:12:00,106,1,2,1,100.0,"[""230842""]",HIGH_RISK
2015-06-02 01:08:00,2015-06-02 01:13:00,97,1,2,1,100.0,"[""230842""]",HIGH_RISK
2015-06-02 01:09:00,2015-06-02 01:14:00,98,0,1,0,0.0,[],NORMAL
2015-06-02 01:10:00,2015-06-02 01:15:00,100,0,0,0,0.0,[],NORMAL
2015-06-02 01:11:00,2015-06-02 01:16:00,104,0,0,0,0.0,[],NORMAL
2015-06-02 01:12:00,2015-06-02 01:17:00,103,1,0,1,100.0,"[""373128""]",HIGH_RISK
2015-06-02 01:13:00,2015-06-02 01:18:00,113,1,0,1,100.0,"[""373128""]",HIGH_RISK
2015-06-02 01:14:00,2015-06-02 01:19:00,110,2,0,2,100.0,"[""373128"", ""442837""]",HIGH_RISK
2015-06-02 01:15:00,2015-06-02 01:20:00,107,2,0,2,100.0,"[""373128"", ""442837""]",HIGH_RISK
2015-06-02 01:16:00,2015-06-02 01:21:00,109,2,0,2,100.0,"[""373128"", ""442837""]",HIGH_RISK
2015-06-02 01:17:00,2015-06-02 01:22:00,120,2,0,2,100.0,"[""442837"", ""383212""]",HIGH_RISK
2015-06-02 01:18:00,2015-06-02 01:23:00,115,2,0,2,100.0,"[""442837"", ""383212""]",HIGH_RISK
2015-06-02 01:19:00,2015-06-02 01:24:00,126,1,0,1,100.0,"[""383212""]",HIGH_RISK
2015-06-02 01:20:00,2015-06-02 01:25:00,128,1,1,1,100.0,"[""383212""]",HIGH_RISK
2015-06-02 01:21:00,2015-06-02 01:26:00,120,2,1,2,100.0,"[""383212"", ""427499""]",HIGH_RISK
2015-06-02 01:22:00,2015-06-02 01:27:00,116,2,1,2,100.0,"[""427499"", ""206925""]",HIGH_RISK
2015-06-02 01:23:00,2015-06-02 01:28:00,128,6,1,6,100.0,"[""427499"", ""206925"", ""370745"", ""188723"", ""192990""]",HIGH_RISK
2015-06-02 01:24:00,2015-06-02 01:29:00,126,7,1,7,100.0,"[""427499"", ""206925"", ""370745"", ""188723"", ""192990""]",HIGH_RISK
2015-06-02 01:25:00,2015-06-02 01:30:00,132,7,4,4,57.1429,"[""427499"", ""206925"", ""188723"", ""308967""]",NORMAL
2015-06-02 01:26:00,2015-06-02 01:31:00,126,6,4,3,50.0,"[""206925"", ""188723"", ""308967""]",NORMAL
2015-06-02 01:27:00,2015-06-02 01:32:00,115,6,4,3,50.0,"[""188723"", ""308967"", ""226728""]",NORMAL
2015-06-02 01:28:00,2015-06-02 01:33:00,96,3,4,2,66.6667,"[""226728"", ""332980""]",HIGH_RISK
2015-06-02 01:29:00,2015-06-02 01:34:00,90,4,6,3,75.0,"[""332980"", ""160272"", ""422346""]",HIGH_RISK
2015-06-02 01:30:00,2015-06-02 01:35:00,74,4,2,3,75.0,"[""332980"", ""160272"", ""422346""]",HIGH_RISK
2015-06-02 01:31:00,2015-06-02 01:36:00,82,4,2,3,75.0,"[""332980"", ""160272"", ""422346""]",HIGH_RISK
2015-06-02 01:32:00,2015-06-02 01:37:00,80,3,2,3,100.0,"[""332980"", ""160272"", ""422346""]",HIGH_RISK
2015-06-02 01:33:00,2015-06-02 01:38:00,85,2,2,2,100.0,"[""160272"", ""422346""]",HIGH_RISK
2015-06-02 01:34:00,2015-06-02 01:39:00,83,0,0,0,0.0,[],NORMAL
2015-06-02 01:35:00,2015-06-02 01:40:00,88,0,0,0,0.0,[],NORMAL
2015-06-02 01:36:00,2015-06-02 01:41:00,87,1,0,1,100.0,"[""347220""]",HIGH_RISK
2015-06-02 01:37:00,2015-06-02 01:42:00,90,3,0,3,100.0,"[""347220"", ""340749"", ""185896""]",HIGH_RISK
2015-06-02 01:38:00,2015-06-02 01:43:00,85,3,1,2,66.6667,"[""347220"", ""340749""]",HIGH_RISK
2015-06-02 01:39:00,2015-06-02 01:44:00,87,3,1,2,66.6667,"[""347220"", ""340749""]",HIGH_RISK
2015-06-02 01:40:00,2015-06-02 01:45:00,95,4,1,3,75.0,"[""347220"", ""340749"", ""14487""]",HIGH_RISK
2015-06-02 01:41:00,2015-06-02 01:46:00,102,4,1,3,75.0,"[""340749"", ""14487"", ""255708""]",HIGH_RISK
2015-06-02 01:42:00,2015-06-02 01:47:00,101,2,1,2,100.0,"[""14487"", ""255708""]",HIGH_RISK
2015-06-02 01:43:00,2015-06-02 01:48:00,106,2,0,2,100.0,"[""14487"", ""255708""]",HIGH_RISK
2015-06-02 01:44:00,2015-06-02 01:49:00,99,2,0,2,100.0,"[""14487"", ""255708""]",HIGH_RISK
2015-06-02 01:45:00,2015-06-02 01:50:00,98,1,0,1,100.0,"[""255708""]",HIGH_RISK
2015-06-02 01:46:00,2015-06-02 01:51:00,91,0,0,0,0.0,[],NORMAL
2015-06-02 01:47:00,2015-06-02 01:52:00,89,0,0,0,0.0,[],NORMAL
2015-06-02 01:48:00,2015-06-02 01:53:00,93,0,0,0,0.0,[],NORMAL
2015-06-02 01:49:00,2015-06-02 01:54:00,94,1,0,1,100.0,"[""17753""]",HIGH_RISK
2015-06-02 01:50:00,2015-06-02 01:55:00,83,1,0,1,100.0,"[""17753""]",HIGH_RISK
2015-06-02 01:51:00,2015-06-02 01:56:00,94,3,0,3,100.0,"[""17753"", ""17794"", ""37068""]",HIGH_RISK
2015-06-02 01:52:00,2015-06-02 01:57:00,100,4,0,4,100.0,"[""17753"", ""17794"", ""37068"", ""150439""]",HIGH_RISK
2015-06-02 01:53:00,2015-06-02 01:58:00,92,5,0,5,100.0,"[""17753"", ""17794"", ""37068"", ""150439"", ""42819""]",HIGH_RISK
2015-06-02 01:54:00,2015-06-02 01:59:00,102,4,0,4,100.0,"[""17794"", ""37068"", ""150439"", ""42819""]",HIGH_RISK
2015-06-02 01:55:00,2015-06-02 02:00:00,113,4,0,4,100.0,"[""17794"", ""37068"", ""150439"", ""42819""]",HIGH_RISK
2015-06-02 01:56:00,2015-06-02 02:01:00,103,3,0,3,100.0,"[""150439"", ""42819"", ""27812""]",HIGH_RISK
2015-06-02 01:57:00,2015-06-02 02:02:00,106,2,0,2,100.0,"[""42819"", ""27812""]",HIGH_RISK
2015-06-02 01:58:00,2015-06-02 02:03:00,111,1,0,1,100.0,"[""27812""]",HIGH_RISK
2015-06-02 01:59:00,2015-06-02 02:04:00,104,1,0,1,100.0,"[""27812""]",HIGH_RISK
2015-06-02 02:00:00,2015-06-02 02:05:00,98,1,0,1,100.0,"[""27812""]",HIGH_RISK
2015-06-02 02:01:00,2015-06-02 02:06:00,103,3,0,3,100.0,"[""390167"", ""387504"", ""167827""]",HIGH_RISK
2015-06-02 02:02:00,2015-06-02 02:07:00,99,3,0,3,100.0,"[""390167"", ""387504"", ""167827""]",HIGH_RISK
2015-06-02 02:03:00,2015-06-02 02:08:00,92,3,0,3,100.0,"[""390167"", ""387504"", ""167827""]",HIGH_RISK
2015-06-02 02:04:00,2015-06-02 02:09:00,96,3,0,3,100.0,"[""390167"", ""387504"", ""167827""]",HIGH_RISK
2015-06-02 02:05:00,2015-06-02 02:10:00,103,5,0,4,100.0,"[""390167"", ""387504"", ""167827"", ""255708""]",HIGH_RISK
2015-06-02 02:06:00,2015-06-02 02:11:00,102,2,0,1,100.0,"[""255708""]",HIGH_RISK
2015-06-02 02:07:00,2015-06-02 02:12:00,104,2,0,1,100.0,"[""255708""]",HIGH_RISK
2015-06-02 02:08:00,2015-06-02 02:13:00,108,2,0,1,100.0,"[""255708""]",HIGH_RISK
2015-06-02 02:09:00,2015-06-02 02:14:00,114,2,0,1,100.0,"[""255708""]",HIGH_RISK
2015-06-02 02:10:00,2015-06-02 02:15:00,121,0,0,0,0.0,[],NORMAL
2015-06-02 02:11:00,2015-06-02 02:16:00,122,0,0,0,0.0,[],NORMAL
2015-06-02 02:12:00,2015-06-02 02:17:00,122,0,0,0,0.0,[],NORMAL
2015-06-02 02:13:00,2015-06-02 02:18:00,121,2,0,2,100.0,"[""118438"", ""55925""]",HIGH_RISK
2015-06-02 02:14:00,2015-06-02 02:19:00,118,2,4,2,100.0,"[""118438"", ""55925""]",HIGH_RISK
2015-06-02 02:15:00,2015-06-02 02:20:00,108,2,4,2,100.0,"[""118438"", ""55925""]",HIGH_RISK
2015-06-02 02:16:00,2015-06-02 02:21:00,103,2,4,2,100.0,"[""118438"", ""55925""]",HIGH_RISK
2015-06-02 02:17:00,2015-06-02 02:22:00,102,3,4,3,100.0,"[""118438"", ""55925"", ""149230""]",HIGH_RISK
2015-06-02 02:18:00,2015-06-02 02:23:00,105,1,4,1,100.0,"[""149230""]",HIGH_RISK
2015-06-02 02:19:00,2015-06-02 02:24:00,103,1,1,1,100.0,"[""149230""]",HIGH_RISK
2015-06-02 02:20:00,2015-06-02 02:25:00,107,1,1,1,100.0,"[""149230""]",HIGH_RISK
2015-06-02 02:21:00,2015-06-02 02:26:00,111,2,1,2,100.0,"[""149230"", ""174926""]",HIGH_RISK
2015-06-02 02:22:00,2015-06-02 02:27:00,113,1,1,1,100.0,"[""174926""]",HIGH_RISK
2015-06-02 02:23:00,2015-06-02 02:28:00,106,2,1,2,100.0,"[""174926"", ""25744""]",HIGH_RISK
2015-06-02 02:24:00,2015-06-02 02:29:00,111,2,0,2,100.0,"[""174926"", ""25744""]",HIGH_RISK
2015-06-02 02:25:00,2015-06-02 02:30:00,106,3,0,3,100.0,"[""174926"", ""25744"", ""201116""]",HIGH_RISK
2015-06-02 02:26:00,2015-06-02 02:31:00,104,2,0,2,100.0,"[""25744"", ""201116""]",HIGH_RISK
2015-06-02 02:27:00,2015-06-02 02:32:00,108,2,1,2,100.0,"[""25744"", ""201116""]",HIGH_RISK
2015-06-02 02:28:00,2015-06-02 02:33:00,116,1,1,1,100.0,"[""201116""]",HIGH_RISK
2015-06-02 02:29:00,2015-06-02 02:34:00,107,1,1,1,100.0,"[""201116""]",HIGH_RISK
2015-06-02 02:30:00,2015-06-02 02:35:00,111,1,1,1,100.0,"[""303517""]",HIGH_RISK
2015-06-02 02:31:00,2015-06-02 02:36:00,118,1,1,1,100.0,"[""303517""]",HIGH_RISK
2015-06-02 02:32:00,2015-06-02 02:37:00,113,1,0,1,100.0,"[""303517""]",HIGH_RISK
2015-06-02 02:33:00,2015-06-02 02:38:00,117,1,0,1,100.0,"[""303517""]",HIGH_RISK
2015-06-02 02:34:00,2015-06-02 02:39:00,124,2,1,1,50.0,"[""361554""]",NORMAL
2015-06-02 02:35:00,2015-06-02 02:40:00,118,1,1,1,100.0,"[""361554""]",HIGH_RISK
2015-06-02 02:36:00,2015-06-02 02:41:00,111,1,1,1,100.0,"[""361554""]",HIGH_RISK
2015-06-02 02:37:00,2015-06-02 02:42:00,109,1,2,0,0.0,[],NORMAL
2015-06-02 02:38:00,2015-06-02 02:43:00,99,1,2,0,0.0,[],NORMAL
2015-06-02 02:39:00,2015-06-02 02:44:00,88,0,1,0,0.0,[],NORMAL
2015-06-02 02:40:00,2015-06-02 02:45:00,87,0,1,0,0.0,[],NORMAL
2015-06-02 02:41:00,2015-06-02 02:46:00,89,0,1,0,0.0,[],NORMAL
2015-06-02 02:42:00,2015-06-02 02:47:00,83,0,0,0,0.0,[],NORMAL
2015-06-02 02:43:00,2015-06-02 02:48:00,80,0,0,0,0.0,[],NORMAL
2015-06-02 02:44:00,2015-06-02 02:49:00,80,0,0,0,0.0,[],NORMAL
2015-06-02 02:45:00,2015-06-02 02:50:00,86,0,1,0,0.0,[],NORMAL
2015-06-02 02:46:00,2015-06-02 02:51:00,85,0,1,0,0.0,[],NORMAL
2015-06-02 02:47:00,2015-06-02 02:52:00,93,0,1,0,0.0,[],NORMAL
2015-06-02 02:48:00,2015-06-02 02:53:00,105,0,1,0,0.0,[],NORMAL
2015-06-02 02:49:00,2015-06-02 02:54:00,111,0,1,0,0.0,[],NORMAL
2015-06-02 02:50:00,2015-06-02 02:55:00,101,0,0,0,0.0,[],NORMAL
2015-06-02 02:51:00,2015-06-02 02:56:00,95,0,0,0,0.0,[],NORMAL
2015-06-02 02:52:00,2015-06-02 02:57:00,93,1,0,1,100.0,"[""19269""]",HIGH_RISK
2015-06-02 02:53:00,2015-06-02 02:58:00,86,1,0,1,100.0,"[""19269""]",HIGH_RISK
2015-06-02 02:54:00,2015-06-02 02:59:00,84,1,1,0,0.0,[],NORMAL
2015-06-02 02:55:00,2015-06-02 03:00:00,87,1,1,0,0.0,[],NORMAL
2015-06-02 02:56:00,2015-06-02 03:01:00,90,2,1,1,50.0,"[""421884""]",NORMAL
2015-06-02 02:57:00,2015-06-02 03:02:00,89,2,1,2,100.0,"[""421884"", ""427499""]",HIGH_RISK
2015-06-02 02:58:00,2015-06-02 03:03:00,93,2,1,2,100.0,"[""421884"", ""427499""]",HIGH_RISK
2015-06-02 02:59:00,2015-06-02 03:04:00,97,2,0,2,100.0,"[""421884"", ""427499""]",HIGH_RISK
2015-06-02 03:00:00,2015-06-02 03:05:00,95,2,0,2,100.0,"[""421884"", ""427499""]",HIGH_RISK
2015-06-02 03:01:00,2015-06-02 03:06:00,99,1,0,1,100.0,"[""427499""]",HIGH_RISK
2015-06-02 03:02:00,2015-06-02 03:07:00,101,0,0,0,0.0,[],NORMAL
2015-06-02 03:03:00,2015-06-02 03:08:00,100,0,0,0,0.0,[],NORMAL
2015-06-02 03:04:00,2015-06-02 03:09:00,95,0,0,0,0.0,[],NORMAL
2015-06-02 03:05:00,2015-06-02 03:10:00,100,2,0,2,100.0,"[""322642"", ""77161""]",HIGH_RISK
2015-06-02 03:06:00,2015-06-02 03:11:00,94,2,0,2,100.0,"[""322642"", ""77161""]",HIGH_RISK
2015-06-02 03:07:00,2015-06-02 03:12:00,95,2,0,2,100.0,"[""322642"", ""77161""]",HIGH_RISK
2015-06-02 03:08:00,2015-06-02 03:13:00,102,2,0,2,100.0,"[""322642"", ""77161""]",HIGH_RISK
2015-06-02 03:09:00,2015-06-02 03:14:00,106,2,0,2,100.0,"[""322642"", ""77161""]",HIGH_RISK
2015-06-02 03:10:00,2015-06-02 03:15:00,107,0,0,0,0.0,[],NORMAL
2015-06-02 03:11:00,2015-06-02 03:16:00,111,1,0,1,100.0,"[""110379""]",HIGH_RISK
2015-06-02 03:12:00,2015-06-02 03:17:00,116,1,0,1,100.0,"[""110379""]",HIGH_RISK
2015-06-02 03:13:00,2015-06-02 03:18:00,117,1,0,1,100.0,"[""110379""]",HIGH_RISK
2015-06-02 03:14:00,2015-06-02 03:19:00,121,1,0,1,100.0,"[""110379""]",HIGH_RISK
2015-06-02 03:15:00,2015-06-02 03:20:00,123,2,0,2,100.0,"[""110379"", ""246411""]",HIGH_RISK
2015-06-02 03:16:00,2015-06-02 03:21:00,118,1,0,1,100.0,"[""246411""]",HIGH_RISK
2015-06-02 03:17:00,2015-06-02 03:22:00,116,2,0,2,100.0,"[""246411"", ""427499""]",HIGH_RISK
2015-06-02 03:18:00,2015-06-02 03:23:00,109,5,0,5,100.0,"[""246411"", ""427499"", ""99596"", ""183107"", ""426520""]",HIGH_RISK
2015-06-02 03:19:00,2015-06-02 03:24:00,104,5,0,5,100.0,"[""246411"", ""427499"", ""99596"", ""183107"", ""426520""]",HIGH_RISK
2015-06-02 03:20:00,2015-06-02 03:25:00,102,4,0,4,100.0,"[""427499"", ""99596"", ""183107"", ""426520""]",HIGH_RISK
2015-06-02 03:21:00,2015-06-02 03:26:00,108,4,1,3,75.0,"[""99596"", ""183107"", ""426520""]",HIGH_RISK
2015-06-02 03:22:00,2015-06-02 03:27:00,102,4,1,4,100.0,"[""99596"", ""183107"", ""426520"", ""105823""]",HIGH_RISK
2015-06-02 03:23:00,2015-06-02 03:28:00,102,1,1,1,100.0,"[""105823""]",HIGH_RISK
2015-06-02 03:24:00,2015-06-02 03:29:00,106,1,1,1,100.0,"[""105823""]",HIGH_RISK
2015-06-02 03:25:00,2015-06-02 03:30:00,113,2,1,2,100.0,"[""105823"", ""7943""]",HIGH_RISK
2015-06-02 03:26:00,2015-06-02 03:31:00,123,2,0,2,100.0,"[""105823"", ""7943""]",HIGH_RISK
2015-06-02 03:27:00,2015-06-02 03:32:00,123,1,0,1,100.0,"[""7943""]",HIGH_RISK
2015-06-02 03:28:00,2015-06-02 03:33:00,124,1,1,0,0.0,[],NORMAL
2015-06-02 03:29:00,2015-06-02 03:34:00,128,3,1,2,66.6667,"[""215599"", ""463280""]",HIGH_RISK
2015-06-02 03:30:00,2015-06-02 03:35:00,124,3,1,3,100.0,"[""215599"", ""463280"", ""458637""]",HIGH_RISK
2015-06-02 03:31:00,2015-06-02 03:36:00,113,4,1,4,100.0,"[""215599"", ""463280"", ""458637"", ""316472""]",HIGH_RISK
2015-06-02 03:32:00,2015-06-02 03:37:00,117,4,1,4,100.0,"[""215599"", ""463280"", ""458637"", ""316472""]",HIGH_RISK
2015-06-02 03:33:00,2015-06-02 03:38:00,118,4,0,4,100.0,"[""215599"", ""463280"", ""458637"", ""316472""]",HIGH_RISK
2015-06-02 03:34:00,2015-06-02 03:39:00,118,5,1,4,80.0,"[""316472"", ""172967"", ""312728"", ""14758""]",HIGH_RISK
2015-06-02 03:35:00,2015-06-02 03:40:00,118,5,1,5,100.0,"[""316472"", ""172967"", ""312728"", ""14758"", ""332918""]",HIGH_RISK
2015-06-02 03:36:00,2015-06-02 03:41:00,122,4,4,4,100.0,"[""172967"", ""312728"", ""14758"", ""332918""]",HIGH_RISK
2015-06-02 03:37:00,2015-06-02 03:42:00,130,5,4,5,100.0,"[""172967"", ""312728"", ""14758"", ""332918"", ""370325""]",HIGH_RISK
2015-06-02 03:38:00,2015-06-02 03:43:00,128,5,4,5,100.0,"[""172967"", ""312728"", ""14758"", ""332918"", ""370325""]",HIGH_RISK
2015-06-02 03:39:00,2015-06-02 03:44:00,119,2,3,2,100.0,"[""332918"", ""370325""]",HIGH_RISK
2015-06-02 03:40:00,2015-06-02 03:45:00,117,1,3,1,100.0,"[""370325""]",HIGH_RISK
2015-06-02 03:41:00,2015-06-02 03:46:00,109,2,0,2,100.0,"[""370325"", ""72422""]",HIGH_RISK
2015-06-02 03:42:00,2015-06-02 03:47:00,102,2,0,2,100.0,"[""72422"", ""86191""]",HIGH_RISK
2015-06-02 03:43:00,2015-06-02 03:48:00,102,2,0,2,100.0,"[""72422"", ""86191""]",HIGH_RISK
2015-06-02 03:44:00,2015-06-02 03:49:00,108,2,0,2,100.0,"[""72422"", ""86191""]",HIGH_RISK
2015-06-02 03:45:00,2015-06-02 03:50:00,106,2,0,2,100.0,"[""72422"", ""86191""]",HIGH_RISK
2015-06-02 03:46:00,2015-06-02 03:51:00,102,2,0,2,100.0,"[""86191"", ""461180""]",HIGH_RISK
2015-06-02 03:47:00,2015-06-02 03:52:00,101,2,0,2,100.0,"[""461180"", ""463280""]",HIGH_RISK
2015-06-02 03:48:00,2015-06-02 03:53:00,101,2,0,2,100.0,"[""461180"", ""463280""]",HIGH_RISK
2015-06-02 03:49:00,2015-06-02 03:54:00,93,2,0,2,100.0,"[""461180"", ""463280""]",HIGH_RISK
2015-06-02 03:50:00,2015-06-02 03:55:00,100,2,1,1,50.0,"[""461180""]",NORMAL
2015-06-02 03:51:00,2015-06-02 03:56:00,115,2,1,1,50.0,"[""379580""]",NORMAL
2015-06-02 03:52:00,2015-06-02 03:57:00,113,2,1,2,100.0,"[""379580"", ""22623""]",HIGH_RISK
2015-06-02 03:53:00,2015-06-02 03:58:00,112,2,1,2,100.0,"[""379580"", ""22623""]",HIGH_RISK
2015-06-02 03:54:00,2015-06-02 03:59:00,105,2,1,2,100.0,"[""379580"", ""22623""]",HIGH_RISK
2015-06-02 03:55:00,2015-06-02 04:00:00,107,4,0,4,100.0,"[""379580"", ""22623"", ""101666"", ""38796""]",HIGH_RISK
2015-06-02 03:56:00,2015-06-02 04:01:00,99,7,1,7,100.0,"[""22623"", ""101666"", ""38796"", ""179001"", ""367667""]",HIGH_RISK
2015-06-02 03:57:00,2015-06-02 04:02:00,99,7,1,7,100.0,"[""101666"", ""38796"", ""179001"", ""367667"", ""180274""]",HIGH_RISK
2015-06-02 03:58:00,2015-06-02 04:03:00,98,9,1,9,100.0,"[""101666"", ""38796"", ""179001"", ""367667"", ""180274""]",HIGH_RISK
2015-06-02 03:59:00,2015-06-02 04:04:00,106,10,1,10,100.0,"[""101666"", ""38796"", ""179001"", ""367667"", ""180274""]",HIGH_RISK
2015-06-02 04:00:00,2015-06-02 04:05:00,106,8,1,8,100.0,"[""179001"", ""367667"", ""180274"", ""145907"", ""406581""]",HIGH_RISK
2015-06-02 04:01:00,2015-06-02 04:06:00,107,5,0,5,100.0,"[""406581"", ""37029"", ""153984"", ""73992"", ""80953""]",HIGH_RISK
2015-06-02 04:02:00,2015-06-02 04:07:00,110,4,0,4,100.0,"[""37029"", ""153984"", ""73992"", ""80953""]",HIGH_RISK
2015-06-02 04:03:00,2015-06-02 04:08:00,110,3,0,3,100.0,"[""73992"", ""80953"", ""227796""]",HIGH_RISK
2015-06-02 04:04:00,2015-06-02 04:09:00,112,3,0,3,100.0,"[""80953"", ""227796"", ""53436""]",HIGH_RISK
2015-06-02 04:05:00,2015-06-02 04:10:00,110,4,0,4,100.0,"[""80953"", ""227796"", ""53436"", ""422948""]",HIGH_RISK
2015-06-02 04:06:00,2015-06-02 04:11:00,114,3,0,3,100.0,"[""227796"", ""53436"", ""422948""]",HIGH_RISK
2015-06-02 04:07:00,2015-06-02 04:12:00,110,4,0,4,100.0,"[""227796"", ""53436"", ""422948"", ""411886""]",HIGH_RISK
2015-06-02 04:08:00,2015-06-02 04:13:00,123,6,0,6,100.0,"[""53436"", ""422948"", ""411886"", ""184628"", ""383488""]",HIGH_RISK
2015-06-02 04:09:00,2015-06-02 04:14:00,122,6,0,6,100.0,"[""422948"", ""411886"", ""184628"", ""383488"", ""226598""]",HIGH_RISK
2015-06-02 04:10:00,2015-06-02 04:15:00,122,6,1,6,100.0,"[""411886"", ""184628"", ""383488"", ""226598"", ""50329""]",HIGH_RISK
2015-06-02 04:11:00,2015-06-02 04:16:00,109,6,1,6,100.0,"[""411886"", ""184628"", ""383488"", ""226598"", ""50329""]",HIGH_RISK
2015-06-02 04:12:00,2015-06-02 04:17:00,114,6,2,6,100.0,"[""184628"", ""383488"", ""226598"", ""50329"", ""210087""]",HIGH_RISK
2015-06-02 04:13:00,2015-06-02 04:18:00,110,3,2,3,100.0,"[""50329"", ""210087"", ""210009""]",HIGH_RISK
2015-06-02 04:14:00,2015-06-02 04:19:00,125,4,2,4,100.0,"[""210087"", ""210009"", ""64011"", ""51561""]",HIGH_RISK
2015-06-02 04:15:00,2015-06-02 04:20:00,130,4,2,4,100.0,"[""210009"", ""64011"", ""51561"", ""111530""]",HIGH_RISK
2015-06-02 04:16:00,2015-06-02 04:21:00,158,5,2,5,100.0,"[""210009"", ""64011"", ""51561"", ""111530"", ""265966""]",HIGH_RISK
2015-06-02 04:17:00,2015-06-02 04:22:00,158,4,1,4,100.0,"[""64011"", ""51561"", ""111530"", ""265966""]",HIGH_RISK
2015-06-02 04:18:00,2015-06-02 04:23:00,153,4,1,4,100.0,"[""64011"", ""51561"", ""111530"", ""265966""]",HIGH_RISK
2015-06-02 04:19:00,2015-06-02 04:24:00,140,2,1,2,100.0,"[""111530"", ""265966""]",HIGH_RISK
2015-06-02 04:20:00,2015-06-02 04:25:00,127,1,0,1,100.0,"[""265966""]",HIGH_RISK
2015-06-02 04:21:00,2015-06-02 04:26:00,99,0,0,0,0.0,[],NORMAL
2015-06-02 04:22:00,2015-06-02 04:27:00,99,1,0,1,100.0,"[""130231""]",HIGH_RISK
2015-06-02 04:23:00,2015-06-02 04:28:00,92,1,0,1,100.0,"[""130231""]",HIGH_RISK
2015-06-02 04:24:00,2015-06-02 04:29:00,92,1,0,1,100.0,"[""130231""]",HIGH_RISK
2015-06-02 04:25:00,2015-06-02 04:30:00,93,3,0,3,100.0,"[""130231"", ""189444"", ""63489""]",HIGH_RISK
2015-06-02 04:26:00,2015-06-02 04:31:00,99,3,0,3,100.0,"[""130231"", ""189444"", ""63489""]",HIGH_RISK
2015-06-02 04:27:00,2015-06-02 04:32:00,92,2,0,2,100.0,"[""189444"", ""63489""]",HIGH_RISK
2015-06-02 04:28:00,2015-06-02 04:33:00,87,2,1,1,50.0,"[""189444""]",NORMAL
2015-06-02 04:29:00,2015-06-02 04:34:00,83,2,2,0,0.0,[],NORMAL
2015-06-02 04:30:00,2015-06-02 04:35:00,83,0,2,0,0.0,[],NORMAL
2015-06-02 04:31:00,2015-06-02 04:36:00,77,1,2,1,100.0,"[""190260""]",HIGH_RISK
2015-06-02 04:32:00,2015-06-02 04:37:00,86,1,2,1,100.0,"[""190260""]",HIGH_RISK
2015-06-02 04:33:00,2015-06-02 04:38:00,93,1,1,1,100.0,"[""190260""]",HIGH_RISK
2015-06-02 04:34:00,2015-06-02 04:39:00,92,1,0,1,100.0,"[""190260""]",HIGH_RISK
2015-06-02 04:35:00,2015-06-02 04:40:00,98,1,0,1,100.0,"[""190260""]",HIGH_RISK
2015-06-02 04:36:00,2015-06-02 04:41:00,119,0,1,0,0.0,[],NORMAL
2015-06-02 04:37:00,2015-06-02 04:42:00,107,0,1,0,0.0,[],NORMAL
2015-06-02 04:38:00,2015-06-02 04:43:00,110,1,1,1,100.0,"[""404936""]",HIGH_RISK
2015-06-02 04:39:00,2015-06-02 04:44:00,117,1,1,1,100.0,"[""404936""]",HIGH_RISK
2015-06-02 04:40:00,2015-06-02 04:45:00,116,2,2,1,50.0,"[""115244""]",NORMAL
2015-06-02 04:41:00,2015-06-02 04:46:00,99,2,1,1,50.0,"[""115244""]",NORMAL
2015-06-02 04:42:00,2015-06-02 04:47:00,102,2,1,1,50.0,"[""115244""]",NORMAL
2015-06-02 04:43:00,2015-06-02 04:48:00,95,1,1,1,100.0,"[""115244""]",HIGH_RISK
2015-06-02 04:44:00,2015-06-02 04:49:00,92,1,1,1,100.0,"[""115244""]",HIGH_RISK
2015-06-02 04:45:00,2015-06-02 04:50:00,83,0,0,0,0.0,[],NORMAL
2015-06-02 04:46:00,2015-06-02 04:51:00,86,0,0,0,0.0,[],NORMAL
2015-06-02 04:47:00,2015-06-02 04:52:00,92,0,0,0,0.0,[],NORMAL
2015-06-02 04:48:00,2015-06-02 04:53:00,102,1,0,1,100.0,"[""431322""]",HIGH_RISK
2015-06-02 04:49:00,2015-06-02 04:54:00,101,1,0,1,100.0,"[""431322""]",HIGH_RISK
2015-06-02 04:50:00,2015-06-02 04:55:00,107,2,0,2,100.0,"[""431322"", ""312728""]",HIGH_RISK
2015-06-02 04:51:00,2015-06-02 04:56:00,108,2,0,2,100.0,"[""431322"", ""312728""]",HIGH_RISK
2015-06-02 04:52:00,2015-06-02 04:57:00,100,2,0,2,100.0,"[""431322"", ""312728""]",HIGH_RISK
2015-06-02 04:53:00,2015-06-02 04:58:00,93,2,0,2,100.0,"[""312728"", ""10572""]",HIGH_RISK
2015-06-02 04:54:00,2015-06-02 04:59:00,95,2,0,2,100.0,"[""312728"", ""10572""]",HIGH_RISK
2015-06-02 04:55:00,2015-06-02 05:00:00,86,1,0,1,100.0,"[""10572""]",HIGH_RISK
2015-06-02 04:56:00,2015-06-02 05:01:00,85,1,0,1,100.0,"[""10572""]",HIGH_RISK
2015-06-02 04:57:00,2015-06-02 05:02:00,86,1,0,1,100.0,"[""10572""]",HIGH_RISK
2015-06-02 04:58:00,2015-06-02 05:03:00,91,0,1,0,0.0,[],NORMAL
2015-06-02 04:59:00,2015-06-02 05:04:00,86,1,1,1,100.0,"[""343861""]",HIGH_RISK
2015-06-02 05:00:00,2015-06-02 05:05:00,91,1,1,1,100.0,"[""343861""]",HIGH_RISK
2015-06-02 05:01:00,2015-06-02 05:06:00,91,1,1,1,100.0,"[""343861""]",HIGH_RISK
2015-06-02 05:02:00,2015-06-02 05:07:00,85,1,1,1,100.0,"[""343861""]",HIGH_RISK
2015-06-02 05:03:00,2015-06-02 05:08:00,79,1,0,1,100.0,"[""343861""]",HIGH_RISK
2015-06-02 05:04:00,2015-06-02 05:09:00,81,1,0,1,100.0,"[""82746""]",HIGH_RISK
2015-06-02 05:05:00,2015-06-02 05:10:00,82,1,0,1,100.0,"[""82746""]",HIGH_RISK
2015-06-02 05:06:00,2015-06-02 05:11:00,90,1,0,1,100.0,"[""82746""]",HIGH_RISK
2015-06-02 05:07:00,2015-06-02 05:12:00,105,2,0,2,100.0,"[""82746"", ""181045""]",HIGH_RISK
2015-06-02 05:08:00,2015-06-02 05:13:00,106,3,0,3,100.0,"[""82746"", ""181045"", ""356475""]",HIGH_RISK
2015-06-02 05:09:00,2015-06-02 05:14:00,99,2,1,1,50.0,"[""356475""]",NORMAL
2015-06-02 05:10:00,2015-06-02 05:15:00,95,2,1,1,50.0,"[""356475""]",NORMAL
2015-06-02 05:11:00,2015-06-02 05:16:00,84,4,1,3,75.0,"[""356475"", ""269430"", ""262799""]",HIGH_RISK
2015-06-02 05:12:00,2015-06-02 05:17:00,81,4,1,4,100.0,"[""356475"", ""269430"", ""262799"", ""161166""]",HIGH_RISK
2015-06-02 05:13:00,2015-06-02 05:18:00,86,3,2,3,100.0,"[""269430"", ""262799"", ""161166""]",HIGH_RISK
2015-06-02 05:14:00,2015-06-02 05:19:00,93,3,1,3,100.0,"[""269430"", ""262799"", ""161166""]",HIGH_RISK
2015-06-02 05:15:00,2015-06-02 05:20:00,100,3,1,3,100.0,"[""269430"", ""262799"", ""161166""]",HIGH_RISK
2015-06-02 05:16:00,2015-06-02 05:21:00,96,1,1,1,100.0,"[""161166""]",HIGH_RISK
2015-06-02 05:17:00,2015-06-02 05:22:00,87,0,1,0,0.0,[],NORMAL
2015-06-02 05:18:00,2015-06-02 05:23:00,80,0,1,0,0.0,[],NORMAL
2015-06-02 05:19:00,2015-06-02 05:24:00,81,0,1,0,0.0,[],NORMAL
2015-06-02 05:20:00,2015-06-02 05:25:00,77,1,1,1,100.0,"[""71957""]",HIGH_RISK
2015-06-02 05:21:00,2015-06-02 05:26:00,82,1,1,1,100.0,"[""71957""]",HIGH_RISK
2015-06-02 05:22:00,2015-06-02 05:27:00,79,1,1,1,100.0,"[""71957""]",HIGH_RISK
2015-06-02 05:23:00,2015-06-02 05:28:00,83,2,0,2,100.0,"[""71957"", ""36035""]",HIGH_RISK
2015-06-02 05:24:00,2015-06-02 05:29:00,77,2,0,2,100.0,"[""71957"", ""36035""]",HIGH_RISK
2015-06-02 05:25:00,2015-06-02 05:30:00,79,1,0,1,100.0,"[""36035""]",HIGH_RISK
2015-06-02 05:26:00,2015-06-02 05:31:00,78,1,0,1,100.0,"[""36035""]",HIGH_RISK
2015-06-02 05:27:00,2015-06-02 05:32:00,77,1,0,1,100.0,"[""36035""]",HIGH_RISK
2015-06-02 05:28:00,2015-06-02 05:33:00,75,1,0,1,100.0,"[""287449""]",HIGH_RISK
2015-06-02 05:29:00,2015-06-02 05:34:00,78,2,0,2,100.0,"[""287449"", ""5206""]",HIGH_RISK
2015-06-02 05:30:00,2015-06-02 05:35:00,68,2,0,2,100.0,"[""287449"", ""5206""]",HIGH_RISK
2015-06-02 05:31:00,2015-06-02 05:36:00,60,2,0,2,100.0,"[""287449"", ""5206""]",HIGH_RISK
2015-06-02 05:32:00,2015-06-02 05:37:00,67,2,2,2,100.0,"[""287449"", ""5206""]",HIGH_RISK
2015-06-02 05:33:00,2015-06-02 05:38:00,66,1,2,1,100.0,"[""5206""]",HIGH_RISK
2015-06-02 05:34:00,2015-06-02 05:39:00,61,1,2,1,100.0,"[""38483""]",HIGH_RISK
2015-06-02 05:35:00,2015-06-02 05:40:00,64,2,2,2,100.0,"[""38483"", ""255275""]",HIGH_RISK
2015-06-02 05:36:00,2015-06-02 05:41:00,69,2,2,2,100.0,"[""38483"", ""255275""]",HIGH_RISK
2015-06-02 05:37:00,2015-06-02 05:42:00,65,2,0,2,100.0,"[""38483"", ""255275""]",HIGH_RISK
2015-06-02 05:38:00,2015-06-02 05:43:00,67,3,0,3,100.0,"[""38483"", ""255275"", ""432152""]",HIGH_RISK
2015-06-02 05:39:00,2015-06-02 05:44:00,71,2,0,2,100.0,"[""255275"", ""432152""]",HIGH_RISK
2015-06-02 05:40:00,2015-06-02 05:45:00,77,1,0,1,100.0,"[""432152""]",HIGH_RISK
2015-06-02 05:41:00,2015-06-02 05:46:00,81,1,0,1,100.0,"[""432152""]",HIGH_RISK
2015-06-02 05:42:00,2015-06-02 05:47:00,81,1,0,1,100.0,"[""432152""]",HIGH_RISK
2015-06-02 05:43:00,2015-06-02 05:48:00,80,0,0,0,0.0,[],NORMAL
2015-06-02 05:44:00,2015-06-02 05:49:00,82,0,0,0,0.0,[],NORMAL
2015-06-02 05:45:00,2015-06-02 05:50:00,77,1,0,1,100.0,"[""258012""]",HIGH_RISK
2015-06-02 05:46:00,2015-06-02 05:51:00,69,1,0,1,100.0,"[""258012""]",HIGH_RISK
2015-06-02 05:47:00,2015-06-02 05:52:00,68,1,0,1,100.0,"[""258012""]",HIGH_RISK
2015-06-02 05:48:00,2015-06-02 05:53:00,64,1,0,1,100.0,"[""258012""]",HIGH_RISK
2015-06-02 05:49:00,2015-06-02 05:54:00,60,1,0,1,100.0,"[""258012""]",HIGH_RISK
2015-06-02 05:50:00,2015-06-02 05:55:00,61,0,0,0,0.0,[],NORMAL
2015-06-02 05:51:00,2015-06-02 05:56:00,67,0,0,0,0.0,[],NORMAL
2015-06-02 05:52:00,2015-06-02 05:57:00,65,0,0,0,0.0,[],NORMAL
2015-06-02 05:53:00,2015-06-02 05:58:00,62,0,0,0,0.0,[],NORMAL
2015-06-02 05:54:00,2015-06-02 05:59:00,58,0,0,0,0.0,[],NORMAL
2015-06-02 05:55:00,2015-06-02 06:00:00,64,0,0,0,0.0,[],NORMAL
2015-06-02 05:56:00,2015-06-02 06:01:00,59,1,0,1,100.0,"[""181576""]",HIGH_RISK
2015-06-02 05:57:00,2015-06-02 06:02:00,66,1,0,1,100.0,"[""181576""]",HIGH_RISK
2015-06-02 05:58:00,2015-06-02 06:03:00,71,1,0,1,100.0,"[""181576""]",HIGH_RISK
2015-06-02 05:59:00,2015-06-02 06:04:00,72,1,0,1,100.0,"[""181576""]",HIGH_RISK
2015-06-02 06:00:00,2015-06-02 06:05:00,65,2,0,2,100.0,"[""181576"", ""382499""]",HIGH_RISK
2015-06-02 06:01:00,2015-06-02 06:06:00,66,1,0,1,100.0,"[""382499""]",HIGH_RISK
2015-06-02 06:02:00,2015-06-02 06:07:00,58,1,0,1,100.0,"[""382499""]",HIGH_RISK
2015-06-02 06:03:00,2015-06-02 06:08:00,53,2,0,2,100.0,"[""382499"", ""255275""]",HIGH_RISK
2015-06-02 06:04:00,2015-06-02 06:09:00,58,3,0,3,100.0,"[""382499"", ""255275"", ""319358""]",HIGH_RISK
2015-06-02 06:05:00,2015-06-02 06:10:00,54,2,0,2,100.0,"[""255275"", ""319358""]",HIGH_RISK
2015-06-02 06:06:00,2015-06-02 06:11:00,51,2,0,2,100.0,"[""255275"", ""319358""]",HIGH_RISK
2015-06-02 06:07:00,2015-06-02 06:12:00,55,4,0,4,100.0,"[""255275"", ""319358"", ""322078"", ""273382""]",HIGH_RISK
2015-06-02 06:08:00,2015-06-02 06:13:00,64,4,0,4,100.0,"[""319358"", ""322078"", ""273382"", ""100280""]",HIGH_RISK
2015-06-02 06:09:00,2015-06-02 06:14:00,66,3,1,2,66.6667,"[""273382"", ""100280""]",HIGH_RISK
2015-06-02 06:10:00,2015-06-02 06:15:00,71,3,1,2,66.6667,"[""273382"", ""100280""]",HIGH_RISK
2015-06-02 06:11:00,2015-06-02 06:16:00,73,3,1,2,66.6667,"[""273382"", ""100280""]",HIGH_RISK
2015-06-02 06:12:00,2015-06-02 06:17:00,68,1,1,1,100.0,"[""100280""]",HIGH_RISK
2015-06-02 06:13:00,2015-06-02 06:18:00,60,0,1,0,0.0,[],NORMAL
2015-06-02 06:14:00,2015-06-02 06:19:00,52,0,0,0,0.0,[],NORMAL
2015-06-02 06:15:00,2015-06-02 06:20:00,49,0,1,0,0.0,[],NORMAL
2015-06-02 06:16:00,2015-06-02 06:21:00,47,1,1,1,100.0,"[""154515""]",HIGH_RISK
2015-06-02 06:17:00,2015-06-02 06:22:00,48,1,2,1,100.0,"[""154515""]",HIGH_RISK
2015-06-02 06:18:00,2015-06-02 06:23:00,47,2,2,2,100.0,"[""154515"", ""383396""]",HIGH_RISK
2015-06-02 06:19:00,2015-06-02 06:24:00,58,4,2,4,100.0,"[""154515"", ""383396"", ""216556"", ""251362""]",HIGH_RISK
2015-06-02 06:20:00,2015-06-02 06:25:00,62,5,1,5,100.0,"[""154515"", ""383396"", ""216556"", ""251362"", ""197968""]",HIGH_RISK
2015-06-02 06:21:00,2015-06-02 06:26:00,65,5,1,5,100.0,"[""383396"", ""216556"", ""251362"", ""197968"", ""409655""]",HIGH_RISK
2015-06-02 06:22:00,2015-06-02 06:27:00,65,5,0,5,100.0,"[""383396"", ""216556"", ""251362"", ""197968"", ""409655""]",HIGH_RISK
2015-06-02 06:23:00,2015-06-02 06:28:00,60,4,0,4,100.0,"[""216556"", ""251362"", ""197968"", ""409655""]",HIGH_RISK
2015-06-02 06:24:00,2015-06-02 06:29:00,46,2,0,2,100.0,"[""197968"", ""409655""]",HIGH_RISK
2015-06-02 06:25:00,2015-06-02 06:30:00,38,1,0,1,100.0,"[""409655""]",HIGH_RISK
2015-06-02 06:26:00,2015-06-02 06:31:00,36,0,0,0,0.0,[],NORMAL
2015-06-02 06:27:00,2015-06-02 06:32:00,40,2,0,2,100.0,"[""32581"", ""430546""]",HIGH_RISK
2015-06-02 06:28:00,2015-06-02 06:33:00,39,3,0,3,100.0,"[""32581"", ""430546"", ""21886""]",HIGH_RISK
2015-06-02 06:29:00,2015-06-02 06:34:00,46,4,0,4,100.0,"[""32581"", ""430546"", ""21886"", ""307322""]",HIGH_RISK
2015-06-02 06:30:00,2015-06-02 06:35:00,49,6,0,5,100.0,"[""32581"", ""430546"", ""21886"", ""307322"", ""383396""]",HIGH_RISK
2015-06-02 06:31:00,2015-06-02 06:36:00,47,6,0,5,100.0,"[""32581"", ""430546"", ""21886"", ""307322"", ""383396""]",HIGH_RISK
2015-06-02 06:32:00,2015-06-02 06:37:00,43,4,0,3,100.0,"[""21886"", ""307322"", ""383396""]",HIGH_RISK
2015-06-02 06:33:00,2015-06-02 06:38:00,45,3,0,2,100.0,"[""307322"", ""383396""]",HIGH_RISK
2015-06-02 06:34:00,2015-06-02 06:39:00,44,2,1,1,50.0,"[""307322""]",NORMAL
2015-06-02 06:35:00,2015-06-02 06:40:00,47,0,1,0,0.0,[],NORMAL
2015-06-02 06:36:00,2015-06-02 06:41:00,52,0,1,0,0.0,[],NORMAL
2015-06-02 06:37:00,2015-06-02 06:42:00,48,0,1,0,0.0,[],NORMAL
2015-06-02 06:38:00,2015-06-02 06:43:00,49,0,1,0,0.0,[],NORMAL
2015-06-02 06:39:00,2015-06-02 06:44:00,43,2,0,2,100.0,"[""329624"", ""377684""]",HIGH_RISK
2015-06-02 06:40:00,2015-06-02 06:45:00,40,2,0,2,100.0,"[""329624"", ""377684""]",HIGH_RISK
2015-06-02 06:41:00,2015-06-02 06:46:00,37,3,0,3,100.0,"[""329624"", ""377684"", ""440696""]",HIGH_RISK
2015-06-02 06:42:00,2015-06-02 06:47:00,40,3,0,3,100.0,"[""329624"", ""377684"", ""440696""]",HIGH_RISK
2015-06-02 06:43:00,2015-06-02 06:48:00,34,3,0,3,100.0,"[""329624"", ""377684"", ""440696""]",HIGH_RISK
2015-06-02 06:44:00,2015-06-02 06:49:00,36,1,0,1,100.0,"[""440696""]",HIGH_RISK
2015-06-02 06:45:00,2015-06-02 06:50:00,34,1,0,1,100.0,"[""440696""]",HIGH_RISK
2015-06-02 06:46:00,2015-06-02 06:51:00,39,0,0,0,0.0,[],NORMAL
2015-06-02 06:47:00,2015-06-02 06:52:00,39,0,0,0,0.0,[],NORMAL
2015-06-02 06:48:00,2015-06-02 06:53:00,48,1,0,1,100.0,"[""134793""]",HIGH_RISK
2015-06-02 06:49:00,2015-06-02 06:54:00,49,1,0,1,100.0,"[""134793""]",HIGH_RISK
2015-06-02 06:50:00,2015-06-02 06:55:00,47,2,0,2,100.0,"[""134793"", ""13942""]",HIGH_RISK
2015-06-02 06:51:00,2015-06-02 06:56:00,43,2,0,2,100.0,"[""134793"", ""13942""]",HIGH_RISK
2015-06-02 06:52:00,2015-06-02 06:57:00,45,2,0,2,100.0,"[""134793"", ""13942""]",HIGH_RISK
2015-06-02 06:53:00,2015-06-02 06:58:00,40,1,0,1,100.0,"[""13942""]",HIGH_RISK
2015-06-02 06:54:00,2015-06-02 06:59:00,37,1,0,1,100.0,"[""13942""]",HIGH_RISK
2015-06-02 06:55:00,2015-06-02 07:00:00,36,0,0,0,0.0,[],NORMAL
2015-06-02 06:56:00,2015-06-02 07:01:00,32,0,0,0,0.0,[],NORMAL
2015-06-02 06:57:00,2015-06-02 07:02:00,25,0,0,0,0.0,[],NORMAL
2015-06-02 06:58:00,2015-06-02 07:03:00,24,0,0,0,0.0,[],NORMAL
2015-06-02 06:59:00,2015-06-02 07:04:00,25,0,0,0,0.0,[],NORMAL
2015-06-02 07:00:00,2015-06-02 07:05:00,25,0,0,0,0.0,[],NORMAL
2015-06-02 07:01:00,2015-06-02 07:06:00,31,0,0,0,0.0,[],NORMAL
2015-06-02 07:02:00,2015-06-02 07:07:00,37,0,0,0,0.0,[],NORMAL
2015-06-02 07:03:00,2015-06-02 07:08:00,38,0,0,0,0.0,[],NORMAL
2015-06-02 07:04:00,2015-06-02 07:09:00,36,0,0,0,0.0,[],NORMAL
2015-06-02 07:05:00,2015-06-02 07:10:00,39,0,0,0,0.0,[],NORMAL
2015-06-02 07:06:00,2015-06-02 07:11:00,34,0,0,0,0.0,[],NORMAL
2015-06-02 07:07:00,2015-06-02 07:12:00,30,0,0,0,0.0,[],NORMAL
2015-06-02 07:08:00,2015-06-02 07:13:00,25,0,0,0,0.0,[],NORMAL
2015-06-02 07:09:00,2015-06-02 07:14:00,30,0,0,0,0.0,[],NORMAL
2015-06-02 07:10:00,2015-06-02 07:15:00,27,0,0,0,0.0,[],NORMAL
2015-06-02 07:11:00,2015-06-02 07:16:00,29,0,0,0,0.0,[],NORMAL
2015-06-02 07:12:00,2015-06-02 07:17:00,35,0,0,0,0.0,[],NORMAL
2015-06-02 07:13:00,2015-06-02 07:18:00,38,0,0,0,0.0,[],NORMAL
2015-06-02 07:14:00,2015-06-02 07:19:00,33,0,0,0,0.0,[],NORMAL
2015-06-02 07:15:00,2015-06-02 07:20:00,36,1,0,1,100.0,"[""399531""]",HIGH_RISK
2015-06-02 07:16:00,2015-06-02 07:21:00,36,2,0,2,100.0,"[""399531"", ""105430""]",HIGH_RISK
2015-06-02 07:17:00,2015-06-02 07:22:00,29,2,0,2,100.0,"[""399531"", ""105430""]",HIGH_RISK
2015-06-02 07:18:00,2015-06-02 07:23:00,30,2,0,2,100.0,"[""399531"", ""105430""]",HIGH_RISK
2015-06-02 07:19:00,2015-06-02 07:24:00,29,2,0,2,100.0,"[""399531"", ""105430""]",HIGH_RISK
2015-06-02 07:20:00,2015-06-02 07:25:00,25,1,0,1,100.0,"[""105430""]",HIGH_RISK
2015-06-02 07:21:00,2015-06-02 07:26:00,18,0,0,0,0.0,[],NORMAL
2015-06-02 07:22:00,2015-06-02 07:27:00,17,0,0,0,0.0,[],NORMAL
2015-06-02 07:23:00,2015-06-02 07:28:00,16,0,0,0,0.0,[],NORMAL
2015-06-02 07:24:00,2015-06-02 07:29:00,20,0,0,0,0.0,[],NORMAL
2015-06-02 07:25:00,2015-06-02 07:30:00,22,0,0,0,0.0,[],NORMAL
2015-06-02 07:26:00,2015-06-02 07:31:00,25,0,0,0,0.0,[],NORMAL
2015-06-02 07:27:00,2015-06-02 07:32:00,25,0,0,0,0.0,[],NORMAL
2015-06-02 07:28:00,2015-06-02 07:33:00,26,0,0,0,0.0,[],NORMAL
2015-06-02 07:29:00,2015-06-02 07:34:00,24,0,0,0,0.0,[],NORMAL
2015-06-02 07:30:00,2015-06-02 07:35:00,22,0,0,0,0.0,[],NORMAL
2015-06-02 07:31:00,2015-06-02 07:36:00,20,0,0,0,0.0,[],NORMAL
2015-06-02 07:32:00,2015-06-02 07:37:00,19,0,0,0,0.0,[],NORMAL
2015-06-02 07:33:00,2015-06-02 07:38:00,23,0,0,0,0.0,[],NORMAL
2015-06-02 07:34:00,2015-06-02 07:39:00,21,0,0,0,0.0,[],NORMAL
2015-06-02 07:35:00,2015-06-02 07:40:00,22,0,0,0,0.0,[],NORMAL
2015-06-02 07:36:00,2015-06-02 07:41:00,23,0,0,0,0.0,[],NORMAL
2015-06-02 07:37:00,2015-06-02 07:42:00,27,0,0,0,0.0,[],NORMAL
2015-06-02 07:38:00,2015-06-02 07:43:00,19,0,0,0,0.0,[],NORMAL
2015-06-02 07:39:00,2015-06-02 07:44:00,23,0,0,0,0.0,[],NORMAL
2015-06-02 07:40:00,2015-06-02 07:45:00,25,0,0,0,0.0,[],NORMAL
2015-06-02 07:41:00,2015-06-02 07:46:00,29,0,0,0,0.0,[],NORMAL
2015-06-02 07:42:00,2015-06-02 07:47:00,28,0,0,0,0.0,[],NORMAL
2015-06-02 07:43:00,2015-06-02 07:48:00,36,0,0,0,0.0,[],NORMAL
2015-06-02 07:44:00,2015-06-02 07:49:00,31,0,0,0,0.0,[],NORMAL
2015-06-02 07:45:00,2015-06-02 07:50:00,32,0,0,0,0.0,[],NORMAL
2015-06-02 07:46:00,2015-06-02 07:51:00,28,0,0,0,0.0,[],NORMAL
2015-06-02 07:47:00,2015-06-02 07:52:00,36,0,0,0,0.0,[],NORMAL
2015-06-02 07:48:00,2015-06-02 07:53:00,36,0,0,0,0.0,[],NORMAL
2015-06-02 07:49:00,2015-06-02 07:54:00,45,0,0,0,0.0,[],NORMAL
2015-06-02 07:50:00,2015-06-02 07:55:00,46,0,0,0,0.0,[],NORMAL
2015-06-02 07:51:00,2015-06-02 07:56:00,51,0,0,0,0.0,[],NORMAL
2015-06-02 07:52:00,2015-06-02 07:57:00,47,0,0,0,0.0,[],NORMAL
2015-06-02 07:53:00,2015-06-02 07:58:00,45,0,0,0,0.0,[],NORMAL
2015-06-02 07:54:00,2015-06-02 07:59:00,36,0,0,0,0.0,[],NORMAL
2015-06-02 07:55:00,2015-06-02 08:00:00,35,0,0,0,0.0,[],NORMAL
2015-06-02 07:56:00,2015-06-02 08:01:00,31,0,0,0,0.0,[],NORMAL
2015-06-02 07:57:00,2015-06-02 08:02:00,26,0,0,0,0.0,[],NORMAL
2015-06-02 07:58:00,2015-06-02 08:03:00,22,0,0,0,0.0,[],NORMAL
2015-06-02 07:59:00,2015-06-02 08:04:00,24,0,0,0,0.0,[],NORMAL
2015-06-02 08:00:00,2015-06-02 08:05:00,21,0,0,0,0.0,[],NORMAL
2015-06-02 08:01:00,2015-06-02 08:06:00,21,0,0,0,0.0,[],NORMAL
2015-06-02 08:02:00,2015-06-02 08:07:00,22,0,0,0,0.0,[],NORMAL
2015-06-02 08:03:00,2015-06-02 08:08:00,29,0,0,0,0.0,[],NORMAL
2015-06-02 08:04:00,2015-06-02 08:09:00,26,1,0,1,100.0,"[""324670""]",HIGH_RISK
2015-06-02 08:05:00,2015-06-02 08:10:00,27,1,0,1,100.0,"[""324670""]",HIGH_RISK
2015-06-02 08:06:00,2015-06-02 08:11:00,23,1,0,1,100.0,"[""324670""]",HIGH_RISK
2015-06-02 08:07:00,2015-06-02 08:12:00,21,1,0,1,100.0,"[""324670""]",HIGH_RISK
2015-06-02 08:08:00,2015-06-02 08:13:00,12,1,0,1,100.0,"[""324670""]",HIGH_RISK
2015-06-02 08:09:00,2015-06-02 08:14:00,14,0,0,0,0.0,[],NORMAL
2015-06-02 08:10:00,2015-06-02 08:15:00,11,0,0,0,0.0,[],NORMAL
2015-06-02 08:11:00,2015-06-02 08:16:00,13,0,1,0,0.0,[],NORMAL
2015-06-02 08:12:00,2015-06-02 08:17:00,16,0,1,0,0.0,[],NORMAL
2015-06-02 08:13:00,2015-06-02 08:18:00,23,0,1,0,0.0,[],NORMAL
2015-06-02 08:14:00,2015-06-02 08:19:00,26,0,1,0,0.0,[],NORMAL
2015-06-02 08:15:00,2015-06-02 08:20:00,28,1,1,1,100.0,"[""264604""]",HIGH_RISK
2015-06-02 08:16:00,2015-06-02 08:21:00,37,1,0,1,100.0,"[""264604""]",HIGH_RISK
2015-06-02 08:17:00,2015-06-02 08:22:00,34,1,0,1,100.0,"[""264604""]",HIGH_RISK
2015-06-02 08:18:00,2015-06-02 08:23:00,39,1,0,1,100.0,"[""264604""]",HIGH_RISK
2015-06-02 08:19:00,2015-06-02 08:24:00,34,1,0,1,100.0,"[""264604""]",HIGH_RISK
2015-06-02 08:20:00,2015-06-02 08:25:00,37,0,0,0,0.0,[],NORMAL
2015-06-02 08:21:00,2015-06-02 08:26:00,29,0,0,0,0.0,[],NORMAL
2015-06-02 08:22:00,2015-06-02 08:27:00,29,0,0,0,0.0,[],NORMAL
2015-06-02 08:23:00,2015-06-02 08:28:00,19,0,0,0,0.0,[],NORMAL
2015-06-02 08:24:00,2015-06-02 08:29:00,24,0,0,0,0.0,[],NORMAL
2015-06-02 08:25:00,2015-06-02 08:30:00,17,0,0,0,0.0,[],NORMAL
2015-06-02 08:26:00,2015-06-02 08:31:00,19,0,0,0,0.0,[],NORMAL
2015-06-02 08:27:00,2015-06-02 08:32:00,20,0,0,0,0.0,[],NORMAL
2015-06-02 08:28:00,2015-06-02 08:33:00,18,0,0,0,0.0,[],NORMAL
2015-06-02 08:29:00,2015-06-02 08:34:00,17,1,0,1,100.0,"[""374178""]",HIGH_RISK
2015-06-02 08:30:00,2015-06-02 08:35:00,20,1,0,1,100.0,"[""374178""]",HIGH_RISK
2015-06-02 08:31:00,2015-06-02 08:36:00,17,1,0,1,100.0,"[""374178""]",HIGH_RISK
2015-06-02 08:32:00,2015-06-02 08:37:00,17,1,0,1,100.0,"[""374178""]",HIGH_RISK
2015-06-02 08:33:00,2015-06-02 08:38:00,19,1,0,1,100.0,"[""374178""]",HIGH_RISK
2015-06-02 08:34:00,2015-06-02 08:39:00,15,0,0,0,0.0,[],NORMAL
2015-06-02 08:35:00,2015-06-02 08:40:00,15,0,0,0,0.0,[],NORMAL
2015-06-02 08:36:00,2015-06-02 08:41:00,12,0,0,0,0.0,[],NORMAL
2015-06-02 08:37:00,2015-06-02 08:42:00,14,0,0,0,0.0,[],NORMAL
2015-06-02 08:38:00,2015-06-02 08:43:00,12,0,0,0,0.0,[],NORMAL
2015-06-02 08:39:00,2015-06-02 08:44:00,12,0,0,0,0.0,[],NORMAL
2015-06-02 08:40:00,2015-06-02 08:45:00,11,0,0,0,0.0,[],NORMAL
2015-06-02 08:41:00,2015-06-02 08:46:00,15,0,0,0,0.0,[],NORMAL
2015-06-02 08:42:00,2015-06-02 08:47:00,10,0,0,0,0.0,[],NORMAL
2015-06-02 08:43:00,2015-06-02 08:48:00,10,0,0,0,0.0,[],NORMAL
2015-06-02 08:44:00,2015-06-02 08:49:00,12,0,0,0,0.0,[],NORMAL
2015-06-02 08:45:00,2015-06-02 08:50:00,14,0,0,0,0.0,[],NORMAL
2015-06-02 08:46:00,2015-06-02 08:51:00,10,0,0,0,0.0,[],NORMAL
2015-06-02 08:47:00,2015-06-02 08:52:00,10,0,0,0,0.0,[],NORMAL
2015-06-02 08:48:00,2015-06-02 08:53:00,10,0,0,0,0.0,[],NORMAL
2015-06-02 08:49:00,2015-06-02 08:54:00,10,1,0,1,100.0,"[""126929""]",HIGH_RISK
2015-06-02 08:50:00,2015-06-02 08:55:00,8,1,0,1,100.0,"[""126929""]",HIGH_RISK
2015-06-02 08:51:00,2015-06-02 08:56:00,9,1,0,1,100.0,"[""126929""]",HIGH_RISK
2015-06-02 08:52:00,2015-06-02 08:57:00,12,2,0,2,100.0,"[""126929"", ""170267""]",HIGH_RISK
2015-06-02 08:53:00,2015-06-02 08:58:00,14,2,0,2,100.0,"[""126929"", ""170267""]",HIGH_RISK
2015-06-02 08:54:00,2015-06-02 08:59:00,14,1,0,1,100.0,"[""170267""]",HIGH_RISK
2015-06-02 08:55:00,2015-06-02 09:00:00,13,1,0,1,100.0,"[""170267""]",HIGH_RISK
2015-06-02 08:56:00,2015-06-02 09:01:00,12,1,0,1,100.0,"[""170267""]",HIGH_RISK
2015-06-02 08:57:00,2015-06-02 09:02:00,9,0,0,0,0.0,[],NORMAL
2015-06-02 08:58:00,2015-06-02 09:03:00,8,0,0,0,0.0,[],NORMAL
2015-06-02 08:59:00,2015-06-02 09:04:00,7,0,0,0,0.0,[],NORMAL
2015-06-02 09:00:00,2015-06-02 09:05:00,7,0,0,0,0.0,[],NORMAL
2015-06-02 09:01:00,2015-06-02 09:06:00,9,0,0,0,0.0,[],NORMAL
2015-06-02 09:02:00,2015-06-02 09:07:00,12,0,0,0,0.0,[],NORMAL
2015-06-02 09:03:00,2015-06-02 09:08:00,13,0,0,0,0.0,[],NORMAL
2015-06-02 09:04:00,2015-06-02 09:09:00,10,0,0,0,0.0,[],NORMAL
2015-06-02 09:05:00,2015-06-02 09:10:00,13,0,0,0,0.0,[],NORMAL
2015-06-02 09:06:00,2015-06-02 09:11:00,13,0,0,0,0.0,[],NORMAL
2015-06-02 09:07:00,2015-06-02 09:12:00,11,0,0,0,0.0,[],NORMAL
2015-06-02 09:08:00,2015-06-02 09:13:00,9,0,0,0,0.0,[],NORMAL
2015-06-02 09:09:00,2015-06-02 09:14:00,11,0,0,0,0.0,[],NORMAL
2015-06-02 09:10:00,2015-06-02 09:15:00,8,0,0,0,0.0,[],NORMAL
2015-06-02 09:11:00,2015-06-02 09:16:00,8,0,0,0,0.0,[],NORMAL
2015-06-02 09:12:00,2015-06-02 09:17:00,9,0,0,0,0.0,[],NORMAL
2015-06-02 09:13:00,2015-06-02 09:18:00,10,0,0,0,0.0,[],NORMAL
2015-06-02 09:14:00,2015-06-02 09:19:00,10,0,0,0,0.0,[],NORMAL
2015-06-02 09:15:00,2015-06-02 09:20:00,10,0,0,0,0.0,[],NORMAL
2015-06-02 09:16:00,2015-06-02 09:21:00,9,0,0,0,0.0,[],NORMAL
2015-06-02 09:17:00,2015-06-02 09:22:00,7,0,0,0,0.0,[],NORMAL
2015-06-02 09:18:00,2015-06-02 09:23:00,7,0,0,0,0.0,[],NORMAL
2015-06-02 09:19:00,2015-06-02 09:24:00,7,0,0,0,0.0,[],NORMAL
2015-06-02 09:20:00,2015-06-02 09:25:00,10,1,0,1,100.0,"[""365533""]",HIGH_RISK
2015-06-02 09:21:00,2015-06-02 09:26:00,15,1,0,1,100.0,"[""365533""]",HIGH_RISK
2015-06-02 09:22:00,2015-06-02 09:27:00,15,1,0,1,100.0,"[""365533""]",HIGH_RISK
2015-06-02 09:23:00,2015-06-02 09:28:00,15,2,0,2,100.0,"[""365533"", ""432861""]",HIGH_RISK
2015-06-02 09:24:00,2015-06-02 09:29:00,18,2,0,2,100.0,"[""365533"", ""432861""]",HIGH_RISK
2015-06-02 09:25:00,2015-06-02 09:30:00,18,2,0,2,100.0,"[""432861"", ""453646""]",HIGH_RISK
2015-06-02 09:26:00,2015-06-02 09:31:00,21,3,0,3,100.0,"[""432861"", ""453646"", ""393978""]",HIGH_RISK
2015-06-02 09:27:00,2015-06-02 09:32:00,23,3,0,3,100.0,"[""432861"", ""453646"", ""393978""]",HIGH_RISK
2015-06-02 09:28:00,2015-06-02 09:33:00,24,2,0,2,100.0,"[""453646"", ""393978""]",HIGH_RISK
2015-06-02 09:29:00,2015-06-02 09:34:00,21,2,0,2,100.0,"[""453646"", ""393978""]",HIGH_RISK
2015-06-02 09:30:00,2015-06-02 09:35:00,17,1,0,1,100.0,"[""393978""]",HIGH_RISK
2015-06-02 09:31:00,2015-06-02 09:36:00,9,0,0,0,0.0,[],NORMAL
2015-06-02 09:32:00,2015-06-02 09:37:00,8,0,0,0,0.0,[],NORMAL
2015-06-02 09:33:00,2015-06-02 09:38:00,7,0,0,0,0.0,[],NORMAL
2015-06-02 09:34:00,2015-06-02 09:39:00,8,0,0,0,0.0,[],NORMAL
2015-06-02 09:35:00,2015-06-02 09:40:00,9,0,0,0,0.0,[],NORMAL
2015-06-02 09:36:00,2015-06-02 09:41:00,8,0,0,0,0.0,[],NORMAL
2015-06-02 09:37:00,2015-06-02 09:42:00,10,2,0,1,100.0,"[""198934""]",HIGH_RISK
2015-06-02 09:38:00,2015-06-02 09:43:00,9,2,0,1,100.0,"[""198934""]",HIGH_RISK
2015-06-02 09:39:00,2015-06-02 09:44:00,7,2,0,1,100.0,"[""198934""]",HIGH_RISK
2015-06-02 09:40:00,2015-06-02 09:45:00,10,2,0,1,100.0,"[""198934""]",HIGH_RISK
2015-06-02 09:41:00,2015-06-02 09:46:00,11,2,0,1,100.0,"[""198934""]",HIGH_RISK
2015-06-02 09:42:00,2015-06-02 09:47:00,8,0,0,0,0.0,[],NORMAL
2015-06-02 09:43:00,2015-06-02 09:48:00,8,0,0,0,0.0,[],NORMAL
2015-06-02 09:44:00,2015-06-02 09:49:00,8,0,0,0,0.0,[],NORMAL
2015-06-02 09:45:00,2015-06-02 09:50:00,9,0,0,0,0.0,[],NORMAL
2015-06-02 09:46:00,2015-06-02 09:51:00,8,0,0,0,0.0,[],NORMAL
2015-06-02 09:47:00,2015-06-02 09:52:00,9,0,0,0,0.0,[],NORMAL
2015-06-02 09:48:00,2015-06-02 09:53:00,9,0,0,0,0.0,[],NORMAL
2015-06-02 09:49:00,2015-06-02 09:54:00,10,0,0,0,0.0,[],NORMAL
2015-06-02 09:50:00,2015-06-02 09:55:00,10,0,0,0,0.0,[],NORMAL
2015-06-02 09:51:00,2015-06-02 09:56:00,12,0,0,0,0.0,[],NORMAL
2015-06-02 09:52:00,2015-06-02 09:57:00,13,1,0,1,100.0,"[""167501""]",HIGH_RISK
2015-06-02 09:53:00,2015-06-02 09:58:00,13,1,0,1,100.0,"[""167501""]",HIGH_RISK
2015-06-02 09:54:00,2015-06-02 09:59:00,11,1,0,1,100.0,"[""167501""]",HIGH_RISK
2015-06-02 09:55:00,2015-06-02 10:00:00,8,1,0,1,100.0,"[""167501""]",HIGH_RISK
2015-06-02 09:56:00,2015-06-02 10:01:00,7,1,0,1,100.0,"[""167501""]",HIGH_RISK
2015-06-02 09:57:00,2015-06-02 10:02:00,5,0,0,0,0.0,[],NORMAL
2015-06-02 09:58:00,2015-06-02 10:03:00,8,0,0,0,0.0,[],NORMAL
2015-06-02 09:59:00,2015-06-02 10:04:00,10,0,0,0,0.0,[],NORMAL
2015-06-02 10:00:00,2015-06-02 10:05:00,11,0,0,0,0.0,[],NORMAL
2015-06-02 10:01:00,2015-06-02 10:06:00,13,0,0,0,0.0,[],NORMAL
2015-06-02 10:02:00,2015-06-02 10:07:00,15,0,0,0,0.0,[],NORMAL
2015-06-02 10:03:00,2015-06-02 10:08:00,14,0,0,0,0.0,[],NORMAL
2015-06-02 10:04:00,2015-06-02 10:09:00,12,0,0,0,0.0,[],NORMAL
2015-06-02 10:05:00,2015-06-02 10:10:00,11,0,0,0,0.0,[],NORMAL
2015-06-02 10:06:00,2015-06-02 10:11:00,11,0,0,0,0.0,[],NORMAL
2015-06-02 10:07:00,2015-06-02 10:12:00,13,0,0,0,0.0,[],NORMAL
2015-06-02 10:08:00,2015-06-02 10:13:00,14,0,0,0,0.0,[],NORMAL
2015-06-02 10:09:00,2015-06-02 10:14:00,20,0,0,0,0.0,[],NORMAL
2015-06-02 10:10:00,2015-06-02 10:15:00,18,0,0,0,0.0,[],NORMAL
2015-06-02 10:11:00,2015-06-02 10:16:00,17,0,0,0,0.0,[],NORMAL
2015-06-02 10:12:00,2015-06-02 10:17:00,12,0,0,0,0.0,[],NORMAL
2015-06-02 10:13:00,2015-06-02 10:18:00,8,0,0,0,0.0,[],NORMAL
2015-06-02 10:14:00,2015-06-02 10:19:00,3,0,0,0,0.0,[],NORMAL
2015-06-02 10:15:00,2015-06-02 10:20:00,4,0,0,0,0.0,[],NORMAL
2015-06-02 10:16:00,2015-06-02 10:21:00,4,0,0,0,0.0,[],NORMAL
2015-06-02 10:17:00,2015-06-02 10:22:00,5,0,0,0,0.0,[],NORMAL
2015-06-02 10:18:00,2015-06-02 10:23:00,6,0,0,0,0.0,[],NORMAL
2015-06-02 10:19:00,2015-06-02 10:24:00,6,0,0,0,0.0,[],NORMAL
2015-06-02 10:20:00,2015-06-02 10:25:00,6,0,0,0,0.0,[],NORMAL
2015-06-02 10:21:00,2015-06-02 10:26:00,5,0,0,0,0.0,[],NORMAL
2015-06-02 10:22:00,2015-06-02 10:27:00,4,0,0,0,0.0,[],NORMAL
2015-06-02 10:23:00,2015-06-02 10:28:00,3,0,0,0,0.0,[],NORMAL
2015-06-02 10:24:00,2015-06-02 10:29:00,3,0,0,0,0.0,[],NORMAL
2015-06-02 10:25:00,2015-06-02 10:30:00,3,0,0,0,0.0,[],NORMAL
2015-06-02 10:26:00,2015-06-02 10:31:00,3,0,0,0,0.0,[],NORMAL
2015-06-02 10:27:00,2015-06-02 10:32:00,5,0,0,0,0.0,[],NORMAL
2015-06-02 10:28:00,2015-06-02 10:33:00,6,0,0,0,0.0,[],NORMAL
2015-06-02 10:29:00,2015-06-02 10:34:00,5,0,0,0,0.0,[],NORMAL
2015-06-02 10:30:00,2015-06-02 10:35:00,6,0,0,0,0.0,[],NORMAL
2015-06-02 10:31:00,2015-06-02 10:36:00,9,0,0,0,0.0,[],NORMAL
2015-06-02 10:32:00,2015-06-02 10:37:00,7,0,0,0,0.0,[],NORMAL
2015-06-02 10:33:00,2015-06-02 10:38:00,7,0,0,0,0.0,[],NORMAL
2015-06-02 10:34:00,2015-06-02 10:39:00,9,0,0,0,0.0,[],NORMAL
2015-06-02 10:35:00,2015-06-02 10:40:00,10,0,0,0,0.0,[],NORMAL
2015-06-02 10:36:00,2015-06-02 10:41:00,9,0,0,0,0.0,[],NORMAL
2015-06-02 10:37:00,2015-06-02 10:42:00,14,0,0,0,0.0,[],NORMAL
2015-06-02 10:38:00,2015-06-02 10:43:00,14,0,0,0,0.0,[],NORMAL
2015-06-02 10:39:00,2015-06-02 10:44:00,13,0,0,0,0.0,[],NORMAL
2015-06-02 10:40:00,2015-06-02 10:45:00,12,0,0,0,0.0,[],NORMAL
2015-06-02 10:41:00,2015-06-02 10:46:00,12,0,0,0,0.0,[],NORMAL
2015-06-02 10:42:00,2015-06-02 10:47:00,8,0,0,0,0.0,[],NORMAL
2015-06-02 10:43:00,2015-06-02 10:48:00,9,0,0,0,0.0,[],NORMAL
2015-06-02 10:44:00,2015-06-02 10:49:00,12,0,0,0,0.0,[],NORMAL
2015-06-02 10:45:00,2015-06-02 10:50:00,16,0,0,0,0.0,[],NORMAL
2015-06-02 10:46:00,2015-06-02 10:51:00,15,0,0,0,0.0,[],NORMAL
2015-06-02 10:47:00,2015-06-02 10:52:00,17,0,0,0,0.0,[],NORMAL
2015-06-02 10:48:00,2015-06-02 10:53:00,19,0,0,0,0.0,[],NORMAL
2015-06-02 10:49:00,2015-06-02 10:54:00,21,0,0,0,0.0,[],NORMAL
2015-06-02 10:50:00,2015-06-02 10:55:00,19,0,0,0,0.0,[],NORMAL
2015-06-02 10:51:00,2015-06-02 10:56:00,20,0,0,0,0.0,[],NORMAL
2015-06-02 10:52:00,2015-06-02 10:57:00,22,1,0,1,100.0,"[""25688""]",HIGH_RISK
2015-06-02 10:53:00,2015-06-02 10:58:00,22,1,0,1,100.0,"[""25688""]",HIGH_RISK
2015-06-02 10:54:00,2015-06-02 10:59:00,20,1,0,1,100.0,"[""25688""]",HIGH_RISK
2015-06-02 10:55:00,2015-06-02 11:00:00,17,1,0,1,100.0,"[""25688""]",HIGH_RISK
2015-06-02 10:56:00,2015-06-02 11:01:00,14,1,0,1,100.0,"[""25688""]",HIGH_RISK
2015-06-02 10:57:00,2015-06-02 11:02:00,13,0,2,0,0.0,[],NORMAL
2015-06-02 10:58:00,2015-06-02 11:03:00,11,0,2,0,0.0,[],NORMAL
2015-06-02 10:59:00,2015-06-02 11:04:00,9,0,2,0,0.0,[],NORMAL
2015-06-02 11:00:00,2015-06-02 11:05:00,10,0,2,0,0.0,[],NORMAL
2015-06-02 11:01:00,2015-06-02 11:06:00,12,0,2,0,0.0,[],NORMAL
2015-06-02 11:02:00,2015-06-02 11:07:00,13,0,0,0,0.0,[],NORMAL
2015-06-02 11:03:00,2015-06-02 11:08:00,11,0,0,0,0.0,[],NORMAL
2015-06-02 11:04:00,2015-06-02 11:09:00,10,0,0,0,0.0,[],NORMAL
2015-06-02 11:05:00,2015-06-02 11:10:00,10,0,0,0,0.0,[],NORMAL
2015-06-02 11:06:00,2015-06-02 11:11:00,11,0,0,0,0.0,[],NORMAL
2015-06-02 11:07:00,2015-06-02 11:12:00,7,1,0,1,100.0,"[""261886""]",HIGH_RISK
2015-06-02 11:08:00,2015-06-02 11:13:00,8,1,0,1,100.0,"[""261886""]",HIGH_RISK
2015-06-02 11:09:00,2015-06-02 11:14:00,10,1,1,0,0.0,[],NORMAL
2015-06-02 11:10:00,2015-06-02 11:15:00,13,1,1,0,0.0,[],NORMAL
2015-06-02 11:11:00,2015-06-02 11:16:00,15,1,1,0,0.0,[],NORMAL
2015-06-02 11:12:00,2015-06-02 11:17:00,16,0,1,0,0.0,[],NORMAL
2015-06-02 11:13:00,2015-06-02 11:18:00,17,0,1,0,0.0,[],NORMAL
2015-06-02 11:14:00,2015-06-02 11:19:00,15,0,0,0,0.0,[],NORMAL
2015-06-02 11:15:00,2015-06-02 11:20:00,12,0,0,0,0.0,[],NORMAL
2015-06-02 11:16:00,2015-06-02 11:21:00,9,0,0,0,0.0,[],NORMAL
2015-06-02 11:17:00,2015-06-02 11:22:00,10,0,0,0,0.0,[],NORMAL
2015-06-02 11:18:00,2015-06-02 11:23:00,14,0,0,0,0.0,[],NORMAL
2015-06-02 11:19:00,2015-06-02 11:24:00,19,2,0,2,100.0,"[""19269"", ""261886""]",HIGH_RISK
2015-06-02 11:20:00,2015-06-02 11:25:00,21,2,2,0,0.0,[],NORMAL
2015-06-02 11:21:00,2015-06-02 11:26:00,22,2,2,0,0.0,[],NORMAL
2015-06-02 11:22:00,2015-06-02 11:27:00,23,2,2,0,0.0,[],NORMAL
2015-06-02 11:23:00,2015-06-02 11:28:00,22,2,2,0,0.0,[],NORMAL
2015-06-02 11:24:00,2015-06-02 11:29:00,20,0,2,0,0.0,[],NORMAL
2015-06-02 11:25:00,2015-06-02 11:30:00,21,0,0,0,0.0,[],NORMAL
2015-06-02 11:26:00,2015-06-02 11:31:00,20,0,0,0,0.0,[],NORMAL
2015-06-02 11:27:00,2015-06-02 11:32:00,17,0,0,0,0.0,[],NORMAL
2015-06-02 11:28:00,2015-06-02 11:33:00,14,0,0,0,0.0,[],NORMAL
2015-06-02 11:29:00,2015-06-02 11:34:00,13,0,0,0,0.0,[],NORMAL
2015-06-02 11:30:00,2015-06-02 11:35:00,9,0,0,0,0.0,[],NORMAL
2015-06-02 11:31:00,2015-06-02 11:36:00,9,0,0,0,0.0,[],NORMAL
2015-06-02 11:32:00,2015-06-02 11:37:00,9,0,0,0,0.0,[],NORMAL
2015-06-02 11:33:00,2015-06-02 11:38:00,11,0,0,0,0.0,[],NORMAL
2015-06-02 11:34:00,2015-06-02 11:39:00,11,1,0,1,100.0,"[""193554""]",HIGH_RISK
2015-06-02 11:35:00,2015-06-02 11:40:00,13,1,0,1,100.0,"[""193554""]",HIGH_RISK
2015-06-02 11:36:00,2015-06-02 11:41:00,12,1,0,1,100.0,"[""193554""]",HIGH_RISK
2015-06-02 11:37:00,2015-06-02 11:42:00,13,2,0,2,100.0,"[""193554"", ""157438""]",HIGH_RISK
2015-06-02 11:38:00,2015-06-02 11:43:00,15,2,0,2,100.0,"[""193554"", ""157438""]",HIGH_RISK
2015-06-02 11:39:00,2015-06-02 11:44:00,16,2,0,2,100.0,"[""157438"", ""73282""]",HIGH_RISK
2015-06-02 11:40:00,2015-06-02 11:45:00,15,3,0,3,100.0,"[""157438"", ""73282"", ""250618""]",HIGH_RISK
2015-06-02 11:41:00,2015-06-02 11:46:00,16,3,0,3,100.0,"[""157438"", ""73282"", ""250618""]",HIGH_RISK
2015-06-02 11:42:00,2015-06-02 11:47:00,16,2,0,2,100.0,"[""73282"", ""250618""]",HIGH_RISK
2015-06-02 11:43:00,2015-06-02 11:48:00,13,2,0,2,100.0,"[""73282"", ""250618""]",HIGH_RISK
2015-06-02 11:44:00,2015-06-02 11:49:00,9,1,0,1,100.0,"[""250618""]",HIGH_RISK
2015-06-02 11:45:00,2015-06-02 11:50:00,10,1,0,1,100.0,"[""272563""]",HIGH_RISK
2015-06-02 11:46:00,2015-06-02 11:51:00,11,1,1,1,100.0,"[""272563""]",HIGH_RISK
2015-06-02 11:47:00,2015-06-02 11:52:00,11,1,2,0,0.0,[],NORMAL
2015-06-02 11:48:00,2015-06-02 11:53:00,11,1,2,0,0.0,[],NORMAL
2015-06-02 11:49:00,2015-06-02 11:54:00,14,1,2,0,0.0,[],NORMAL
2015-06-02 11:50:00,2015-06-02 11:55:00,11,0,2,0,0.0,[],NORMAL
2015-06-02 11:51:00,2015-06-02 11:56:00,10,0,1,0,0.0,[],NORMAL
2015-06-02 11:52:00,2015-06-02 11:57:00,8,0,0,0,0.0,[],NORMAL
2015-06-02 11:53:00,2015-06-02 11:58:00,7,0,0,0,0.0,[],NORMAL
2015-06-02 11:54:00,2015-06-02 11:59:00,11,0,0,0,0.0,[],NORMAL
2015-06-02 11:55:00,2015-06-02 12:00:00,13,0,0,0,0.0,[],NORMAL
2015-06-02 11:56:00,2015-06-02 12:01:00,13,0,0,0,0.0,[],NORMAL
2015-06-02 11:57:00,2015-06-02 12:02:00,16,0,0,0,0.0,[],NORMAL
2015-06-02 11:58:00,2015-06-02 12:03:00,17,0,0,0,0.0,[],NORMAL
2015-06-02 11:59:00,2015-06-02 12:04:00,15,0,0,0,0.0,[],NORMAL
2015-06-02 12:00:00,2015-06-02 12:05:00,15,0,0,0,0.0,[],NORMAL
2015-06-02 12:01:00,2015-06-02 12:06:00,17,0,0,0,0.0,[],NORMAL
2015-06-02 12:02:00,2015-06-02 12:07:00,16,0,0,0,0.0,[],NORMAL
2015-06-02 12:03:00,2015-06-02 12:08:00,15,0,0,0,0.0,[],NORMAL
2015-06-02 12:04:00,2015-06-02 12:09:00,13,0,0,0,0.0,[],NORMAL
2015-06-02 12:05:00,2015-06-02 12:10:00,15,0,0,0,0.0,[],NORMAL
2015-06-02 12:06:00,2015-06-02 12:11:00,13,0,0,0,0.0,[],NORMAL
2015-06-02 12:07:00,2015-06-02 12:12:00,16,0,0,0,0.0,[],NORMAL
2015-06-02 12:08:00,2015-06-02 12:13:00,18,0,0,0,0.0,[],NORMAL
2015-06-02 12:09:00,2015-06-02 12:14:00,17,0,0,0,0.0,[],NORMAL
2015-06-02 12:10:00,2015-06-02 12:15:00,13,0,0,0,0.0,[],NORMAL
2015-06-02 12:11:00,2015-06-02 12:16:00,12,0,0,0,0.0,[],NORMAL
2015-06-02 12:12:00,2015-06-02 12:17:00,12,0,0,0,0.0,[],NORMAL
2015-06-02 12:13:00,2015-06-02 12:18:00,10,0,0,0,0.0,[],NORMAL
2015-06-02 12:14:00,2015-06-02 12:19:00,12,0,0,0,0.0,[],NORMAL
2015-06-02 12:15:00,2015-06-02 12:20:00,17,0,0,0,0.0,[],NORMAL
2015-06-02 12:16:00,2015-06-02 12:21:00,17,0,0,0,0.0,[],NORMAL
2015-06-02 12:17:00,2015-06-02 12:22:00,13,0,0,0,0.0,[],NORMAL
2015-06-02 12:18:00,2015-06-02 12:23:00,14,0,0,0,0.0,[],NORMAL
2015-06-02 12:19:00,2015-06-02 12:24:00,14,0,0,0,0.0,[],NORMAL
2015-06-02 12:20:00,2015-06-02 12:25:00,15,0,0,0,0.0,[],NORMAL
2015-06-02 12:21:00,2015-06-02 12:26:00,21,0,0,0,0.0,[],NORMAL
2015-06-02 12:22:00,2015-06-02 12:27:00,26,0,0,0,0.0,[],NORMAL
2015-06-02 12:23:00,2015-06-02 12:28:00,25,0,0,0,0.0,[],NORMAL
2015-06-02 12:24:00,2015-06-02 12:29:00,24,0,0,0,0.0,[],NORMAL
2015-06-02 12:25:00,2015-06-02 12:30:00,22,0,0,0,0.0,[],NORMAL
2015-06-02 12:26:00,2015-06-02 12:31:00,16,0,0,0,0.0,[],NORMAL
2015-06-02 12:27:00,2015-06-02 12:32:00,12,0,0,0,0.0,[],NORMAL
2015-06-02 12:28:00,2015-06-02 12:33:00,16,0,0,0,0.0,[],NORMAL
2015-06-02 12:29:00,2015-06-02 12:34:00,17,0,0,0,0.0,[],NORMAL
2015-06-02 12:30:00,2015-06-02 12:35:00,18,0,0,0,0.0,[],NORMAL
2015-06-02 12:31:00,2015-06-02 12:36:00,21,0,0,0,0.0,[],NORMAL
2015-06-02 12:32:00,2015-06-02 12:37:00,21,0,0,0,0.0,[],NORMAL
2015-06-02 12:33:00,2015-06-02 12:38:00,19,0,0,0,0.0,[],NORMAL
2015-06-02 12:34:00,2015-06-02 12:39:00,19,0,0,0,0.0,[],NORMAL
2015-06-02 12:35:00,2015-06-02 12:40:00,20,0,0,0,0.0,[],NORMAL
2015-06-02 12:36:00,2015-06-02 12:41:00,22,0,0,0,0.0,[],NORMAL
2015-06-02 12:37:00,2015-06-02 12:42:00,25,0,0,0,0.0,[],NORMAL
2015-06-02 12:38:00,2015-06-02 12:43:00,28,0,0,0,0.0,[],NORMAL
2015-06-02 12:39:00,2015-06-02 12:44:00,27,0,0,0,0.0,[],NORMAL
2015-06-02 12:40:00,2015-06-02 12:45:00,26,0,0,0,0.0,[],NORMAL
2015-06-02 12:41:00,2015-06-02 12:46:00,23,0,0,0,0.0,[],NORMAL
2015-06-02 12:42:00,2015-06-02 12:47:00,20,0,0,0,0.0,[],NORMAL
2015-06-02 12:43:00,2015-06-02 12:48:00,14,0,0,0,0.0,[],NORMAL
2015-06-02 12:44:00,2015-06-02 12:49:00,15,0,0,0,0.0,[],NORMAL
2015-06-02 12:45:00,2015-06-02 12:50:00,11,0,0,0,0.0,[],NORMAL
2015-06-02 12:46:00,2015-06-02 12:51:00,10,0,0,0,0.0,[],NORMAL
2015-06-02 12:47:00,2015-06-02 12:52:00,12,0,0,0,0.0,[],NORMAL
2015-06-02 12:48:00,2015-06-02 12:53:00,15,0,0,0,0.0,[],NORMAL
2015-06-02 12:49:00,2015-06-02 12:54:00,14,0,0,0,0.0,[],NORMAL
2015-06-02 12:50:00,2015-06-02 12:55:00,20,0,0,0,0.0,[],NORMAL
2015-06-02 12:51:00,2015-06-02 12:56:00,25,0,0,0,0.0,[],NORMAL
2015-06-02 12:52:00,2015-06-02 12:57:00,28,1,0,1,100.0,"[""428040""]",HIGH_RISK
2015-06-02 12:53:00,2015-06-02 12:58:00,30,3,0,3,100.0,"[""428040"", ""442837"", ""234255""]",HIGH_RISK
2015-06-02 12:54:00,2015-06-02 12:59:00,37,5,0,5,100.0,"[""428040"", ""442837"", ""234255"", ""24855"", ""319723""]",HIGH_RISK
2015-06-02 12:55:00,2015-06-02 13:00:00,35,6,0,6,100.0,"[""428040"", ""442837"", ""234255"", ""24855"", ""319723""]",HIGH_RISK
2015-06-02 12:56:00,2015-06-02 13:01:00,34,6,0,6,100.0,"[""428040"", ""442837"", ""234255"", ""24855"", ""319723""]",HIGH_RISK
2015-06-02 12:57:00,2015-06-02 13:02:00,31,5,0,5,100.0,"[""442837"", ""234255"", ""24855"", ""319723"", ""327083""]",HIGH_RISK
2015-06-02 12:58:00,2015-06-02 13:03:00,36,3,0,3,100.0,"[""24855"", ""319723"", ""327083""]",HIGH_RISK
2015-06-02 12:59:00,2015-06-02 13:04:00,34,2,0,2,100.0,"[""327083"", ""217840""]",HIGH_RISK
2015-06-02 13:00:00,2015-06-02 13:05:00,36,1,0,1,100.0,"[""217840""]",HIGH_RISK
2015-06-02 13:01:00,2015-06-02 13:06:00,35,1,0,1,100.0,"[""217840""]",HIGH_RISK
2015-06-02 13:02:00,2015-06-02 13:07:00,36,2,1,1,50.0,"[""386092""]",NORMAL
2015-06-02 13:03:00,2015-06-02 13:08:00,33,2,1,1,50.0,"[""386092""]",NORMAL
2015-06-02 13:04:00,2015-06-02 13:09:00,31,1,1,1,100.0,"[""386092""]",HIGH_RISK
2015-06-02 13:05:00,2015-06-02 13:10:00,29,1,1,1,100.0,"[""386092""]",HIGH_RISK
2015-06-02 13:06:00,2015-06-02 13:11:00,31,1,1,1,100.0,"[""386092""]",HIGH_RISK
2015-06-02 13:07:00,2015-06-02 13:12:00,33,0,0,0,0.0,[],NORMAL
2015-06-02 13:08:00,2015-06-02 13:13:00,32,0,0,0,0.0,[],NORMAL
2015-06-02 13:09:00,2015-06-02 13:14:00,34,0,0,0,0.0,[],NORMAL
2015-06-02 13:10:00,2015-06-02 13:15:00,35,0,0,0,0.0,[],NORMAL
2015-06-02 13:11:00,2015-06-02 13:16:00,31,0,0,0,0.0,[],NORMAL
2015-06-02 13:12:00,2015-06-02 13:17:00,26,0,0,0,0.0,[],NORMAL
2015-06-02 13:13:00,2015-06-02 13:18:00,24,0,0,0,0.0,[],NORMAL
2015-06-02 13:14:00,2015-06-02 13:19:00,20,0,0,0,0.0,[],NORMAL
2015-06-02 13:15:00,2015-06-02 13:20:00,20,0,0,0,0.0,[],NORMAL
2015-06-02 13:16:00,2015-06-02 13:21:00,22,1,0,1,100.0,"[""357585""]",HIGH_RISK
2015-06-02 13:17:00,2015-06-02 13:22:00,20,1,0,1,100.0,"[""357585""]",HIGH_RISK
2015-06-02 13:18:00,2015-06-02 13:23:00,22,1,0,1,100.0,"[""357585""]",HIGH_RISK
2015-06-02 13:19:00,2015-06-02 13:24:00,28,1,0,1,100.0,"[""357585""]",HIGH_RISK
2015-06-02 13:20:00,2015-06-02 13:25:00,31,1,0,1,100.0,"[""357585""]",HIGH_RISK
2015-06-02 13:21:00,2015-06-02 13:26:00,35,0,0,0,0.0,[],NORMAL
2015-06-02 13:22:00,2015-06-02 13:27:00,43,0,0,0,0.0,[],NORMAL
2015-06-02 13:23:00,2015-06-02 13:28:00,47,0,0,0,0.0,[],NORMAL
2015-06-02 13:24:00,2015-06-02 13:29:00,51,0,0,0,0.0,[],NORMAL
2015-06-02 13:25:00,2015-06-02 13:30:00,49,1,0,1,100.0,"[""334709""]",HIGH_RISK
2015-06-02 13:26:00,2015-06-02 13:31:00,50,2,0,2,100.0,"[""334709"", ""273747""]",HIGH_RISK
2015-06-02 13:27:00,2015-06-02 13:32:00,53,2,0,2,100.0,"[""334709"", ""273747""]",HIGH_RISK
2015-06-02 13:28:00,2015-06-02 13:33:00,53,2,0,2,100.0,"[""334709"", ""273747""]",HIGH_RISK
2015-06-02 13:29:00,2015-06-02 13:34:00,51,2,0,2,100.0,"[""334709"", ""273747""]",HIGH_RISK
2015-06-02 13:30:00,2015-06-02 13:35:00,56,1,0,1,100.0,"[""273747""]",HIGH_RISK
2015-06-02 13:31:00,2015-06-02 13:36:00,56,0,0,0,0.0,[],NORMAL
2015-06-02 13:32:00,2015-06-02 13:37:00,56,1,0,1,100.0,"[""160272""]",HIGH_RISK
2015-06-02 13:33:00,2015-06-02 13:38:00,54,1,0,1,100.0,"[""160272""]",HIGH_RISK
2015-06-02 13:34:00,2015-06-02 13:39:00,53,2,0,2,100.0,"[""160272"", ""63935""]",HIGH_RISK
2015-06-02 13:35:00,2015-06-02 13:40:00,47,3,0,3,100.0,"[""160272"", ""63935"", ""133431""]",HIGH_RISK
2015-06-02 13:36:00,2015-06-02 13:41:00,49,4,0,4,100.0,"[""160272"", ""63935"", ""133431"", ""60828""]",HIGH_RISK
2015-06-02 13:37:00,2015-06-02 13:42:00,49,5,0,5,100.0,"[""63935"", ""133431"", ""60828"", ""68541"", ""158833""]",HIGH_RISK
2015-06-02 13:38:00,2015-06-02 13:43:00,51,7,0,7,100.0,"[""63935"", ""133431"", ""60828"", ""68541"", ""158833""]",HIGH_RISK
2015-06-02 13:39:00,2015-06-02 13:44:00,45,6,0,6,100.0,"[""133431"", ""60828"", ""68541"", ""158833"", ""37184""]",HIGH_RISK
2015-06-02 13:40:00,2015-06-02 13:45:00,50,6,0,6,100.0,"[""60828"", ""68541"", ""158833"", ""37184"", ""423828""]",HIGH_RISK
2015-06-02 13:41:00,2015-06-02 13:46:00,57,5,0,5,100.0,"[""68541"", ""158833"", ""37184"", ""423828"", ""424635""]",HIGH_RISK
2015-06-02 13:42:00,2015-06-02 13:47:00,56,4,0,4,100.0,"[""37184"", ""423828"", ""424635"", ""315939""]",HIGH_RISK
2015-06-02 13:43:00,2015-06-02 13:48:00,53,2,0,2,100.0,"[""424635"", ""315939""]",HIGH_RISK
2015-06-02 13:44:00,2015-06-02 13:49:00,54,2,0,2,100.0,"[""424635"", ""315939""]",HIGH_RISK
2015-06-02 13:45:00,2015-06-02 13:50:00,53,1,0,1,100.0,"[""315939""]",HIGH_RISK
2015-06-02 13:46:00,2015-06-02 13:51:00,43,1,0,1,100.0,"[""315939""]",HIGH_RISK
2015-06-02 13:47:00,2015-06-02 13:52:00,37,0,0,0,0.0,[],NORMAL
2015-06-02 13:48:00,2015-06-02 13:53:00,35,0,0,0,0.0,[],NORMAL
2015-06-02 13:49:00,2015-06-02 13:54:00,43,1,0,1,100.0,"[""324209""]",HIGH_RISK
2015-06-02 13:50:00,2015-06-02 13:55:00,47,1,0,1,100.0,"[""324209""]",HIGH_RISK
2015-06-02 13:51:00,2015-06-02 13:56:00,43,1,0,1,100.0,"[""324209""]",HIGH_RISK
2015-06-02 13:52:00,2015-06-02 13:57:00,44,1,0,1,100.0,"[""324209""]",HIGH_RISK
2015-06-02 13:53:00,2015-06-02 13:58:00,48,2,0,2,100.0,"[""324209"", ""7943""]",HIGH_RISK
2015-06-02 13:54:00,2015-06-02 13:59:00,39,1,0,1,100.0,"[""7943""]",HIGH_RISK
2015-06-02 13:55:00,2015-06-02 14:00:00,39,1,0,1,100.0,"[""7943""]",HIGH_RISK
2015-06-02 13:56:00,2015-06-02 14:01:00,47,1,0,1,100.0,"[""7943""]",HIGH_RISK
2015-06-02 13:57:00,2015-06-02 14:02:00,48,1,0,1,100.0,"[""7943""]",HIGH_RISK
2015-06-02 13:58:00,2015-06-02 14:03:00,44,0,0,0,0.0,[],NORMAL
2015-06-02 13:59:00,2015-06-02 14:04:00,50,2,0,2,100.0,"[""207993"", ""358598""]",HIGH_RISK
2015-06-02 14:00:00,2015-06-02 14:05:00,49,3,0,2,100.0,"[""207993"", ""358598""]",HIGH_RISK
2015-06-02 14:01:00,2015-06-02 14:06:00,44,4,0,3,100.0,"[""207993"", ""358598"", ""444190""]",HIGH_RISK
2015-06-02 14:02:00,2015-06-02 14:07:00,44,4,0,3,100.0,"[""207993"", ""358598"", ""444190""]",HIGH_RISK
2015-06-02 14:03:00,2015-06-02 14:08:00,47,4,0,3,100.0,"[""207993"", ""358598"", ""444190""]",HIGH_RISK
2015-06-02 14:04:00,2015-06-02 14:09:00,48,2,0,2,100.0,"[""358598"", ""444190""]",HIGH_RISK
2015-06-02 14:05:00,2015-06-02 14:10:00,48,1,0,1,100.0,"[""444190""]",HIGH_RISK
2015-06-02 14:06:00,2015-06-02 14:11:00,51,0,0,0,0.0,[],NORMAL
2015-06-02 14:07:00,2015-06-02 14:12:00,61,0,0,0,0.0,[],NORMAL
2015-06-02 14:08:00,2015-06-02 14:13:00,63,0,0,0,0.0,[],NORMAL
2015-06-02 14:09:00,2015-06-02 14:14:00,57,0,0,0,0.0,[],NORMAL
2015-06-02 14:10:00,2015-06-02 14:15:00,52,1,0,1,100.0,"[""266085""]",HIGH_RISK
2015-06-02 14:11:00,2015-06-02 14:16:00,48,1,0,1,100.0,"[""266085""]",HIGH_RISK
2015-06-02 14:12:00,2015-06-02 14:17:00,40,1,0,1,100.0,"[""266085""]",HIGH_RISK
2015-06-02 14:13:00,2015-06-02 14:18:00,46,1,0,1,100.0,"[""266085""]",HIGH_RISK
2015-06-02 14:14:00,2015-06-02 14:19:00,46,1,0,1,100.0,"[""266085""]",HIGH_RISK
2015-06-02 14:15:00,2015-06-02 14:20:00,49,0,0,0,0.0,[],NORMAL
2015-06-02 14:16:00,2015-06-02 14:21:00,50,0,0,0,0.0,[],NORMAL
2015-06-02 14:17:00,2015-06-02 14:22:00,59,0,0,0,0.0,[],NORMAL
2015-06-02 14:18:00,2015-06-02 14:23:00,50,1,0,1,100.0,"[""346655""]",HIGH_RISK
2015-06-02 14:19:00,2015-06-02 14:24:00,62,2,0,2,100.0,"[""346655"", ""234234""]",HIGH_RISK
2015-06-02 14:20:00,2015-06-02 14:25:00,64,2,0,2,100.0,"[""346655"", ""234234""]",HIGH_RISK
2015-06-02 14:21:00,2015-06-02 14:26:00,62,2,0,2,100.0,"[""346655"", ""234234""]",HIGH_RISK
2015-06-02 14:22:00,2015-06-02 14:27:00,59,2,0,2,100.0,"[""346655"", ""234234""]",HIGH_RISK
2015-06-02 14:23:00,2015-06-02 14:28:00,63,1,0,1,100.0,"[""234234""]",HIGH_RISK
2015-06-02 14:24:00,2015-06-02 14:29:00,57,0,0,0,0.0,[],NORMAL
2015-06-02 14:25:00,2015-06-02 14:30:00,51,0,0,0,0.0,[],NORMAL
2015-06-02 14:26:00,2015-06-02 14:31:00,68,1,1,1,100.0,"[""87533""]",HIGH_RISK
2015-06-02 14:27:00,2015-06-02 14:32:00,69,1,1,1,100.0,"[""87533""]",HIGH_RISK
2015-06-02 14:28:00,2015-06-02 14:33:00,71,1,1,1,100.0,"[""87533""]",HIGH_RISK
2015-06-02 14:29:00,2015-06-02 14:34:00,69,1,1,1,100.0,"[""87533""]",HIGH_RISK
2015-06-02 14:30:00,2015-06-02 14:35:00,71,1,1,1,100.0,"[""87533""]",HIGH_RISK
2015-06-02 14:31:00,2015-06-02 14:36:00,66,1,0,1,100.0,"[""204808""]",HIGH_RISK
2015-06-02 14:32:00,2015-06-02 14:37:00,64,1,0,1,100.0,"[""204808""]",HIGH_RISK
2015-06-02 14:33:00,2015-06-02 14:38:00,70,1,0,1,100.0,"[""204808""]",HIGH_RISK
2015-06-02 14:34:00,2015-06-02 14:39:00,74,1,0,1,100.0,"[""204808""]",HIGH_RISK
2015-06-02 14:35:00,2015-06-02 14:40:00,84,1,0,1,100.0,"[""204808""]",HIGH_RISK
2015-06-02 14:36:00,2015-06-02 14:41:00,73,0,0,0,0.0,[],NORMAL
2015-06-02 14:37:00,2015-06-02 14:42:00,82,0,0,0,0.0,[],NORMAL
2015-06-02 14:38:00,2015-06-02 14:43:00,77,2,0,2,100.0,"[""385091"", ""202825""]",HIGH_RISK
2015-06-02 14:39:00,2015-06-02 14:44:00,79,2,0,2,100.0,"[""385091"", ""202825""]",HIGH_RISK
2015-06-02 14:40:00,2015-06-02 14:45:00,71,2,0,2,100.0,"[""385091"", ""202825""]",HIGH_RISK
2015-06-02 14:41:00,2015-06-02 14:46:00,79,2,0,2,100.0,"[""385091"", ""202825""]",HIGH_RISK
2015-06-02 14:42:00,2015-06-02 14:47:00,76,2,0,2,100.0,"[""385091"", ""202825""]",HIGH_RISK
2015-06-02 14:43:00,2015-06-02 14:48:00,81,1,0,1,100.0,"[""91443""]",HIGH_RISK
2015-06-02 14:44:00,2015-06-02 14:49:00,77,1,0,1,100.0,"[""91443""]",HIGH_RISK
2015-06-02 14:45:00,2015-06-02 14:50:00,86,2,0,2,100.0,"[""91443"", ""384514""]",HIGH_RISK
2015-06-02 14:46:00,2015-06-02 14:51:00,84,2,0,2,100.0,"[""91443"", ""384514""]",HIGH_RISK
2015-06-02 14:47:00,2015-06-02 14:52:00,77,2,0,2,100.0,"[""91443"", ""384514""]",HIGH_RISK
2015-06-02 14:48:00,2015-06-02 14:53:00,73,1,0,1,100.0,"[""384514""]",HIGH_RISK
2015-06-02 14:49:00,2015-06-02 14:54:00,70,1,0,1,100.0,"[""384514""]",HIGH_RISK
2015-06-02 14:50:00,2015-06-02 14:55:00,69,0,0,0,0.0,[],NORMAL
2015-06-02 14:51:00,2015-06-02 14:56:00,73,0,0,0,0.0,[],NORMAL
2015-06-02 14:52:00,2015-06-02 14:57:00,82,0,0,0,0.0,[],NORMAL
2015-06-02 14:53:00,2015-06-02 14:58:00,81,0,0,0,0.0,[],NORMAL
2015-06-02 14:54:00,2015-06-02 14:59:00,87,1,0,1,100.0,"[""164884""]",HIGH_RISK
2015-06-02 14:55:00,2015-06-02 15:00:00,82,1,0,1,100.0,"[""164884""]",HIGH_RISK
2015-06-02 14:56:00,2015-06-02 15:01:00,82,1,0,1,100.0,"[""164884""]",HIGH_RISK
2015-06-02 14:57:00,2015-06-02 15:02:00,74,1,0,1,100.0,"[""164884""]",HIGH_RISK
2015-06-02 14:58:00,2015-06-02 15:03:00,71,1,0,1,100.0,"[""164884""]",HIGH_RISK
2015-06-02 14:59:00,2015-06-02 15:04:00,75,0,0,0,0.0,[],NORMAL
2015-06-02 15:00:00,2015-06-02 15:05:00,84,1,0,1,100.0,"[""105864""]",HIGH_RISK
2015-06-02 15:01:00,2015-06-02 15:06:00,83,1,0,1,100.0,"[""105864""]",HIGH_RISK
2015-06-02 15:02:00,2015-06-02 15:07:00,84,1,0,1,100.0,"[""105864""]",HIGH_RISK
2015-06-02 15:03:00,2015-06-02 15:08:00,86,1,0,1,100.0,"[""105864""]",HIGH_RISK
2015-06-02 15:04:00,2015-06-02 15:09:00,78,1,0,1,100.0,"[""105864""]",HIGH_RISK
2015-06-02 15:05:00,2015-06-02 15:10:00,67,0,0,0,0.0,[],NORMAL
2015-06-02 15:06:00,2015-06-02 15:11:00,65,0,0,0,0.0,[],NORMAL
2015-06-02 15:07:00,2015-06-02 15:12:00,67,1,0,1,100.0,"[""338214""]",HIGH_RISK
2015-06-02 15:08:00,2015-06-02 15:13:00,65,1,0,1,100.0,"[""338214""]",HIGH_RISK
2015-06-02 15:09:00,2015-06-02 15:14:00,70,2,0,2,100.0,"[""338214"", ""259359""]",HIGH_RISK
2015-06-02 15:10:00,2015-06-02 15:15:00,82,2,0,2,100.0,"[""338214"", ""259359""]",HIGH_RISK
2015-06-02 15:11:00,2015-06-02 15:16:00,80,2,0,2,100.0,"[""338214"", ""259359""]",HIGH_RISK
2015-06-02 15:12:00,2015-06-02 15:17:00,87,2,0,2,100.0,"[""259359"", ""241274""]",HIGH_RISK
2015-06-02 15:13:00,2015-06-02 15:18:00,94,4,0,4,100.0,"[""259359"", ""241274"", ""8611"", ""412486""]",HIGH_RISK
2015-06-02 15:14:00,2015-06-02 15:19:00,102,3,0,3,100.0,"[""241274"", ""8611"", ""412486""]",HIGH_RISK
2015-06-02 15:15:00,2015-06-02 15:20:00,85,3,0,3,100.0,"[""241274"", ""8611"", ""412486""]",HIGH_RISK
2015-06-02 15:16:00,2015-06-02 15:21:00,91,3,0,3,100.0,"[""241274"", ""8611"", ""412486""]",HIGH_RISK
2015-06-02 15:17:00,2015-06-02 15:22:00,94,2,0,2,100.0,"[""8611"", ""412486""]",HIGH_RISK
2015-06-02 15:18:00,2015-06-02 15:23:00,96,3,0,3,100.0,"[""427499"", ""417008"", ""255708""]",HIGH_RISK
2015-06-02 15:19:00,2015-06-02 15:24:00,91,3,0,3,100.0,"[""427499"", ""417008"", ""255708""]",HIGH_RISK
2015-06-02 15:20:00,2015-06-02 15:25:00,98,3,4,3,100.0,"[""427499"", ""417008"", ""255708""]",HIGH_RISK
2015-06-02 15:21:00,2015-06-02 15:26:00,94,3,4,3,100.0,"[""427499"", ""417008"", ""255708""]",HIGH_RISK
2015-06-02 15:22:00,2015-06-02 15:27:00,87,4,4,4,100.0,"[""427499"", ""417008"", ""255708"", ""216786""]",HIGH_RISK
2015-06-02 15:23:00,2015-06-02 15:28:00,92,1,6,1,100.0,"[""216786""]",HIGH_RISK
2015-06-02 15:24:00,2015-06-02 15:29:00,94,1,6,1,100.0,"[""216786""]",HIGH_RISK
2015-06-02 15:25:00,2015-06-02 15:30:00,102,1,3,1,100.0,"[""216786""]",HIGH_RISK
2015-06-02 15:26:00,2015-06-02 15:31:00,106,1,3,1,100.0,"[""216786""]",HIGH_RISK
2015-06-02 15:27:00,2015-06-02 15:32:00,116,0,3,0,0.0,[],NORMAL
2015-06-02 15:28:00,2015-06-02 15:33:00,106,0,1,0,0.0,[],NORMAL
2015-06-02 15:29:00,2015-06-02 15:34:00,103,0,1,0,0.0,[],NORMAL
2015-06-02 15:30:00,2015-06-02 15:35:00,98,1,0,1,100.0,"[""349537""]",HIGH_RISK
2015-06-02 15:31:00,2015-06-02 15:36:00,109,1,0,1,100.0,"[""349537""]",HIGH_RISK
2015-06-02 15:32:00,2015-06-02 15:37:00,110,1,0,1,100.0,"[""349537""]",HIGH_RISK
2015-06-02 15:33:00,2015-06-02 15:38:00,111,1,0,1,100.0,"[""349537""]",HIGH_RISK
2015-06-02 15:34:00,2015-06-02 15:39:00,117,3,0,3,100.0,"[""349537"", ""362851"", ""367790""]",HIGH_RISK
2015-06-02 15:35:00,2015-06-02 15:40:00,112,2,0,2,100.0,"[""362851"", ""367790""]",HIGH_RISK
2015-06-02 15:36:00,2015-06-02 15:41:00,103,3,0,3,100.0,"[""362851"", ""367790"", ""326449""]",HIGH_RISK
2015-06-02 15:37:00,2015-06-02 15:42:00,95,4,0,4,100.0,"[""362851"", ""367790"", ""326449"", ""382499""]",HIGH_RISK
2015-06-02 15:38:00,2015-06-02 15:43:00,98,5,0,5,100.0,"[""362851"", ""367790"", ""326449"", ""382499"", ""7943""]",HIGH_RISK
2015-06-02 15:39:00,2015-06-02 15:44:00,99,3,1,2,66.6667,"[""382499"", ""7943""]",HIGH_RISK
2015-06-02 15:40:00,2015-06-02 15:45:00,112,3,1,2,66.6667,"[""382499"", ""7943""]",HIGH_RISK
2015-06-02 15:41:00,2015-06-02 15:46:00,117,3,1,3,100.0,"[""382499"", ""7943"", ""216786""]",HIGH_RISK
2015-06-02 15:42:00,2015-06-02 15:47:00,117,2,1,2,100.0,"[""7943"", ""216786""]",HIGH_RISK
2015-06-02 15:43:00,2015-06-02 15:48:00,126,1,1,1,100.0,"[""216786""]",HIGH_RISK
2015-06-02 15:44:00,2015-06-02 15:49:00,127,1,3,1,100.0,"[""216786""]",HIGH_RISK
2015-06-02 15:45:00,2015-06-02 15:50:00,122,1,3,1,100.0,"[""216786""]",HIGH_RISK
2015-06-02 15:46:00,2015-06-02 15:51:00,128,0,3,0,0.0,[],NORMAL
2015-06-02 15:47:00,2015-06-02 15:52:00,128,0,6,0,0.0,[],NORMAL
2015-06-02 15:48:00,2015-06-02 15:53:00,117,0,6,0,0.0,[],NORMAL
2015-06-02 15:49:00,2015-06-02 15:54:00,107,0,3,0,0.0,[],NORMAL
2015-06-02 15:50:00,2015-06-02 15:55:00,103,0,3,0,0.0,[],NORMAL
2015-06-02 15:51:00,2015-06-02 15:56:00,90,0,3,0,0.0,[],NORMAL
2015-06-02 15:52:00,2015-06-02 15:57:00,95,1,0,1,100.0,"[""235771""]",HIGH_RISK
2015-06-02 15:53:00,2015-06-02 15:58:00,96,1,0,1,100.0,"[""235771""]",HIGH_RISK
2015-06-02 15:54:00,2015-06-02 15:59:00,106,1,0,1,100.0,"[""235771""]",HIGH_RISK
2015-06-02 15:55:00,2015-06-02 16:00:00,120,2,0,2,100.0,"[""235771"", ""235971""]",HIGH_RISK
2015-06-02 15:56:00,2015-06-02 16:01:00,127,5,0,2,100.0,"[""235771"", ""235971""]",HIGH_RISK
2015-06-02 15:57:00,2015-06-02 16:02:00,128,5,0,2,100.0,"[""235971"", ""451207""]",HIGH_RISK
2015-06-02 15:58:00,2015-06-02 16:03:00,131,6,0,3,100.0,"[""235971"", ""451207"", ""382499""]",HIGH_RISK
2015-06-02 15:59:00,2015-06-02 16:04:00,125,6,1,2,66.6667,"[""235971"", ""382499""]",HIGH_RISK
2015-06-02 16:00:00,2015-06-02 16:05:00,111,6,1,3,75.0,"[""235971"", ""382499"", ""166437""]",HIGH_RISK
2015-06-02 16:01:00,2015-06-02 16:06:00,100,3,2,1,33.3333,"[""166437""]",NORMAL
2015-06-02 16:02:00,2015-06-02 16:07:00,92,3,2,2,66.6667,"[""166437"", ""291921""]",HIGH_RISK
2015-06-02 16:03:00,2015-06-02 16:08:00,93,2,3,2,100.0,"[""166437"", ""291921""]",HIGH_RISK
2015-06-02 16:04:00,2015-06-02 16:09:00,99,4,3,4,100.0,"[""166437"", ""291921"", ""24855"", ""143643""]",HIGH_RISK
2015-06-02 16:05:00,2015-06-02 16:10:00,101,7,3,7,100.0,"[""291921"", ""24855"", ""143643"", ""119736"", ""29196""]",HIGH_RISK
2015-06-02 16:06:00,2015-06-02 16:11:00,104,7,2,7,100.0,"[""291921"", ""24855"", ""143643"", ""119736"", ""29196""]",HIGH_RISK
2015-06-02 16:07:00,2015-06-02 16:12:00,103,6,2,6,100.0,"[""24855"", ""143643"", ""119736"", ""29196"", ""312728""]",HIGH_RISK
2015-06-02 16:08:00,2015-06-02 16:13:00,92,6,1,6,100.0,"[""24855"", ""143643"", ""119736"", ""29196"", ""312728""]",HIGH_RISK
2015-06-02 16:09:00,2015-06-02 16:14:00,81,4,0,4,100.0,"[""119736"", ""29196"", ""312728"", ""335738""]",HIGH_RISK
2015-06-02 16:10:00,2015-06-02 16:15:00,80,0,0,0,0.0,[],NORMAL
2015-06-02 16:11:00,2015-06-02 16:16:00,82,0,0,0,0.0,[],NORMAL
2015-06-02 16:12:00,2015-06-02 16:17:00,88,0,0,0,0.0,[],NORMAL
2015-06-02 16:13:00,2015-06-02 16:18:00,92,1,0,1,100.0,"[""100393""]",HIGH_RISK
2015-06-02 16:14:00,2015-06-02 16:19:00,103,2,0,2,100.0,"[""100393"", ""46156""]",HIGH_RISK
2015-06-02 16:15:00,2015-06-02 16:20:00,113,2,0,2,100.0,"[""100393"", ""46156""]",HIGH_RISK
2015-06-02 16:16:00,2015-06-02 16:21:00,116,2,0,2,100.0,"[""100393"", ""46156""]",HIGH_RISK
2015-06-02 16:17:00,2015-06-02 16:22:00,115,2,2,0,0.0,[],NORMAL
2015-06-02 16:18:00,2015-06-02 16:23:00,117,1,2,0,0.0,[],NORMAL
2015-06-02 16:19:00,2015-06-02 16:24:00,125,0,2,0,0.0,[],NORMAL
2015-06-02 16:20:00,2015-06-02 16:25:00,115,1,2,1,100.0,"[""381653""]",HIGH_RISK
2015-06-02 16:21:00,2015-06-02 16:26:00,117,1,2,1,100.0,"[""381653""]",HIGH_RISK
2015-06-02 16:22:00,2015-06-02 16:27:00,112,1,0,1,100.0,"[""381653""]",HIGH_RISK
2015-06-02 16:23:00,2015-06-02 16:28:00,114,2,0,2,100.0,"[""381653"", ""130231""]",HIGH_RISK
2015-06-02 16:24:00,2015-06-02 16:29:00,102,2,0,2,100.0,"[""381653"", ""130231""]",HIGH_RISK
2015-06-02 16:25:00,2015-06-02 16:30:00,98,2,0,2,100.0,"[""130231"", ""319855""]",HIGH_RISK
2015-06-02 16:26:00,2015-06-02 16:31:00,107,2,1,1,50.0,"[""319855""]",NORMAL
2015-06-02 16:27:00,2015-06-02 16:32:00,107,3,1,2,66.6667,"[""319855"", ""362606""]",HIGH_RISK
2015-06-02 16:28:00,2015-06-02 16:33:00,112,3,1,3,100.0,"[""319855"", ""362606"", ""331159""]",HIGH_RISK
2015-06-02 16:29:00,2015-06-02 16:34:00,119,3,1,3,100.0,"[""319855"", ""362606"", ""331159""]",HIGH_RISK
2015-06-02 16:30:00,2015-06-02 16:35:00,128,3,2,2,66.6667,"[""331159"", ""316753""]",HIGH_RISK
2015-06-02 16:31:00,2015-06-02 16:36:00,125,3,9,1,33.3333,"[""316753""]",NORMAL
2015-06-02 16:32:00,2015-06-02 16:37:00,124,2,9,1,50.0,"[""316753""]",NORMAL
2015-06-02 16:33:00,2015-06-02 16:38:00,128,1,9,1,100.0,"[""316753""]",HIGH_RISK
2015-06-02 16:34:00,2015-06-02 16:39:00,119,1,9,1,100.0,"[""316753""]",HIGH_RISK
2015-06-02 16:35:00,2015-06-02 16:40:00,111,0,8,0,0.0,[],NORMAL
2015-06-02 16:36:00,2015-06-02 16:41:00,108,0,0,0,0.0,[],NORMAL
2015-06-02 16:37:00,2015-06-02 16:42:00,109,2,0,2,100.0,"[""243980"", ""276155""]",HIGH_RISK
2015-06-02 16:38:00,2015-06-02 16:43:00,102,3,0,3,100.0,"[""243980"", ""276155"", ""4887""]",HIGH_RISK
2015-06-02 16:39:00,2015-06-02 16:44:00,101,4,0,4,100.0,"[""243980"", ""276155"", ""4887"", ""402462""]",HIGH_RISK
2015-06-02 16:40:00,2015-06-02 16:45:00,106,5,0,5,100.0,"[""243980"", ""276155"", ""4887"", ""402462"", ""23626""]",HIGH_RISK
2015-06-02 16:41:00,2015-06-02 16:46:00,102,5,0,5,100.0,"[""243980"", ""276155"", ""4887"", ""402462"", ""23626""]",HIGH_RISK
2015-06-02 16:42:00,2015-06-02 16:47:00,98,4,1,4,100.0,"[""4887"", ""402462"", ""23626"", ""280422""]",HIGH_RISK
2015-06-02 16:43:00,2015-06-02 16:48:00,95,5,1,5,100.0,"[""402462"", ""23626"", ""280422"", ""7943"", ""367790""]",HIGH_RISK
2015-06-02 16:44:00,2015-06-02 16:49:00,100,5,1,5,100.0,"[""23626"", ""280422"", ""7943"", ""367790"", ""362851""]",HIGH_RISK
2015-06-02 16:45:00,2015-06-02 16:50:00,109,5,2,4,80.0,"[""280422"", ""367790"", ""362851"", ""309438""]",HIGH_RISK
2015-06-02 16:46:00,2015-06-02 16:51:00,111,5,2,4,80.0,"[""280422"", ""367790"", ""362851"", ""309438""]",HIGH_RISK
2015-06-02 16:47:00,2015-06-02 16:52:00,130,7,3,4,57.1429,"[""309438"", ""460553"", ""130371"", ""427499""]",NORMAL
2015-06-02 16:48:00,2015-06-02 16:53:00,135,7,3,6,85.7143,"[""309438"", ""460553"", ""130371"", ""427499"", ""337183""]",HIGH_RISK
2015-06-02 16:49:00,2015-06-02 16:54:00,135,7,4,7,100.0,"[""309438"", ""460553"", ""130371"", ""427499"", ""337183""]",HIGH_RISK
2015-06-02 16:50:00,2015-06-02 16:55:00,134,6,4,5,83.3333,"[""130371"", ""427499"", ""337183"", ""440954"", ""40870""]",HIGH_RISK
2015-06-02 16:51:00,2015-06-02 16:56:00,129,7,4,6,85.7143,"[""130371"", ""427499"", ""337183"", ""440954"", ""40870""]",HIGH_RISK
2015-06-02 16:52:00,2015-06-02 16:57:00,120,4,2,4,100.0,"[""337183"", ""440954"", ""40870"", ""29196""]",HIGH_RISK
2015-06-02 16:53:00,2015-06-02 16:58:00,122,3,2,3,100.0,"[""29196"", ""40870""]",HIGH_RISK
2015-06-02 16:54:00,2015-06-02 16:59:00,123,2,1,2,100.0,"[""29196""]",HIGH_RISK
2015-06-02 16:55:00,2015-06-02 17:00:00,115,2,0,2,100.0,"[""29196""]",HIGH_RISK
2015-06-02 16:56:00,2015-06-02 17:01:00,111,1,0,1,100.0,"[""29196""]",HIGH_RISK
2015-06-02 16:57:00,2015-06-02 17:02:00,113,1,0,1,100.0,"[""29196""]",HIGH_RISK
2015-06-02 16:58:00,2015-06-02 17:03:00,116,0,0,0,0.0,[],NORMAL
2015-06-02 16:59:00,2015-06-02 17:04:00,110,0,0,0,0.0,[],NORMAL
2015-06-02 17:00:00,2015-06-02 17:05:00,112,0,0,0,0.0,[],NORMAL
2015-06-02 17:01:00,2015-06-02 17:06:00,117,0,0,0,0.0,[],NORMAL
2015-06-02 17:02:00,2015-06-02 17:07:00,127,0,0,0,0.0,[],NORMAL
2015-06-02 17:03:00,2015-06-02 17:08:00,120,0,0,0,0.0,[],NORMAL
2015-06-02 17:04:00,2015-06-02 17:09:00,130,2,3,2,100.0,"[""355325"", ""198209""]",HIGH_RISK
2015-06-02 17:05:00,2015-06-02 17:10:00,132,3,3,3,100.0,"[""355325"", ""198209"", ""128573""]",HIGH_RISK
2015-06-02 17:06:00,2015-06-02 17:11:00,136,4,4,3,75.0,"[""355325"", ""198209"", ""128573""]",HIGH_RISK
2015-06-02 17:07:00,2015-06-02 17:12:00,141,9,4,7,87.5,"[""355325"", ""198209"", ""128573"", ""327083"", ""313019""]",HIGH_RISK
2015-06-02 17:08:00,2015-06-02 17:13:00,145,10,4,8,88.8889,"[""355325"", ""198209"", ""128573"", ""327083"", ""313019""]",HIGH_RISK
2015-06-02 17:09:00,2015-06-02 17:14:00,132,8,1,6,85.7143,"[""128573"", ""327083"", ""313019"", ""48715"", ""267010""]",HIGH_RISK
2015-06-02 17:10:00,2015-06-02 17:15:00,130,7,1,5,83.3333,"[""327083"", ""313019"", ""48715"", ""267010"", ""466861""]",HIGH_RISK
2015-06-02 17:11:00,2015-06-02 17:16:00,126,6,0,5,100.0,"[""327083"", ""313019"", ""48715"", ""267010"", ""466861""]",HIGH_RISK
2015-06-02 17:12:00,2015-06-02 17:17:00,122,1,0,1,100.0,"[""466861""]",HIGH_RISK
2015-06-02 17:13:00,2015-06-02 17:18:00,126,0,0,0,0.0,[],NORMAL
2015-06-02 17:14:00,2015-06-02 17:19:00,136,0,0,0,0.0,[],NORMAL
2015-06-02 17:15:00,2015-06-02 17:20:00,136,1,0,1,100.0,"[""182608""]",HIGH_RISK
2015-06-02 17:16:00,2015-06-02 17:21:00,155,1,0,1,100.0,"[""182608""]",HIGH_RISK
2015-06-02 17:17:00,2015-06-02 17:22:00,128,1,0,1,100.0,"[""182608""]",HIGH_RISK
2015-06-02 17:18:00,2015-06-02 17:23:00,123,1,0,1,100.0,"[""182608""]",HIGH_RISK
2015-06-02 17:19:00,2015-06-02 17:24:00,121,2,0,2,100.0,"[""182608"", ""189764""]",HIGH_RISK
2015-06-02 17:20:00,2015-06-02 17:25:00,131,2,0,2,100.0,"[""189764"", ""118024""]",HIGH_RISK
2015-06-02 17:21:00,2015-06-02 17:26:00,115,2,0,2,100.0,"[""189764"", ""118024""]",HIGH_RISK
2015-06-02 17:22:00,2015-06-02 17:27:00,130,3,1,2,66.6667,"[""118024"", ""119960""]",HIGH_RISK
2015-06-02 17:23:00,2015-06-02 17:28:00,126,3,1,2,66.6667,"[""118024"", ""119960""]",HIGH_RISK
2015-06-02 17:24:00,2015-06-02 17:29:00,119,2,1,2,100.0,"[""118024"", ""119960""]",HIGH_RISK
2015-06-02 17:25:00,2015-06-02 17:30:00,121,2,2,2,100.0,"[""119960"", ""118024""]",HIGH_RISK
2015-06-02 17:26:00,2015-06-02 17:31:00,128,2,2,2,100.0,"[""119960"", ""118024""]",HIGH_RISK
2015-06-02 17:27:00,2015-06-02 17:32:00,128,1,1,1,100.0,"[""118024""]",HIGH_RISK
2015-06-02 17:28:00,2015-06-02 17:33:00,151,1,2,0,0.0,[],NORMAL
2015-06-02 17:29:00,2015-06-02 17:34:00,159,3,2,2,66.6667,"[""151716"", ""161911""]",HIGH_RISK
2015-06-02 17:30:00,2015-06-02 17:35:00,157,3,1,3,100.0,"[""151716"", ""161911"", ""21198""]",HIGH_RISK
2015-06-02 17:31:00,2015-06-02 17:36:00,157,4,2,4,100.0,"[""151716"", ""161911"", ""21198"", ""49676""]",HIGH_RISK
2015-06-02 17:32:00,2015-06-02 17:37:00,169,6,3,5,83.3333,"[""151716"", ""21198"", ""49676"", ""144076"", ""44845""]",HIGH_RISK
2015-06-02 17:33:00,2015-06-02 17:38:00,148,6,2,5,83.3333,"[""151716"", ""21198"", ""49676"", ""144076"", ""44845""]",HIGH_RISK
2015-06-02 17:34:00,2015-06-02 17:39:00,149,4,2,4,100.0,"[""21198"", ""49676"", ""144076"", ""44845""]",HIGH_RISK
2015-06-02 17:35:00,2015-06-02 17:40:00,144,3,2,3,100.0,"[""49676"", ""144076"", ""44845""]",HIGH_RISK
2015-06-02 17:36:00,2015-06-02 17:41:00,140,2,1,2,100.0,"[""144076"", ""44845""]",HIGH_RISK
2015-06-02 17:37:00,2015-06-02 17:42:00,136,1,2,1,100.0,"[""336855""]",HIGH_RISK
2015-06-02 17:38:00,2015-06-02 17:43:00,139,2,2,2,100.0,"[""336855"", ""86844""]",HIGH_RISK
2015-06-02 17:39:00,2015-06-02 17:44:00,141,4,2,4,100.0,"[""336855"", ""86844"", ""368025"", ""425468""]",HIGH_RISK
2015-06-02 17:40:00,2015-06-02 17:45:00,145,4,3,3,75.0,"[""336855"", ""368025"", ""425468""]",HIGH_RISK
2015-06-02 17:41:00,2015-06-02 17:46:00,137,5,3,4,80.0,"[""336855"", ""368025"", ""425468"", ""322666""]",HIGH_RISK
2015-06-02 17:42:00,2015-06-02 17:47:00,125,4,1,3,75.0,"[""368025"", ""425468"", ""322666""]",HIGH_RISK
2015-06-02 17:43:00,2015-06-02 17:48:00,115,3,1,3,100.0,"[""368025"", ""425468"", ""322666""]",HIGH_RISK
2015-06-02 17:44:00,2015-06-02 17:49:00,101,1,2,0,0.0,[],NORMAL
2015-06-02 17:45:00,2015-06-02 17:50:00,85,1,1,0,0.0,[],NORMAL
2015-06-02 17:46:00,2015-06-02 17:51:00,94,1,1,1,100.0,"[""131131""]",HIGH_RISK
2015-06-02 17:47:00,2015-06-02 17:52:00,93,1,1,1,100.0,"[""131131""]",HIGH_RISK
2015-06-02 17:48:00,2015-06-02 17:53:00,102,1,1,1,100.0,"[""131131""]",HIGH_RISK
2015-06-02 17:49:00,2015-06-02 17:54:00,110,2,0,2,100.0,"[""131131"", ""113535""]",HIGH_RISK
2015-06-02 17:50:00,2015-06-02 17:55:00,123,2,0,2,100.0,"[""131131"", ""113535""]",HIGH_RISK
2015-06-02 17:51:00,2015-06-02 17:56:00,126,2,2,2,100.0,"[""113535"", ""199348""]",HIGH_RISK
2015-06-02 17:52:00,2015-06-02 17:57:00,133,2,2,2,100.0,"[""113535"", ""199348""]",HIGH_RISK
2015-06-02 17:53:00,2015-06-02 17:58:00,133,2,2,2,100.0,"[""113535"", ""199348""]",HIGH_RISK
2015-06-02 17:54:00,2015-06-02 17:59:00,148,1,2,1,100.0,"[""199348""]",HIGH_RISK
2015-06-02 17:55:00,2015-06-02 18:00:00,154,4,2,4,100.0,"[""199348"", ""21886"", ""312728"", ""156896""]",HIGH_RISK
2015-06-02 17:56:00,2015-06-02 18:01:00,155,4,3,3,75.0,"[""312728"", ""156896"", ""338788""]",HIGH_RISK
2015-06-02 17:57:00,2015-06-02 18:02:00,162,4,3,3,75.0,"[""312728"", ""156896"", ""338788""]",HIGH_RISK
2015-06-02 17:58:00,2015-06-02 18:03:00,173,6,5,4,66.6667,"[""312728"", ""156896"", ""338788"", ""436938""]",HIGH_RISK
2015-06-02 17:59:00,2015-06-02 18:04:00,163,8,5,6,75.0,"[""312728"", ""156896"", ""338788"", ""436938"", ""366421""]",HIGH_RISK
2015-06-02 18:00:00,2015-06-02 18:05:00,152,5,5,4,80.0,"[""338788"", ""436938"", ""366421"", ""205139""]",HIGH_RISK
2015-06-02 18:01:00,2015-06-02 18:06:00,144,4,2,4,100.0,"[""374554"", ""436938"", ""366421"", ""205139""]",HIGH_RISK
2015-06-02 18:02:00,2015-06-02 18:07:00,138,4,6,2,50.0,"[""374554"", ""205139""]",NORMAL
2015-06-02 18:03:00,2015-06-02 18:08:00,124,3,4,2,66.6667,"[""205139"", ""126396""]",HIGH_RISK
2015-06-02 18:04:00,2015-06-02 18:09:00,117,1,5,1,100.0,"[""126396""]",HIGH_RISK
2015-06-02 18:05:00,2015-06-02 18:10:00,121,1,5,1,100.0,"[""126396""]",HIGH_RISK
2015-06-02 18:06:00,2015-06-02 18:11:00,122,1,5,1,100.0,"[""126396""]",HIGH_RISK
2015-06-02 18:07:00,2015-06-02 18:12:00,119,1,1,1,100.0,"[""126396""]",HIGH_RISK
2015-06-02 18:08:00,2015-06-02 18:13:00,107,0,1,0,0.0,[],NORMAL
2015-06-02 18:09:00,2015-06-02 18:14:00,106,0,0,0,0.0,[],NORMAL
2015-06-02 18:10:00,2015-06-02 18:15:00,101,1,0,1,100.0,"[""354676""]",HIGH_RISK
2015-06-02 18:11:00,2015-06-02 18:16:00,96,3,0,3,100.0,"[""354676"", ""215704"", ""69333""]",HIGH_RISK
2015-06-02 18:12:00,2015-06-02 18:17:00,101,4,0,4,100.0,"[""354676"", ""215704"", ""69333"", ""303712""]",HIGH_RISK
2015-06-02 18:13:00,2015-06-02 18:18:00,111,6,0,6,100.0,"[""354676"", ""215704"", ""69333"", ""303712"", ""281480""]",HIGH_RISK
2015-06-02 18:14:00,2015-06-02 18:19:00,115,6,0,6,100.0,"[""354676"", ""215704"", ""69333"", ""303712"", ""281480""]",HIGH_RISK
2015-06-02 18:15:00,2015-06-02 18:20:00,128,5,0,5,100.0,"[""215704"", ""69333"", ""303712"", ""281480"", ""29037""]",HIGH_RISK
2015-06-02 18:16:00,2015-06-02 18:21:00,133,3,0,3,100.0,"[""303712"", ""281480"", ""29037""]",HIGH_RISK
2015-06-02 18:17:00,2015-06-02 18:22:00,129,2,0,2,100.0,"[""281480"", ""29037""]",HIGH_RISK
2015-06-02 18:18:00,2015-06-02 18:23:00,142,1,0,1,100.0,"[""281480""]",HIGH_RISK
2015-06-02 18:19:00,2015-06-02 18:24:00,144,2,1,1,50.0,"[""267010""]",NORMAL
2015-06-02 18:20:00,2015-06-02 18:25:00,141,3,2,1,33.3333,"[""168527""]",NORMAL
2015-06-02 18:21:00,2015-06-02 18:26:00,135,3,2,1,33.3333,"[""168527""]",NORMAL
2015-06-02 18:22:00,2015-06-02 18:27:00,142,6,2,4,66.6667,"[""168527"", ""393014"", ""199975"", ""434846""]",HIGH_RISK
2015-06-02 18:23:00,2015-06-02 18:28:00,140,5,2,4,80.0,"[""168527"", ""393014"", ""199975"", ""434846""]",HIGH_RISK
2015-06-02 18:24:00,2015-06-02 18:29:00,143,5,1,5,100.0,"[""168527"", ""393014"", ""199975"", ""434846"", ""155050""]",HIGH_RISK
2015-06-02 18:25:00,2015-06-02 18:30:00,134,5,0,5,100.0,"[""393014"", ""199975"", ""434846"", ""155050"", ""268956""]",HIGH_RISK
2015-06-02 18:26:00,2015-06-02 18:31:00,144,6,0,6,100.0,"[""393014"", ""199975"", ""434846"", ""155050"", ""268956""]",HIGH_RISK
2015-06-02 18:27:00,2015-06-02 18:32:00,129,4,0,4,100.0,"[""155050"", ""268956"", ""136523"", ""164035""]",HIGH_RISK
2015-06-02 18:28:00,2015-06-02 18:33:00,124,4,0,4,100.0,"[""155050"", ""268956"", ""136523"", ""164035""]",HIGH_RISK
2015-06-02 18:29:00,2015-06-02 18:34:00,132,3,0,3,100.0,"[""268956"", ""136523"", ""164035""]",HIGH_RISK
2015-06-02 18:30:00,2015-06-02 18:35:00,144,2,0,2,100.0,"[""136523"", ""164035""]",HIGH_RISK
2015-06-02 18:31:00,2015-06-02 18:36:00,145,1,0,1,100.0,"[""164035""]",HIGH_RISK
2015-06-02 18:32:00,2015-06-02 18:37:00,151,0,2,0,0.0,[],NORMAL
2015-06-02 18:33:00,2015-06-02 18:38:00,152,0,2,0,0.0,[],NORMAL
2015-06-02 18:34:00,2015-06-02 18:39:00,139,0,2,0,0.0,[],NORMAL
2015-06-02 18:35:00,2015-06-02 18:40:00,131,0,2,0,0.0,[],NORMAL
2015-06-02 18:36:00,2015-06-02 18:41:00,136,0,3,0,0.0,[],NORMAL
2015-06-02 18:37:00,2015-06-02 18:42:00,134,0,1,0,0.0,[],NORMAL
2015-06-02 18:38:00,2015-06-02 18:43:00,123,0,1,0,0.0,[],NORMAL
2015-06-02 18:39:00,2015-06-02 18:44:00,128,0,2,0,0.0,[],NORMAL
2015-06-02 18:40:00,2015-06-02 18:45:00,117,0,2,0,0.0,[],NORMAL
2015-06-02 18:41:00,2015-06-02 18:46:00,117,0,1,0,0.0,[],NORMAL
2015-06-02 18:42:00,2015-06-02 18:47:00,118,0,1,0,0.0,[],NORMAL
2015-06-02 18:43:00,2015-06-02 18:48:00,140,2,1,2,100.0,"[""289096"", ""60980""]",HIGH_RISK
2015-06-02 18:44:00,2015-06-02 18:49:00,148,5,0,5,100.0,"[""289096"", ""60980"", ""448601"", ""271268"", ""107367""]",HIGH_RISK
2015-06-02 18:45:00,2015-06-02 18:50:00,157,5,0,5,100.0,"[""289096"", ""60980"", ""448601"", ""271268"", ""107367""]",HIGH_RISK
2015-06-02 18:46:00,2015-06-02 18:51:00,144,5,0,5,100.0,"[""289096"", ""60980"", ""448601"", ""271268"", ""107367""]",HIGH_RISK
2015-06-02 18:47:00,2015-06-02 18:52:00,140,6,1,5,83.3333,"[""289096"", ""60980"", ""448601"", ""107367"", ""435358""]",HIGH_RISK
2015-06-02 18:48:00,2015-06-02 18:53:00,127,5,3,4,80.0,"[""448601"", ""107367"", ""435358"", ""276155""]",HIGH_RISK
2015-06-02 18:49:00,2015-06-02 18:54:00,117,3,3,3,100.0,"[""435358"", ""276155"", ""449940""]",HIGH_RISK
2015-06-02 18:50:00,2015-06-02 18:55:00,122,3,3,3,100.0,"[""435358"", ""276155"", ""449940""]",HIGH_RISK
2015-06-02 18:51:00,2015-06-02 18:56:00,127,4,3,4,100.0,"[""435358"", ""276155"", ""449940"", ""318333""]",HIGH_RISK
2015-06-02 18:52:00,2015-06-02 18:57:00,141,3,2,3,100.0,"[""276155"", ""449940"", ""318333""]",HIGH_RISK
2015-06-02 18:53:00,2015-06-02 18:58:00,147,3,0,3,100.0,"[""449940"", ""318333"", ""400859""]",HIGH_RISK
2015-06-02 18:54:00,2015-06-02 18:59:00,140,3,1,2,66.6667,"[""400859"", ""181227""]",HIGH_RISK
2015-06-02 18:55:00,2015-06-02 19:00:00,140,3,1,2,66.6667,"[""400859"", ""181227""]",HIGH_RISK
2015-06-02 18:56:00,2015-06-02 19:01:00,134,2,1,2,100.0,"[""400859"", ""181227""]",HIGH_RISK
2015-06-02 18:57:00,2015-06-02 19:02:00,128,2,1,2,100.0,"[""400859"", ""181227""]",HIGH_RISK
2015-06-02 18:58:00,2015-06-02 19:03:00,120,4,1,4,100.0,"[""181227"", ""323194"", ""105430"", ""200977""]",HIGH_RISK
2015-06-02 18:59:00,2015-06-02 19:04:00,122,4,1,4,100.0,"[""323194"", ""105430"", ""200977"", ""388097""]",HIGH_RISK
2015-06-02 19:00:00,2015-06-02 19:05:00,114,4,1,4,100.0,"[""323194"", ""105430"", ""200977"", ""388097""]",HIGH_RISK
2015-06-02 19:01:00,2015-06-02 19:06:00,118,4,1,4,100.0,"[""323194"", ""105430"", ""200977"", ""388097""]",HIGH_RISK
2015-06-02 19:02:00,2015-06-02 19:07:00,114,4,1,4,100.0,"[""323194"", ""105430"", ""200977"", ""388097""]",HIGH_RISK
2015-06-02 19:03:00,2015-06-02 19:08:00,114,1,1,1,100.0,"[""388097""]",HIGH_RISK
2015-06-02 19:04:00,2015-06-02 19:09:00,117,1,0,1,100.0,"[""171814""]",HIGH_RISK
2015-06-02 19:05:00,2015-06-02 19:10:00,119,1,0,1,100.0,"[""171814""]",HIGH_RISK
2015-06-02 19:06:00,2015-06-02 19:11:00,128,4,0,4,100.0,"[""171814"", ""279457"", ""187549"", ""428554""]",HIGH_RISK
2015-06-02 19:07:00,2015-06-02 19:12:00,132,4,0,4,100.0,"[""171814"", ""279457"", ""187549"", ""428554""]",HIGH_RISK
2015-06-02 19:08:00,2015-06-02 19:13:00,127,4,0,4,100.0,"[""171814"", ""279457"", ""187549"", ""428554""]",HIGH_RISK
2015-06-02 19:09:00,2015-06-02 19:14:00,141,4,1,3,75.0,"[""279457"", ""187549"", ""166703""]",HIGH_RISK
2015-06-02 19:10:00,2015-06-02 19:15:00,147,4,1,3,75.0,"[""279457"", ""187549"", ""166703""]",HIGH_RISK
2015-06-02 19:11:00,2015-06-02 19:16:00,149,2,1,2,100.0,"[""166703"", ""390152""]",HIGH_RISK
2015-06-02 19:12:00,2015-06-02 19:17:00,161,3,2,1,50.0,"[""390152""]",NORMAL
2015-06-02 19:13:00,2015-06-02 19:18:00,167,4,2,2,66.6667,"[""390152"", ""51650""]",HIGH_RISK
2015-06-02 19:14:00,2015-06-02 19:19:00,149,3,1,2,100.0,"[""390152"", ""51650""]",HIGH_RISK
2015-06-02 19:15:00,2015-06-02 19:20:00,143,4,1,3,100.0,"[""390152"", ""51650"", ""114121""]",HIGH_RISK
2015-06-02 19:16:00,2015-06-02 19:21:00,143,4,1,4,100.0,"[""390152"", ""51650"", ""114121"", ""410143""]",HIGH_RISK
2015-06-02 19:17:00,2015-06-02 19:22:00,135,5,0,5,100.0,"[""51650"", ""114121"", ""410143"", ""268081"", ""46232""]",HIGH_RISK
2015-06-02 19:18:00,2015-06-02 19:23:00,139,5,0,5,100.0,"[""114121"", ""410143"", ""268081"", ""46232""]",HIGH_RISK
2015-06-02 19:19:00,2015-06-02 19:24:00,142,7,1,6,85.7143,"[""114121"", ""410143"", ""46232"", ""134255"", ""417516""]",HIGH_RISK
2015-06-02 19:20:00,2015-06-02 19:25:00,146,8,2,7,87.5,"[""410143"", ""46232"", ""114121"", ""134255"", ""417516""]",HIGH_RISK
2015-06-02 19:21:00,2015-06-02 19:26:00,133,7,2,6,85.7143,"[""46232"", ""114121"", ""134255"", ""417516"", ""321577""]",HIGH_RISK
2015-06-02 19:22:00,2015-06-02 19:27:00,128,5,4,4,80.0,"[""134255"", ""417516"", ""321577"", ""357054""]",HIGH_RISK
2015-06-02 19:23:00,2015-06-02 19:28:00,136,4,5,4,100.0,"[""134255"", ""417516"", ""321577"", ""357054""]",HIGH_RISK
2015-06-02 19:24:00,2015-06-02 19:29:00,138,3,4,3,100.0,"[""321577"", ""357054"", ""362634""]",HIGH_RISK
2015-06-02 19:25:00,2015-06-02 19:30:00,139,1,3,1,100.0,"[""362634""]",HIGH_RISK
2015-06-02 19:26:00,2015-06-02 19:31:00,144,1,4,0,0.0,[],NORMAL
2015-06-02 19:27:00,2015-06-02 19:32:00,142,1,2,0,0.0,[],NORMAL
2015-06-02 19:28:00,2015-06-02 19:33:00,149,5,1,4,80.0,"[""387265"", ""330259"", ""440954"", ""209306""]",HIGH_RISK
2015-06-02 19:29:00,2015-06-02 19:34:00,147,5,1,5,100.0,"[""387265"", ""330259"", ""440954"", ""209306"", ""441653""]",HIGH_RISK
2015-06-02 19:30:00,2015-06-02 19:35:00,149,5,1,5,100.0,"[""387265"", ""330259"", ""440954"", ""209306"", ""441653""]",HIGH_RISK
2015-06-02 19:31:00,2015-06-02 19:36:00,143,5,2,4,80.0,"[""387265"", ""330259"", ""440954"", ""209306""]",HIGH_RISK
2015-06-02 19:32:00,2015-06-02 19:37:00,141,5,2,4,80.0,"[""387265"", ""330259"", ""440954"", ""209306""]",HIGH_RISK
2015-06-02 19:33:00,2015-06-02 19:38:00,131,1,3,0,0.0,[],NORMAL
2015-06-02 19:34:00,2015-06-02 19:39:00,129,1,3,1,100.0,"[""385769""]",HIGH_RISK
2015-06-02 19:35:00,2015-06-02 19:40:00,144,3,3,3,100.0,"[""385769"", ""23762"", ""175356""]",HIGH_RISK
2015-06-02 19:36:00,2015-06-02 19:41:00,152,4,1,4,100.0,"[""23762"", ""385769"", ""175356""]",HIGH_RISK
2015-06-02 19:37:00,2015-06-02 19:42:00,155,6,1,6,100.0,"[""23762"", ""385769"", ""175356"", ""151320"", ""197862""]",HIGH_RISK
2015-06-02 19:38:00,2015-06-02 19:43:00,147,6,1,5,83.3333,"[""385769"", ""23762"", ""175356"", ""151320"", ""197862""]",HIGH_RISK
2015-06-02 19:39:00,2015-06-02 19:44:00,155,8,1,6,85.7143,"[""23762"", ""175356"", ""151320"", ""197862"", ""415653""]",HIGH_RISK
2015-06-02 19:40:00,2015-06-02 19:45:00,143,6,1,4,80.0,"[""151320"", ""197862"", ""415653"", ""252068""]",HIGH_RISK
2015-06-02 19:41:00,2015-06-02 19:46:00,145,5,2,4,100.0,"[""151320"", ""197862"", ""415653"", ""252068""]",HIGH_RISK
2015-06-02 19:42:00,2015-06-02 19:47:00,152,4,3,2,66.6667,"[""252068"", ""350525""]",HIGH_RISK
2015-06-02 19:43:00,2015-06-02 19:48:00,143,4,2,2,66.6667,"[""252068"", ""350525""]",HIGH_RISK
2015-06-02 19:44:00,2015-06-02 19:49:00,143,2,2,2,100.0,"[""350525"", ""308334""]",HIGH_RISK
2015-06-02 19:45:00,2015-06-02 19:50:00,142,2,2,2,100.0,"[""350525"", ""308334""]",HIGH_RISK
2015-06-02 19:46:00,2015-06-02 19:51:00,140,3,1,3,100.0,"[""350525"", ""308334"", ""202825""]",HIGH_RISK
2015-06-02 19:47:00,2015-06-02 19:52:00,124,2,0,2,100.0,"[""308334"", ""202825""]",HIGH_RISK
2015-06-02 19:48:00,2015-06-02 19:53:00,134,3,0,3,100.0,"[""308334"", ""202825"", ""284929""]",HIGH_RISK
2015-06-02 19:49:00,2015-06-02 19:54:00,134,3,0,3,100.0,"[""202825"", ""284929"", ""260609""]",HIGH_RISK
2015-06-02 19:50:00,2015-06-02 19:55:00,121,3,0,3,100.0,"[""202825"", ""284929"", ""260609""]",HIGH_RISK
2015-06-02 19:51:00,2015-06-02 19:56:00,128,2,1,2,100.0,"[""284929"", ""260609""]",HIGH_RISK
2015-06-02 19:52:00,2015-06-02 19:57:00,138,3,1,3,100.0,"[""284929"", ""260609"", ""427499""]",HIGH_RISK
2015-06-02 19:53:00,2015-06-02 19:58:00,135,4,1,2,100.0,"[""260609"", ""427499""]",HIGH_RISK
2015-06-02 19:54:00,2015-06-02 19:59:00,135,3,1,1,100.0,"[""427499""]",HIGH_RISK
2015-06-02 19:55:00,2015-06-02 20:00:00,150,4,1,2,100.0,"[""427499"", ""316753""]",HIGH_RISK
2015-06-02 19:56:00,2015-06-02 20:01:00,134,4,1,2,100.0,"[""427499"", ""316753""]",HIGH_RISK
2015-06-02 19:57:00,2015-06-02 20:02:00,146,4,3,2,66.6667,"[""316753"", ""371585""]",HIGH_RISK
2015-06-02 19:58:00,2015-06-02 20:03:00,151,2,3,2,100.0,"[""316753"", ""371585""]",HIGH_RISK
2015-06-02 19:59:00,2015-06-02 20:04:00,147,3,3,3,100.0,"[""316753"", ""371585"", ""12829""]",HIGH_RISK
2015-06-02 20:00:00,2015-06-02 20:05:00,129,2,3,2,100.0,"[""371585"", ""12829""]",HIGH_RISK
2015-06-02 20:01:00,2015-06-02 20:06:00,127,2,2,2,100.0,"[""371585"", ""12829""]",HIGH_RISK
2015-06-02 20:02:00,2015-06-02 20:07:00,107,1,0,1,100.0,"[""12829""]",HIGH_RISK
2015-06-02 20:03:00,2015-06-02 20:08:00,108,2,0,2,100.0,"[""12829"", ""184086""]",HIGH_RISK
2015-06-02 20:04:00,2015-06-02 20:09:00,106,1,0,1,100.0,"[""184086""]",HIGH_RISK
2015-06-02 20:05:00,2015-06-02 20:10:00,126,3,0,3,100.0,"[""184086"", ""378223"", ""255708""]",HIGH_RISK
2015-06-02 20:06:00,2015-06-02 20:11:00,128,3,0,3,100.0,"[""184086"", ""378223"", ""255708""]",HIGH_RISK
2015-06-02 20:07:00,2015-06-02 20:12:00,139,6,1,3,75.0,"[""184086"", ""255708"", ""180751""]",HIGH_RISK
2015-06-02 20:08:00,2015-06-02 20:13:00,143,6,2,2,50.0,"[""255708"", ""151839""]",NORMAL
2015-06-02 20:09:00,2015-06-02 20:14:00,148,6,3,1,25.0,"[""255708""]",NORMAL
2015-06-02 20:10:00,2015-06-02 20:15:00,144,4,4,0,0.0,[],NORMAL
2015-06-02 20:11:00,2015-06-02 20:16:00,151,6,4,2,50.0,"[""196750"", ""7819""]",NORMAL
2015-06-02 20:12:00,2015-06-02 20:17:00,156,4,4,3,75.0,"[""196750"", ""7819"", ""401198""]",HIGH_RISK
2015-06-02 20:13:00,2015-06-02 20:18:00,157,4,3,3,75.0,"[""196750"", ""7819"", ""401198""]",HIGH_RISK
2015-06-02 20:14:00,2015-06-02 20:19:00,148,4,2,4,100.0,"[""196750"", ""7819"", ""401198"", ""151839""]",HIGH_RISK
2015-06-02 20:15:00,2015-06-02 20:20:00,135,4,1,4,100.0,"[""196750"", ""7819"", ""401198"", ""151839""]",HIGH_RISK
2015-06-02 20:16:00,2015-06-02 20:21:00,123,2,1,2,100.0,"[""401198"", ""151839""]",HIGH_RISK
2015-06-02 20:17:00,2015-06-02 20:22:00,117,2,0,2,100.0,"[""151839"", ""384212""]",HIGH_RISK
2015-06-02 20:18:00,2015-06-02 20:23:00,102,1,1,0,0.0,[],NORMAL
2015-06-02 20:19:00,2015-06-02 20:24:00,117,1,1,0,0.0,[],NORMAL
2015-06-02 20:20:00,2015-06-02 20:25:00,130,3,1,2,66.6667,"[""245994"", ""417992""]",HIGH_RISK
2015-06-02 20:21:00,2015-06-02 20:26:00,132,3,1,2,66.6667,"[""245994"", ""417992""]",HIGH_RISK
2015-06-02 20:22:00,2015-06-02 20:27:00,122,2,1,2,100.0,"[""245994"", ""417992""]",HIGH_RISK
2015-06-02 20:23:00,2015-06-02 20:28:00,126,2,0,2,100.0,"[""245994"", ""417992""]",HIGH_RISK
2015-06-02 20:24:00,2015-06-02 20:29:00,118,2,0,2,100.0,"[""245994"", ""417992""]",HIGH_RISK
2015-06-02 20:25:00,2015-06-02 20:30:00,102,0,0,0,0.0,[],NORMAL
2015-06-02 20:26:00,2015-06-02 20:31:00,106,0,1,0,0.0,[],NORMAL
2015-06-02 20:27:00,2015-06-02 20:32:00,111,1,1,1,100.0,"[""221980""]",HIGH_RISK
2015-06-02 20:28:00,2015-06-02 20:33:00,114,3,1,2,100.0,"[""221980"", ""397642""]",HIGH_RISK
2015-06-02 20:29:00,2015-06-02 20:34:00,112,3,1,2,100.0,"[""221980"", ""397642""]",HIGH_RISK
2015-06-02 20:30:00,2015-06-02 20:35:00,109,3,1,2,100.0,"[""221980"", ""397642""]",HIGH_RISK
2015-06-02 20:31:00,2015-06-02 20:36:00,117,4,0,3,100.0,"[""221980"", ""397642"", ""73051""]",HIGH_RISK
2015-06-02 20:32:00,2015-06-02 20:37:00,124,3,0,2,100.0,"[""397642"", ""73051""]",HIGH_RISK
2015-06-02 20:33:00,2015-06-02 20:38:00,116,1,0,1,100.0,"[""73051""]",HIGH_RISK
2015-06-02 20:34:00,2015-06-02 20:39:00,122,2,1,1,50.0,"[""116475""]",NORMAL
2015-06-02 20:35:00,2015-06-02 20:40:00,131,5,1,3,75.0,"[""116475"", ""26678"", ""206880""]",HIGH_RISK
2015-06-02 20:36:00,2015-06-02 20:41:00,129,4,1,3,100.0,"[""116475"", ""26678"", ""206880""]",HIGH_RISK
2015-06-02 20:37:00,2015-06-02 20:42:00,128,4,1,3,100.0,"[""116475"", ""26678"", ""206880""]",HIGH_RISK
2015-06-02 20:38:00,2015-06-02 20:43:00,128,5,1,4,100.0,"[""116475"", ""26678"", ""206880"", ""336855""]",HIGH_RISK
2015-06-02 20:39:00,2015-06-02 20:44:00,115,4,0,3,100.0,"[""26678"", ""206880"", ""336855""]",HIGH_RISK
2015-06-02 20:40:00,2015-06-02 20:45:00,119,1,0,1,100.0,"[""336855""]",HIGH_RISK
2015-06-02 20:41:00,2015-06-02 20:46:00,115,2,1,2,100.0,"[""336855"", ""339808""]",HIGH_RISK
2015-06-02 20:42:00,2015-06-02 20:47:00,101,2,1,2,100.0,"[""336855"", ""339808""]",HIGH_RISK
2015-06-02 20:43:00,2015-06-02 20:48:00,110,1,2,0,0.0,[],NORMAL
2015-06-02 20:44:00,2015-06-02 20:49:00,122,1,2,0,0.0,[],NORMAL
2015-06-02 20:45:00,2015-06-02 20:50:00,117,1,2,0,0.0,[],NORMAL
2015-06-02 20:46:00,2015-06-02 20:51:00,119,1,1,1,100.0,"[""441907""]",HIGH_RISK
2015-06-02 20:47:00,2015-06-02 20:52:00,127,1,1,1,100.0,"[""441907""]",HIGH_RISK
2015-06-02 20:48:00,2015-06-02 20:53:00,132,2,0,2,100.0,"[""441907"", ""457410""]",HIGH_RISK
2015-06-02 20:49:00,2015-06-02 20:54:00,136,2,0,2,100.0,"[""441907"", ""457410""]",HIGH_RISK
2015-06-02 20:50:00,2015-06-02 20:55:00,148,2,0,2,100.0,"[""441907"", ""457410""]",HIGH_RISK
2015-06-02 20:51:00,2015-06-02 20:56:00,152,1,0,1,100.0,"[""457410""]",HIGH_RISK
2015-06-02 20:52:00,2015-06-02 20:57:00,154,1,1,0,0.0,[],NORMAL
2015-06-02 20:53:00,2015-06-02 20:58:00,148,5,1,5,100.0,"[""302639"", ""260545"", ""85732"", ""221715"", ""421531""]",HIGH_RISK
2015-06-02 20:54:00,2015-06-02 20:59:00,141,7,1,6,100.0,"[""302639"", ""260545"", ""85732"", ""221715"", ""421531""]",HIGH_RISK
2015-06-02 20:55:00,2015-06-02 21:00:00,138,9,1,8,100.0,"[""302639"", ""260545"", ""85732"", ""221715"", ""421531""]",HIGH_RISK
2015-06-02 20:56:00,2015-06-02 21:01:00,130,11,1,10,100.0,"[""302639"", ""260545"", ""85732"", ""221715"", ""421531""]",HIGH_RISK
2015-06-02 20:57:00,2015-06-02 21:02:00,120,12,0,11,100.0,"[""302639"", ""260545"", ""85732"", ""221715"", ""421531""]",HIGH_RISK
2015-06-02 20:58:00,2015-06-02 21:03:00,119,7,0,6,100.0,"[""211803"", ""321984"", ""147051"", ""62056"", ""331490""]",HIGH_RISK
2015-06-02 20:59:00,2015-06-02 21:04:00,117,5,3,2,40.0,"[""147051"", ""62056""]",NORMAL
2015-06-02 21:00:00,2015-06-02 21:05:00,122,3,3,1,33.3333,"[""62056""]",NORMAL
2015-06-02 21:01:00,2015-06-02 21:06:00,122,2,3,1,50.0,"[""372338""]",NORMAL
2015-06-02 21:02:00,2015-06-02 21:07:00,136,1,3,1,100.0,"[""372338""]",HIGH_RISK
2015-06-02 21:03:00,2015-06-02 21:08:00,137,1,3,1,100.0,"[""372338""]",HIGH_RISK
2015-06-02 21:04:00,2015-06-02 21:09:00,128,2,0,2,100.0,"[""372338"", ""435265""]",HIGH_RISK
2015-06-02 21:05:00,2015-06-02 21:10:00,123,2,0,2,100.0,"[""372338"", ""435265""]",HIGH_RISK
2015-06-02 21:06:00,2015-06-02 21:11:00,118,1,0,1,100.0,"[""435265""]",HIGH_RISK
2015-06-02 21:07:00,2015-06-02 21:12:00,118,2,0,2,100.0,"[""435265"", ""27736""]",HIGH_RISK
2015-06-02 21:08:00,2015-06-02 21:13:00,135,2,0,2,100.0,"[""435265"", ""27736""]",HIGH_RISK
2015-06-02 21:09:00,2015-06-02 21:14:00,145,1,0,1,100.0,"[""27736""]",HIGH_RISK
2015-06-02 21:10:00,2015-06-02 21:15:00,134,1,0,1,100.0,"[""27736""]",HIGH_RISK
2015-06-02 21:11:00,2015-06-02 21:16:00,132,2,0,2,100.0,"[""27736"", ""324804""]",HIGH_RISK
2015-06-02 21:12:00,2015-06-02 21:17:00,125,1,0,1,100.0,"[""324804""]",HIGH_RISK
2015-06-02 21:13:00,2015-06-02 21:18:00,103,2,0,2,100.0,"[""324804"", ""41422""]",HIGH_RISK
2015-06-02 21:14:00,2015-06-02 21:19:00,104,4,1,4,100.0,"[""324804"", ""41422"", ""181045"", ""422356""]",HIGH_RISK
2015-06-02 21:15:00,2015-06-02 21:20:00,106,4,1,4,100.0,"[""324804"", ""41422"", ""181045"", ""422356""]",HIGH_RISK
2015-06-02 21:16:00,2015-06-02 21:21:00,117,4,1,4,100.0,"[""41422"", ""181045"", ""422356"", ""441668""]",HIGH_RISK
2015-06-02 21:17:00,2015-06-02 21:22:00,120,4,1,4,100.0,"[""41422"", ""181045"", ""422356"", ""441668""]",HIGH_RISK
2015-06-02 21:18:00,2015-06-02 21:23:00,124,3,1,3,100.0,"[""181045"", ""422356"", ""441668""]",HIGH_RISK
2015-06-02 21:19:00,2015-06-02 21:24:00,126,1,0,1,100.0,"[""441668""]",HIGH_RISK
2015-06-02 21:20:00,2015-06-02 21:25:00,122,2,1,2,100.0,"[""441668"", ""449489""]",HIGH_RISK
2015-06-02 21:21:00,2015-06-02 21:26:00,127,2,1,2,100.0,"[""449489"", ""430808""]",HIGH_RISK
2015-06-02 21:22:00,2015-06-02 21:27:00,129,3,1,3,100.0,"[""449489"", ""430808"", ""62800""]",HIGH_RISK
2015-06-02 21:23:00,2015-06-02 21:28:00,126,4,1,4,100.0,"[""449489"", ""430808"", ""62800""]",HIGH_RISK
2015-06-02 21:24:00,2015-06-02 21:29:00,126,5,1,5,100.0,"[""449489"", ""430808"", ""62800"", ""315529""]",HIGH_RISK
2015-06-02 21:25:00,2015-06-02 21:30:00,133,6,0,6,100.0,"[""430808"", ""62800"", ""449489"", ""315529"", ""15312""]",HIGH_RISK
2015-06-02 21:26:00,2015-06-02 21:31:00,125,5,0,5,100.0,"[""62800"", ""449489"", ""315529"", ""15312"", ""273747""]",HIGH_RISK
2015-06-02 21:27:00,2015-06-02 21:32:00,127,5,0,5,100.0,"[""449489"", ""315529"", ""15312"", ""273747"", ""406121""]",HIGH_RISK
2015-06-02 21:28:00,2015-06-02 21:33:00,139,4,0,4,100.0,"[""315529"", ""15312"", ""273747"", ""406121""]",HIGH_RISK
2015-06-02 21:29:00,2015-06-02 21:34:00,141,6,1,6,100.0,"[""15312"", ""273747"", ""406121"", ""127722"", ""123079""]",HIGH_RISK
2015-06-02 21:30:00,2015-06-02 21:35:00,135,5,1,5,100.0,"[""406121"", ""127722"", ""123079"", ""44001"", ""185211""]",HIGH_RISK
2015-06-02 21:31:00,2015-06-02 21:36:00,133,6,2,5,83.3333,"[""406121"", ""127722"", ""44001"", ""185211"", ""8641""]",HIGH_RISK
2015-06-02 21:32:00,2015-06-02 21:37:00,125,5,2,4,80.0,"[""127722"", ""44001"", ""185211"", ""8641""]",HIGH_RISK
2015-06-02 21:33:00,2015-06-02 21:38:00,117,5,3,3,60.0,"[""127722"", ""185211"", ""8641""]",NORMAL
2015-06-02 21:34:00,2015-06-02 21:39:00,112,2,2,2,100.0,"[""185211"", ""8641""]",HIGH_RISK
2015-06-02 21:35:00,2015-06-02 21:40:00,123,1,8,0,0.0,[],NORMAL
2015-06-02 21:36:00,2015-06-02 21:41:00,128,2,7,2,100.0,"[""368283"", ""296968""]",HIGH_RISK
2015-06-02 21:37:00,2015-06-02 21:42:00,136,3,7,3,100.0,"[""368283"", ""296968"", ""312728""]",HIGH_RISK
2015-06-02 21:38:00,2015-06-02 21:43:00,129,3,6,3,100.0,"[""368283"", ""296968"", ""312728""]",HIGH_RISK
2015-06-02 21:39:00,2015-06-02 21:44:00,138,3,7,2,66.6667,"[""296968"", ""312728""]",HIGH_RISK
2015-06-02 21:40:00,2015-06-02 21:45:00,136,3,1,2,66.6667,"[""296968"", ""312728""]",HIGH_RISK
2015-06-02 21:41:00,2015-06-02 21:46:00,134,2,1,2,100.0,"[""312728"", ""206218""]",HIGH_RISK
2015-06-02 21:42:00,2015-06-02 21:47:00,129,3,1,3,100.0,"[""206218"", ""52539"", ""156767""]",HIGH_RISK
2015-06-02 21:43:00,2015-06-02 21:48:00,134,4,1,4,100.0,"[""206218"", ""52539"", ""156767"", ""179290""]",HIGH_RISK
2015-06-02 21:44:00,2015-06-02 21:49:00,119,4,0,4,100.0,"[""206218"", ""52539"", ""156767"", ""179290""]",HIGH_RISK
2015-06-02 21:45:00,2015-06-02 21:50:00,119,4,1,3,75.0,"[""206218"", ""52539"", ""156767""]",HIGH_RISK
2015-06-02 21:46:00,2015-06-02 21:51:00,119,3,1,2,66.6667,"[""52539"", ""156767""]",HIGH_RISK
2015-06-02 21:47:00,2015-06-02 21:52:00,122,1,1,0,0.0,[],NORMAL
2015-06-02 21:48:00,2015-06-02 21:53:00,114,0,1,0,0.0,[],NORMAL
2015-06-02 21:49:00,2015-06-02 21:54:00,133,0,1,0,0.0,[],NORMAL
2015-06-02 21:50:00,2015-06-02 21:55:00,142,3,0,3,100.0,"[""123079"", ""126929"", ""153401""]",HIGH_RISK
2015-06-02 21:51:00,2015-06-02 21:56:00,147,3,1,3,100.0,"[""123079"", ""126929"", ""153401""]",HIGH_RISK
2015-06-02 21:52:00,2015-06-02 21:57:00,141,4,1,4,100.0,"[""123079"", ""126929"", ""153401"", ""360258""]",HIGH_RISK
2015-06-02 21:53:00,2015-06-02 21:58:00,156,4,1,4,100.0,"[""123079"", ""126929"", ""153401"", ""360258""]",HIGH_RISK
2015-06-02 21:54:00,2015-06-02 21:59:00,138,4,1,4,100.0,"[""123079"", ""126929"", ""153401"", ""360258""]",HIGH_RISK
2015-06-02 21:55:00,2015-06-02 22:00:00,126,1,1,1,100.0,"[""360258""]",HIGH_RISK
2015-06-02 21:56:00,2015-06-02 22:01:00,119,2,0,2,100.0,"[""360258"", ""54008""]",HIGH_RISK
2015-06-02 21:57:00,2015-06-02 22:02:00,118,2,1,2,100.0,"[""54008"", ""141846""]",HIGH_RISK
2015-06-02 21:58:00,2015-06-02 22:03:00,104,2,2,1,50.0,"[""141846""]",NORMAL
2015-06-02 21:59:00,2015-06-02 22:04:00,110,5,2,2,66.6667,"[""141846"", ""173291""]",HIGH_RISK
2015-06-02 22:00:00,2015-06-02 22:05:00,115,5,2,2,66.6667,"[""141846"", ""173291""]",HIGH_RISK
2015-06-02 22:01:00,2015-06-02 22:06:00,116,4,2,2,100.0,"[""141846"", ""173291""]",HIGH_RISK
2015-06-02 22:02:00,2015-06-02 22:07:00,116,4,1,2,100.0,"[""173291"", ""299915""]",HIGH_RISK
2015-06-02 22:03:00,2015-06-02 22:08:00,122,7,1,4,80.0,"[""173291"", ""281212"", ""361103"", ""102535""]",HIGH_RISK
2015-06-02 22:04:00,2015-06-02 22:09:00,127,6,1,5,83.3333,"[""281212"", ""361103"", ""102535"", ""416170"", ""207098""]",HIGH_RISK
2015-06-02 22:05:00,2015-06-02 22:10:00,125,6,1,5,83.3333,"[""281212"", ""361103"", ""102535"", ""416170"", ""207098""]",HIGH_RISK
2015-06-02 22:06:00,2015-06-02 22:11:00,130,6,1,5,83.3333,"[""281212"", ""361103"", ""102535"", ""416170"", ""207098""]",HIGH_RISK
2015-06-02 22:07:00,2015-06-02 22:12:00,135,5,1,5,100.0,"[""281212"", ""361103"", ""102535"", ""416170"", ""207098""]",HIGH_RISK
2015-06-02 22:08:00,2015-06-02 22:13:00,140,2,0,2,100.0,"[""416170"", ""207098""]",HIGH_RISK
2015-06-02 22:09:00,2015-06-02 22:14:00,142,0,1,0,0.0,[],NORMAL
2015-06-02 22:10:00,2015-06-02 22:15:00,149,0,1,0,0.0,[],NORMAL
2015-06-02 22:11:00,2015-06-02 22:16:00,151,0,1,0,0.0,[],NORMAL
2015-06-02 22:12:00,2015-06-02 22:17:00,153,0,1,0,0.0,[],NORMAL
2015-06-02 22:13:00,2015-06-02 22:18:00,156,0,1,0,0.0,[],NORMAL
2015-06-02 22:14:00,2015-06-02 22:19:00,156,0,0,0,0.0,[],NORMAL
2015-06-02 22:15:00,2015-06-02 22:20:00,145,1,0,1,100.0,"[""445728""]",HIGH_RISK
2015-06-02 22:16:00,2015-06-02 22:21:00,136,1,0,1,100.0,"[""445728""]",HIGH_RISK
2015-06-02 22:17:00,2015-06-02 22:22:00,127,1,0,1,100.0,"[""445728""]",HIGH_RISK
2015-06-02 22:18:00,2015-06-02 22:23:00,129,1,0,1,100.0,"[""445728""]",HIGH_RISK
2015-06-02 22:19:00,2015-06-02 22:24:00,131,1,0,1,100.0,"[""445728""]",HIGH_RISK
2015-06-02 22:20:00,2015-06-02 22:25:00,134,0,3,0,0.0,[],NORMAL
2015-06-02 22:21:00,2015-06-02 22:26:00,148,0,3,0,0.0,[],NORMAL
2015-06-02 22:22:00,2015-06-02 22:27:00,160,0,3,0,0.0,[],NORMAL
2015-06-02 22:23:00,2015-06-02 22:28:00,149,0,3,0,0.0,[],NORMAL
2015-06-02 22:24:00,2015-06-02 22:29:00,133,1,3,1,100.0,"[""30024""]",HIGH_RISK
2015-06-02 22:25:00,2015-06-02 22:30:00,131,1,1,0,0.0,[],NORMAL
2015-06-02 22:26:00,2015-06-02 22:31:00,118,3,1,2,66.6667,"[""365832"", ""279905""]",HIGH_RISK
2015-06-02 22:27:00,2015-06-02 22:32:00,106,3,1,2,66.6667,"[""365832"", ""279905""]",HIGH_RISK
2015-06-02 22:28:00,2015-06-02 22:33:00,109,3,1,2,66.6667,"[""365832"", ""279905""]",HIGH_RISK
2015-06-02 22:29:00,2015-06-02 22:34:00,116,3,1,3,100.0,"[""365832"", ""279905"", ""348143""]",HIGH_RISK
2015-06-02 22:30:00,2015-06-02 22:35:00,120,4,0,4,100.0,"[""365832"", ""279905"", ""348143"", ""445728""]",HIGH_RISK
2015-06-02 22:31:00,2015-06-02 22:36:00,120,3,0,3,100.0,"[""348143"", ""445728"", ""98893""]",HIGH_RISK
2015-06-02 22:32:00,2015-06-02 22:37:00,129,3,0,3,100.0,"[""348143"", ""445728"", ""98893""]",HIGH_RISK
2015-06-02 22:33:00,2015-06-02 22:38:00,127,3,0,3,100.0,"[""348143"", ""445728"", ""98893""]",HIGH_RISK
2015-06-02 22:34:00,2015-06-02 22:39:00,122,4,0,4,100.0,"[""445728"", ""98893"", ""465951"", ""253549""]",HIGH_RISK
2015-06-02 22:35:00,2015-06-02 22:40:00,117,5,0,5,100.0,"[""98893"", ""465951"", ""253549"", ""77791"", ""361038""]",HIGH_RISK
2015-06-02 22:36:00,2015-06-02 22:41:00,129,6,0,6,100.0,"[""465951"", ""253549"", ""77791"", ""361038"", ""443030""]",HIGH_RISK
2015-06-02 22:37:00,2015-06-02 22:42:00,129,6,3,3,50.0,"[""253549"", ""77791"", ""86904""]",NORMAL
2015-06-02 22:38:00,2015-06-02 22:43:00,126,6,3,3,50.0,"[""253549"", ""77791"", ""86904""]",NORMAL
2015-06-02 22:39:00,2015-06-02 22:44:00,131,5,3,3,60.0,"[""77791"", ""86904"", ""83586""]",NORMAL
2015-06-02 22:40:00,2015-06-02 22:45:00,132,3,3,2,66.6667,"[""86904"", ""83586""]",HIGH_RISK
2015-06-02 22:41:00,2015-06-02 22:46:00,118,2,4,2,100.0,"[""83586"", ""393809""]",HIGH_RISK
2015-06-02 22:42:00,2015-06-02 22:47:00,115,2,1,2,100.0,"[""83586"", ""393809""]",HIGH_RISK
2015-06-02 22:43:00,2015-06-02 22:48:00,114,2,1,2,100.0,"[""83586"", ""393809""]",HIGH_RISK
2015-06-02 22:44:00,2015-06-02 22:49:00,114,1,1,1,100.0,"[""393809""]",HIGH_RISK
2015-06-02 22:45:00,2015-06-02 22:50:00,110,1,3,1,100.0,"[""393809""]",HIGH_RISK
2015-06-02 22:46:00,2015-06-02 22:51:00,114,2,2,2,100.0,"[""133814"", ""179601""]",HIGH_RISK
2015-06-02 22:47:00,2015-06-02 22:52:00,122,2,2,2,100.0,"[""133814"", ""179601""]",HIGH_RISK
2015-06-02 22:48:00,2015-06-02 22:53:00,133,2,2,2,100.0,"[""133814"", ""179601""]",HIGH_RISK
2015-06-02 22:49:00,2015-06-02 22:54:00,127,2,2,2,100.0,"[""133814"", ""179601""]",HIGH_RISK
2015-06-02 22:50:00,2015-06-02 22:55:00,130,5,0,5,100.0,"[""133814"", ""179601"", ""364449"", ""55133"", ""396575""]",HIGH_RISK
2015-06-02 22:51:00,2015-06-02 22:56:00,133,4,0,4,100.0,"[""364449"", ""55133"", ""396575"", ""410647""]",HIGH_RISK
2015-06-02 22:52:00,2015-06-02 22:57:00,128,4,1,3,75.0,"[""55133"", ""396575"", ""410647""]",HIGH_RISK
2015-06-02 22:53:00,2015-06-02 22:58:00,122,4,1,3,75.0,"[""55133"", ""396575"", ""410647""]",HIGH_RISK
2015-06-02 22:54:00,2015-06-02 22:59:00,123,5,2,3,60.0,"[""396575"", ""410647"", ""19981""]",NORMAL
2015-06-02 22:55:00,2015-06-02 23:00:00,113,2,2,2,100.0,"[""410647"", ""19981""]",HIGH_RISK
2015-06-02 22:56:00,2015-06-02 23:01:00,107,1,2,1,100.0,"[""19981""]",HIGH_RISK
2015-06-02 22:57:00,2015-06-02 23:02:00,97,1,1,1,100.0,"[""19981""]",HIGH_RISK
2015-06-02 22:58:00,2015-06-02 23:03:00,90,1,1,1,100.0,"[""19981""]",HIGH_RISK
2015-06-02 22:59:00,2015-06-02 23:04:00,84,1,0,1,100.0,"[""268335""]",HIGH_RISK
2015-06-02 23:00:00,2015-06-02 23:05:00,84,2,0,2,100.0,"[""268335"", ""224614""]",HIGH_RISK
2015-06-02 23:01:00,2015-06-02 23:06:00,74,4,0,4,100.0,"[""268335"", ""224614"", ""397602"", ""390799""]",HIGH_RISK
2015-06-02 23:02:00,2015-06-02 23:07:00,70,4,1,3,75.0,"[""224614"", ""397602"", ""390799""]",HIGH_RISK
2015-06-02 23:03:00,2015-06-02 23:08:00,75,4,1,3,75.0,"[""224614"", ""397602"", ""390799""]",HIGH_RISK
2015-06-02 23:04:00,2015-06-02 23:09:00,82,3,1,3,100.0,"[""224614"", ""397602"", ""390799""]",HIGH_RISK
2015-06-02 23:05:00,2015-06-02 23:10:00,96,3,1,3,100.0,"[""397602"", ""390799"", ""158852""]",HIGH_RISK
2015-06-02 23:06:00,2015-06-02 23:11:00,115,1,1,1,100.0,"[""158852""]",HIGH_RISK
2015-06-02 23:07:00,2015-06-02 23:12:00,124,1,0,1,100.0,"[""158852""]",HIGH_RISK
2015-06-02 23:08:00,2015-06-02 23:13:00,121,2,0,2,100.0,"[""158852"", ""415610""]",HIGH_RISK
2015-06-02 23:09:00,2015-06-02 23:14:00,119,2,0,2,100.0,"[""158852"", ""415610""]",HIGH_RISK
2015-06-02 23:10:00,2015-06-02 23:15:00,110,1,0,1,100.0,"[""415610""]",HIGH_RISK
2015-06-02 23:11:00,2015-06-02 23:16:00,105,1,0,1,100.0,"[""415610""]",HIGH_RISK
2015-06-02 23:12:00,2015-06-02 23:17:00,102,1,0,1,100.0,"[""415610""]",HIGH_RISK
2015-06-02 23:13:00,2015-06-02 23:18:00,101,0,0,0,0.0,[],NORMAL
2015-06-02 23:14:00,2015-06-02 23:19:00,95,0,0,0,0.0,[],NORMAL
2015-06-02 23:15:00,2015-06-02 23:20:00,95,0,0,0,0.0,[],NORMAL
2015-06-02 23:16:00,2015-06-02 23:21:00,93,0,0,0,0.0,[],NORMAL
2015-06-02 23:17:00,2015-06-02 23:22:00,98,0,1,0,0.0,[],NORMAL
2015-06-02 23:18:00,2015-06-02 23:23:00,103,1,2,1,100.0,"[""358906""]",HIGH_RISK
2015-06-02 23:19:00,2015-06-02 23:24:00,119,1,2,1,100.0,"[""358906""]",HIGH_RISK
2015-06-02 23:20:00,2015-06-02 23:25:00,125,3,2,3,100.0,"[""358906"", ""1171"", ""18986""]",HIGH_RISK
2015-06-02 23:21:00,2015-06-02 23:26:00,133,4,2,4,100.0,"[""358906"", ""1171"", ""18986"", ""149767""]",HIGH_RISK
2015-06-02 23:22:00,2015-06-02 23:27:00,125,4,1,4,100.0,"[""358906"", ""1171"", ""18986"", ""149767""]",HIGH_RISK
2015-06-02 23:23:00,2015-06-02 23:28:00,118,3,0,3,100.0,"[""1171"", ""18986"", ""149767""]",HIGH_RISK
2015-06-02 23:24:00,2015-06-02 23:29:00,117,3,0,3,100.0,"[""1171"", ""18986"", ""149767""]",HIGH_RISK
2015-06-02 23:25:00,2015-06-02 23:30:00,119,1,0,1,100.0,"[""149767""]",HIGH_RISK
2015-06-02 23:26:00,2015-06-02 23:31:00,110,0,0,0,0.0,[],NORMAL
2015-06-02 23:27:00,2015-06-02 23:32:00,108,0,0,0,0.0,[],NORMAL
2015-06-02 23:28:00,2015-06-02 23:33:00,105,0,0,0,0.0,[],NORMAL
2015-06-02 23:29:00,2015-06-02 23:34:00,95,0,0,0,0.0,[],NORMAL
2015-06-02 23:30:00,2015-06-02 23:35:00,89,1,0,1,100.0,"[""430930""]",HIGH_RISK
2015-06-02 23:31:00,2015-06-02 23:36:00,78,1,0,1,100.0,"[""430930""]",HIGH_RISK
2015-06-02 23:32:00,2015-06-02 23:37:00,85,1,0,1,100.0,"[""430930""]",HIGH_RISK
2015-06-02 23:33:00,2015-06-02 23:38:00,89,1,0,1,100.0,"[""430930""]",HIGH_RISK
2015-06-02 23:34:00,2015-06-02 23:39:00,78,1,0,1,100.0,"[""430930""]",HIGH_RISK
2015-06-02 23:35:00,2015-06-02 23:40:00,86,0,0,0,0.0,[],NORMAL
2015-06-02 23:36:00,2015-06-02 23:41:00,97,1,0,1,100.0,"[""19142""]",HIGH_RISK
2015-06-02 23:37:00,2015-06-02 23:42:00,95,2,0,2,100.0,"[""19142"", ""132672""]",HIGH_RISK
2015-06-02 23:38:00,2015-06-02 23:43:00,98,2,0,2,100.0,"[""19142"", ""132672""]",HIGH_RISK
2015-06-02 23:39:00,2015-06-02 23:44:00,111,3,0,3,100.0,"[""19142"", ""132672"", ""39070""]",HIGH_RISK
2015-06-02 23:40:00,2015-06-02 23:45:00,97,3,0,3,100.0,"[""19142"", ""132672"", ""39070""]",HIGH_RISK
2015-06-02 23:41:00,2015-06-02 23:46:00,96,2,0,2,100.0,"[""132672"", ""39070""]",HIGH_RISK
2015-06-02 23:42:00,2015-06-02 23:47:00,92,1,0,1,100.0,"[""39070""]",HIGH_RISK
2015-06-02 23:43:00,2015-06-02 23:48:00,95,1,0,1,100.0,"[""39070""]",HIGH_RISK
2015-06-02 23:44:00,2015-06-02 23:49:00,90,0,0,0,0.0,[],NORMAL
2015-06-02 23:45:00,2015-06-02 23:50:00,88,0,0,0,0.0,[],NORMAL
2015-06-02 23:46:00,2015-06-02 23:51:00,81,0,0,0,0.0,[],NORMAL
2015-06-02 23:47:00,2015-06-02 23:52:00,93,0,3,0,0.0,[],NORMAL
2015-06-02 23:48:00,2015-06-02 23:53:00,87,1,3,1,100.0,"[""60980""]",HIGH_RISK
2015-06-02 23:49:00,2015-06-02 23:54:00,87,2,3,2,100.0,"[""60980"", ""365533""]",HIGH_RISK
2015-06-02 23:50:00,2015-06-02 23:55:00,102,2,3,2,100.0,"[""60980"", ""365533""]",HIGH_RISK
2015-06-02 23:51:00,2015-06-02 23:56:00,111,2,3,2,100.0,"[""60980"", ""365533""]",HIGH_RISK
2015-06-02 23:52:00,2015-06-02 23:57:00,115,4,0,4,100.0,"[""60980"", ""365533"", ""443755""]",HIGH_RISK
2015-06-02 23:53:00,2015-06-02 23:58:00,114,4,0,4,100.0,"[""365533"", ""443755"", ""60980"", ""26154""]",HIGH_RISK
2015-06-02 23:54:00,2015-06-02 23:59:00,117,3,0,3,100.0,"[""443755"", ""60980"", ""26154""]",HIGH_RISK
2015-06-02 23:55:00,2015-06-03 00:00:00,102,3,0,3,100.0,"[""443755"", ""60980"", ""26154""]",HIGH_RISK
2015-06-02 23:56:00,2015-06-03 00:01:00,91,3,0,3,100.0,"[""443755"", ""60980"", ""26154""]",HIGH_RISK
2015-06-02 23:57:00,2015-06-03 00:02:00,80,1,1,0,0.0,[],NORMAL
2015-06-02 23:58:00,2015-06-03 00:03:00,77,1,1,1,100.0,"[""445105""]",HIGH_RISK
2015-06-02 23:59:00,2015-06-03 00:04:00,71,1,1,1,100.0,"[""445105""]",HIGH_RISK
2015-06-03 00:00:00,2015-06-03 00:05:00,73,1,2,0,0.0,[],NORMAL
2015-06-03 00:01:00,2015-06-03 00:06:00,79,1,2,0,0.0,[],NORMAL
2015-06-03 00:02:00,2015-06-03 00:07:00,74,1,1,0,0.0,[],NORMAL
2015-06-03 00:03:00,2015-06-03 00:08:00,74,0,1,0,0.0,[],NORMAL
2015-06-03 00:04:00,2015-06-03 00:09:00,84,0,1,0,0.0,[],NORMAL
2015-06-03 00:05:00,2015-06-03 00:10:00,82,0,0,0,0.0,[],NORMAL
2015-06-03 00:06:00,2015-06-03 00:11:00,83,0,0,0,0.0,[],NORMAL
2015-06-03 00:07:00,2015-06-03 00:12:00,77,0,0,0,0.0,[],NORMAL
2015-06-03 00:08:00,2015-06-03 00:13:00,82,1,0,1,100.0,"[""301113""]",HIGH_RISK
2015-06-03 00:09:00,2015-06-03 00:14:00,74,1,0,1,100.0,"[""301113""]",HIGH_RISK
2015-06-03 00:10:00,2015-06-03 00:15:00,77,1,0,1,100.0,"[""301113""]",HIGH_RISK
2015-06-03 00:11:00,2015-06-03 00:16:00,82,1,0,1,100.0,"[""301113""]",HIGH_RISK
2015-06-03 00:12:00,2015-06-03 00:17:00,103,1,0,1,100.0,"[""301113""]",HIGH_RISK
2015-06-03 00:13:00,2015-06-03 00:18:00,102,0,0,0,0.0,[],NORMAL
2015-06-03 00:14:00,2015-06-03 00:19:00,110,0,0,0,0.0,[],NORMAL
2015-06-03 00:15:00,2015-06-03 00:20:00,116,1,0,1,100.0,"[""105334""]",HIGH_RISK
2015-06-03 00:16:00,2015-06-03 00:21:00,115,2,0,2,100.0,"[""105334"", ""363645""]",HIGH_RISK
2015-06-03 00:17:00,2015-06-03 00:22:00,107,3,0,3,100.0,"[""105334"", ""363645"", ""261011""]",HIGH_RISK
2015-06-03 00:18:00,2015-06-03 00:23:00,116,4,2,2,66.6667,"[""363645"", ""261011""]",HIGH_RISK
2015-06-03 00:19:00,2015-06-03 00:24:00,98,4,2,2,66.6667,"[""363645"", ""261011""]",HIGH_RISK
2015-06-03 00:20:00,2015-06-03 00:25:00,86,3,2,2,100.0,"[""363645"", ""261011""]",HIGH_RISK
2015-06-03 00:21:00,2015-06-03 00:26:00,83,2,2,1,100.0,"[""261011""]",HIGH_RISK
2015-06-03 00:22:00,2015-06-03 00:27:00,83,1,2,1,100.0,"[""261011""]",HIGH_RISK
2015-06-03 00:23:00,2015-06-03 00:28:00,79,0,0,0,0.0,[],NORMAL
2015-06-03 00:24:00,2015-06-03 00:29:00,93,0,0,0,0.0,[],NORMAL
2015-06-03 00:25:00,2015-06-03 00:30:00,113,2,0,2,100.0,"[""85771"", ""120098""]",HIGH_RISK
2015-06-03 00:26:00,2015-06-03 00:31:00,100,2,0,2,100.0,"[""85771"", ""120098""]",HIGH_RISK
2015-06-03 00:27:00,2015-06-03 00:32:00,91,3,0,3,100.0,"[""85771"", ""120098"", ""433543""]",HIGH_RISK
2015-06-03 00:28:00,2015-06-03 00:33:00,85,3,0,3,100.0,"[""85771"", ""120098"", ""433543""]",HIGH_RISK
2015-06-03 00:29:00,2015-06-03 00:34:00,84,3,0,3,100.0,"[""85771"", ""120098"", ""433543""]",HIGH_RISK
2015-06-03 00:30:00,2015-06-03 00:35:00,73,1,0,1,100.0,"[""433543""]",HIGH_RISK
2015-06-03 00:31:00,2015-06-03 00:36:00,78,1,0,1,100.0,"[""433543""]",HIGH_RISK
2015-06-03 00:32:00,2015-06-03 00:37:00,89,0,0,0,0.0,[],NORMAL
2015-06-03 00:33:00,2015-06-03 00:38:00,91,0,0,0,0.0,[],NORMAL
2015-06-03 00:34:00,2015-06-03 00:39:00,101,0,0,0,0.0,[],NORMAL
2015-06-03 00:35:00,2015-06-03 00:40:00,102,0,0,0,0.0,[],NORMAL
2015-06-03 00:36:00,2015-06-03 00:41:00,119,0,0,0,0.0,[],NORMAL
2015-06-03 00:37:00,2015-06-03 00:42:00,112,1,0,1,100.0,"[""355937""]",HIGH_RISK
2015-06-03 00:38:00,2015-06-03 00:43:00,114,2,0,2,100.0,"[""355937"", ""180751""]",HIGH_RISK
2015-06-03 00:39:00,2015-06-03 00:44:00,104,2,0,2,100.0,"[""355937"", ""180751""]",HIGH_RISK
2015-06-03 00:40:00,2015-06-03 00:45:00,106,2,0,2,100.0,"[""355937"", ""180751""]",HIGH_RISK
2015-06-03 00:41:00,2015-06-03 00:46:00,101,3,0,2,100.0,"[""355937"", ""180751""]",HIGH_RISK
2015-06-03 00:42:00,2015-06-03 00:47:00,100,3,0,3,100.0,"[""180751"", ""355937"", ""62641""]",HIGH_RISK
2015-06-03 00:43:00,2015-06-03 00:48:00,98,2,0,2,100.0,"[""355937"", ""62641""]",HIGH_RISK
2015-06-03 00:44:00,2015-06-03 00:49:00,97,2,0,2,100.0,"[""355937"", ""62641""]",HIGH_RISK
2015-06-03 00:45:00,2015-06-03 00:50:00,90,4,0,4,100.0,"[""355937"", ""62641"", ""220109"", ""416012""]",HIGH_RISK
2015-06-03 00:46:00,2015-06-03 00:51:00,80,4,0,4,100.0,"[""62641"", ""220109"", ""416012"", ""398728""]",HIGH_RISK
2015-06-03 00:47:00,2015-06-03 00:52:00,84,4,1,3,75.0,"[""220109"", ""398728"", ""284783""]",HIGH_RISK
2015-06-03 00:48:00,2015-06-03 00:53:00,87,6,1,5,83.3333,"[""220109"", ""398728"", ""284783"", ""165019"", ""330544""]",HIGH_RISK
2015-06-03 00:49:00,2015-06-03 00:54:00,85,7,1,6,85.7143,"[""220109"", ""398728"", ""284783"", ""165019"", ""330544""]",HIGH_RISK
2015-06-03 00:50:00,2015-06-03 00:55:00,94,6,1,6,100.0,"[""398728"", ""284783"", ""165019"", ""330544"", ""287871""]",HIGH_RISK
2015-06-03 00:51:00,2015-06-03 00:56:00,105,5,2,5,100.0,"[""284783"", ""165019"", ""330544"", ""287871"", ""454236""]",HIGH_RISK
2015-06-03 00:52:00,2015-06-03 00:57:00,96,4,1,4,100.0,"[""165019"", ""330544"", ""287871"", ""454236""]",HIGH_RISK
2015-06-03 00:53:00,2015-06-03 00:58:00,94,3,1,3,100.0,"[""287871"", ""454236"", ""357531""]",HIGH_RISK
2015-06-03 00:54:00,2015-06-03 00:59:00,94,2,1,2,100.0,"[""454236"", ""357531""]",HIGH_RISK
2015-06-03 00:55:00,2015-06-03 01:00:00,93,2,1,2,100.0,"[""357531"", ""276155""]",HIGH_RISK
2015-06-03 00:56:00,2015-06-03 01:01:00,85,3,0,3,100.0,"[""357531"", ""276155"", ""278830""]",HIGH_RISK
2015-06-03 00:57:00,2015-06-03 01:02:00,95,4,0,4,100.0,"[""357531"", ""276155"", ""278830"", ""341767""]",HIGH_RISK
2015-06-03 00:58:00,2015-06-03 01:03:00,95,5,0,5,100.0,"[""276155"", ""278830"", ""341767"", ""266476"", ""234255""]",HIGH_RISK
2015-06-03 00:59:00,2015-06-03 01:04:00,96,5,0,5,100.0,"[""276155"", ""278830"", ""341767"", ""266476"", ""234255""]",HIGH_RISK
2015-06-03 01:00:00,2015-06-03 01:05:00,92,5,0,5,100.0,"[""278830"", ""341767"", ""266476"", ""234255"", ""34269""]",HIGH_RISK
2015-06-03 01:01:00,2015-06-03 01:06:00,99,4,1,3,75.0,"[""341767"", ""266476"", ""34269""]",HIGH_RISK
2015-06-03 01:02:00,2015-06-03 01:07:00,94,3,1,2,66.6667,"[""266476"", ""34269""]",HIGH_RISK
2015-06-03 01:03:00,2015-06-03 01:08:00,93,1,1,1,100.0,"[""34269""]",HIGH_RISK
2015-06-03 01:04:00,2015-06-03 01:09:00,91,1,1,1,100.0,"[""34269""]",HIGH_RISK
2015-06-03 01:05:00,2015-06-03 01:10:00,87,1,1,1,100.0,"[""264604""]",HIGH_RISK
2015-06-03 01:06:00,2015-06-03 01:11:00,72,1,0,1,100.0,"[""264604""]",HIGH_RISK
2015-06-03 01:07:00,2015-06-03 01:12:00,73,2,0,2,100.0,"[""264604"", ""79801""]",HIGH_RISK
2015-06-03 01:08:00,2015-06-03 01:13:00,75,2,0,2,100.0,"[""264604"", ""79801""]",HIGH_RISK
2015-06-03 01:09:00,2015-06-03 01:14:00,76,2,0,2,100.0,"[""264604"", ""79801""]",HIGH_RISK
2015-06-03 01:10:00,2015-06-03 01:15:00,80,1,0,1,100.0,"[""79801""]",HIGH_RISK
2015-06-03 01:11:00,2015-06-03 01:16:00,88,1,0,1,100.0,"[""79801""]",HIGH_RISK
2015-06-03 01:12:00,2015-06-03 01:17:00,89,1,0,1,100.0,"[""326173""]",HIGH_RISK
2015-06-03 01:13:00,2015-06-03 01:18:00,101,1,0,1,100.0,"[""326173""]",HIGH_RISK
2015-06-03 01:14:00,2015-06-03 01:19:00,118,2,0,2,100.0,"[""326173"", ""303404""]",HIGH_RISK
2015-06-03 01:15:00,2015-06-03 01:20:00,119,2,0,2,100.0,"[""326173"", ""303404""]",HIGH_RISK
2015-06-03 01:16:00,2015-06-03 01:21:00,127,2,0,2,100.0,"[""326173"", ""303404""]",HIGH_RISK
2015-06-03 01:17:00,2015-06-03 01:22:00,125,4,0,4,100.0,"[""303404"", ""7574"", ""451501"", ""442131""]",HIGH_RISK
2015-06-03 01:18:00,2015-06-03 01:23:00,115,7,0,6,100.0,"[""303404"", ""7574"", ""451501"", ""442131"", ""158575""]",HIGH_RISK
2015-06-03 01:19:00,2015-06-03 01:24:00,104,6,0,5,100.0,"[""7574"", ""451501"", ""442131"", ""158575"", ""318333""]",HIGH_RISK
2015-06-03 01:20:00,2015-06-03 01:25:00,108,6,7,3,60.0,"[""442131"", ""158575"", ""318333""]",NORMAL
2015-06-03 01:21:00,2015-06-03 01:26:00,106,7,10,3,50.0,"[""442131"", ""318333"", ""214687""]",NORMAL
2015-06-03 01:22:00,2015-06-03 01:27:00,107,4,11,2,66.6667,"[""318333"", ""214687""]",HIGH_RISK
2015-06-03 01:23:00,2015-06-03 01:28:00,115,2,11,2,100.0,"[""214687"", ""361463""]",HIGH_RISK
2015-06-03 01:24:00,2015-06-03 01:29:00,112,2,11,2,100.0,"[""214687"", ""361463""]",HIGH_RISK
2015-06-03 01:25:00,2015-06-03 01:30:00,108,3,4,3,100.0,"[""214687"", ""361463"", ""187138""]",HIGH_RISK
2015-06-03 01:26:00,2015-06-03 01:31:00,107,3,1,3,100.0,"[""361463"", ""187138"", ""289298""]",HIGH_RISK
2015-06-03 01:27:00,2015-06-03 01:32:00,106,3,0,3,100.0,"[""361463"", ""187138"", ""289298""]",HIGH_RISK
2015-06-03 01:28:00,2015-06-03 01:33:00,98,2,0,2,100.0,"[""187138"", ""289298""]",HIGH_RISK
2015-06-03 01:29:00,2015-06-03 01:34:00,106,2,0,2,100.0,"[""187138"", ""289298""]",HIGH_RISK
2015-06-03 01:30:00,2015-06-03 01:35:00,101,1,0,1,100.0,"[""289298""]",HIGH_RISK
2015-06-03 01:31:00,2015-06-03 01:36:00,95,0,1,0,0.0,[],NORMAL
2015-06-03 01:32:00,2015-06-03 01:37:00,94,0,1,0,0.0,[],NORMAL
2015-06-03 01:33:00,2015-06-03 01:38:00,99,0,1,0,0.0,[],NORMAL
2015-06-03 01:34:00,2015-06-03 01:39:00,97,0,1,0,0.0,[],NORMAL
2015-06-03 01:35:00,2015-06-03 01:40:00,103,0,1,0,0.0,[],NORMAL
2015-06-03 01:36:00,2015-06-03 01:41:00,111,0,0,0,0.0,[],NORMAL
2015-06-03 01:37:00,2015-06-03 01:42:00,115,0,0,0,0.0,[],NORMAL
2015-06-03 01:38:00,2015-06-03 01:43:00,109,0,0,0,0.0,[],NORMAL
2015-06-03 01:39:00,2015-06-03 01:44:00,97,0,0,0,0.0,[],NORMAL
2015-06-03 01:40:00,2015-06-03 01:45:00,91,1,0,1,100.0,"[""408189""]",HIGH_RISK
2015-06-03 01:41:00,2015-06-03 01:46:00,87,1,0,1,100.0,"[""408189""]",HIGH_RISK
2015-06-03 01:42:00,2015-06-03 01:47:00,88,1,0,1,100.0,"[""408189""]",HIGH_RISK
2015-06-03 01:43:00,2015-06-03 01:48:00,89,2,0,2,100.0,"[""408189"", ""302884""]",HIGH_RISK
2015-06-03 01:44:00,2015-06-03 01:49:00,97,3,0,3,100.0,"[""408189"", ""302884"", ""359203""]",HIGH_RISK
2015-06-03 01:45:00,2015-06-03 01:50:00,107,3,0,3,100.0,"[""302884"", ""359203"", ""339763""]",HIGH_RISK
2015-06-03 01:46:00,2015-06-03 01:51:00,96,3,0,3,100.0,"[""302884"", ""359203"", ""339763""]",HIGH_RISK
2015-06-03 01:47:00,2015-06-03 01:52:00,94,3,0,3,100.0,"[""302884"", ""359203"", ""339763""]",HIGH_RISK
2015-06-03 01:48:00,2015-06-03 01:53:00,93,2,0,2,100.0,"[""359203"", ""339763""]",HIGH_RISK
2015-06-03 01:49:00,2015-06-03 01:54:00,89,1,0,1,100.0,"[""339763""]",HIGH_RISK
2015-06-03 01:50:00,2015-06-03 01:55:00,86,0,0,0,0.0,[],NORMAL
2015-06-03 01:51:00,2015-06-03 01:56:00,103,0,0,0,0.0,[],NORMAL
2015-06-03 01:52:00,2015-06-03 01:57:00,113,0,0,0,0.0,[],NORMAL
2015-06-03 01:53:00,2015-06-03 01:58:00,114,0,0,0,0.0,[],NORMAL
2015-06-03 01:54:00,2015-06-03 01:59:00,122,0,0,0,0.0,[],NORMAL
2015-06-03 01:55:00,2015-06-03 02:00:00,114,0,0,0,0.0,[],NORMAL
2015-06-03 01:56:00,2015-06-03 02:01:00,96,1,0,1,100.0,"[""248614""]",HIGH_RISK
2015-06-03 01:57:00,2015-06-03 02:02:00,92,1,0,1,100.0,"[""248614""]",HIGH_RISK
2015-06-03 01:58:00,2015-06-03 02:03:00,81,1,0,1,100.0,"[""248614""]",HIGH_RISK
2015-06-03 01:59:00,2015-06-03 02:04:00,73,1,0,1,100.0,"[""248614""]",HIGH_RISK
2015-06-03 02:00:00,2015-06-03 02:05:00,82,1,0,1,100.0,"[""248614""]",HIGH_RISK
2015-06-03 02:01:00,2015-06-03 02:06:00,88,0,0,0,0.0,[],NORMAL
2015-06-03 02:02:00,2015-06-03 02:07:00,81,1,0,1,100.0,"[""270404""]",HIGH_RISK
2015-06-03 02:03:00,2015-06-03 02:08:00,93,3,0,3,100.0,"[""270404"", ""221317"", ""340808""]",HIGH_RISK
2015-06-03 02:04:00,2015-06-03 02:09:00,101,5,0,5,100.0,"[""270404"", ""221317"", ""340808"", ""426104"", ""32227""]",HIGH_RISK
2015-06-03 02:05:00,2015-06-03 02:10:00,102,5,1,5,100.0,"[""270404"", ""221317"", ""340808"", ""426104"", ""32227""]",HIGH_RISK
2015-06-03 02:06:00,2015-06-03 02:11:00,102,5,1,5,100.0,"[""270404"", ""221317"", ""340808"", ""426104"", ""32227""]",HIGH_RISK
2015-06-03 02:07:00,2015-06-03 02:12:00,109,4,2,3,75.0,"[""340808"", ""426104"", ""32227""]",HIGH_RISK
2015-06-03 02:08:00,2015-06-03 02:13:00,109,3,2,3,100.0,"[""426104"", ""32227"", ""292444""]",HIGH_RISK
2015-06-03 02:09:00,2015-06-03 02:14:00,108,1,2,1,100.0,"[""292444""]",HIGH_RISK
2015-06-03 02:10:00,2015-06-03 02:15:00,99,1,1,1,100.0,"[""292444""]",HIGH_RISK
2015-06-03 02:11:00,2015-06-03 02:16:00,103,1,1,1,100.0,"[""292444""]",HIGH_RISK
2015-06-03 02:12:00,2015-06-03 02:17:00,106,2,0,2,100.0,"[""292444"", ""391289""]",HIGH_RISK
2015-06-03 02:13:00,2015-06-03 02:18:00,113,3,0,3,100.0,"[""391289"", ""113183"", ""168166""]",HIGH_RISK
2015-06-03 02:14:00,2015-06-03 02:19:00,106,4,0,4,100.0,"[""391289"", ""113183"", ""168166"", ""5470""]",HIGH_RISK
2015-06-03 02:15:00,2015-06-03 02:20:00,114,5,0,5,100.0,"[""391289"", ""113183"", ""168166"", ""5470"", ""217218""]",HIGH_RISK
2015-06-03 02:16:00,2015-06-03 02:21:00,117,5,0,5,100.0,"[""391289"", ""113183"", ""168166"", ""5470"", ""217218""]",HIGH_RISK
2015-06-03 02:17:00,2015-06-03 02:22:00,103,5,0,5,100.0,"[""113183"", ""168166"", ""5470"", ""217218"", ""164035""]",HIGH_RISK
2015-06-03 02:18:00,2015-06-03 02:23:00,95,3,2,2,66.6667,"[""5470"", ""217218""]",HIGH_RISK
2015-06-03 02:19:00,2015-06-03 02:24:00,97,2,2,1,50.0,"[""217218""]",NORMAL
2015-06-03 02:20:00,2015-06-03 02:25:00,106,1,2,0,0.0,[],NORMAL
2015-06-03 02:21:00,2015-06-03 02:26:00,99,2,2,1,50.0,"[""248614""]",NORMAL
2015-06-03 02:22:00,2015-06-03 02:27:00,107,2,2,2,100.0,"[""248614"", ""8641""]",HIGH_RISK
2015-06-03 02:23:00,2015-06-03 02:28:00,106,2,0,2,100.0,"[""248614"", ""8641""]",HIGH_RISK
2015-06-03 02:24:00,2015-06-03 02:29:00,100,3,0,3,100.0,"[""248614"", ""8641"", ""348361""]",HIGH_RISK
2015-06-03 02:25:00,2015-06-03 02:30:00,93,4,0,3,100.0,"[""248614"", ""8641"", ""348361""]",HIGH_RISK
2015-06-03 02:26:00,2015-06-03 02:31:00,96,3,0,2,100.0,"[""8641"", ""348361""]",HIGH_RISK
2015-06-03 02:27:00,2015-06-03 02:32:00,88,2,0,1,100.0,"[""348361""]",HIGH_RISK
2015-06-03 02:28:00,2015-06-03 02:33:00,89,2,0,1,100.0,"[""348361""]",HIGH_RISK
2015-06-03 02:29:00,2015-06-03 02:34:00,99,1,0,1,100.0,"[""348361""]",HIGH_RISK
2015-06-03 02:30:00,2015-06-03 02:35:00,91,1,0,1,100.0,"[""209306""]",HIGH_RISK
2015-06-03 02:31:00,2015-06-03 02:36:00,88,1,1,1,100.0,"[""209306""]",HIGH_RISK
2015-06-03 02:32:00,2015-06-03 02:37:00,95,2,1,2,100.0,"[""209306"", ""331159""]",HIGH_RISK
2015-06-03 02:33:00,2015-06-03 02:38:00,84,4,1,4,100.0,"[""209306"", ""331159"", ""116380"", ""262125""]",HIGH_RISK
2015-06-03 02:34:00,2015-06-03 02:39:00,84,4,1,4,100.0,"[""209306"", ""331159"", ""116380"", ""262125""]",HIGH_RISK
2015-06-03 02:35:00,2015-06-03 02:40:00,93,4,3,4,100.0,"[""331159"", ""116380"", ""262125"", ""15380""]",HIGH_RISK
2015-06-03 02:36:00,2015-06-03 02:41:00,98,4,2,4,100.0,"[""331159"", ""116380"", ""262125"", ""15380""]",HIGH_RISK
2015-06-03 02:37:00,2015-06-03 02:42:00,95,3,2,3,100.0,"[""116380"", ""262125"", ""15380""]",HIGH_RISK
2015-06-03 02:38:00,2015-06-03 02:43:00,106,2,2,2,100.0,"[""15380"", ""313835""]",HIGH_RISK
2015-06-03 02:39:00,2015-06-03 02:44:00,100,2,2,2,100.0,"[""15380"", ""313835""]",HIGH_RISK
2015-06-03 02:40:00,2015-06-03 02:45:00,94,1,0,1,100.0,"[""313835""]",HIGH_RISK
2015-06-03 02:41:00,2015-06-03 02:46:00,110,2,0,2,100.0,"[""313835"", ""179290""]",HIGH_RISK
2015-06-03 02:42:00,2015-06-03 02:47:00,116,4,0,3,100.0,"[""313835"", ""179290"", ""122219""]",HIGH_RISK
2015-06-03 02:43:00,2015-06-03 02:48:00,122,3,4,2,100.0,"[""179290"", ""122219""]",HIGH_RISK
2015-06-03 02:44:00,2015-06-03 02:49:00,130,5,4,4,100.0,"[""179290"", ""122219"", ""161623"", ""23762""]",HIGH_RISK
2015-06-03 02:45:00,2015-06-03 02:50:00,128,5,4,4,100.0,"[""179290"", ""122219"", ""161623"", ""23762""]",HIGH_RISK
2015-06-03 02:46:00,2015-06-03 02:51:00,116,5,4,4,100.0,"[""122219"", ""161623"", ""23762"", ""81770""]",HIGH_RISK
2015-06-03 02:47:00,2015-06-03 02:52:00,119,4,6,3,75.0,"[""161623"", ""81770"", ""62035""]",HIGH_RISK
2015-06-03 02:48:00,2015-06-03 02:53:00,114,4,2,3,75.0,"[""161623"", ""81770"", ""62035""]",HIGH_RISK
2015-06-03 02:49:00,2015-06-03 02:54:00,109,2,2,2,100.0,"[""81770"", ""62035""]",HIGH_RISK
2015-06-03 02:50:00,2015-06-03 02:55:00,110,2,2,2,100.0,"[""81770"", ""62035""]",HIGH_RISK
2015-06-03 02:51:00,2015-06-03 02:56:00,110,2,2,2,100.0,"[""62035"", ""382649""]",HIGH_RISK
2015-06-03 02:52:00,2015-06-03 02:57:00,103,1,0,1,100.0,"[""382649""]",HIGH_RISK
2015-06-03 02:53:00,2015-06-03 02:58:00,98,1,0,1,100.0,"[""382649""]",HIGH_RISK
2015-06-03 02:54:00,2015-06-03 02:59:00,96,1,0,1,100.0,"[""382649""]",HIGH_RISK
2015-06-03 02:55:00,2015-06-03 03:00:00,97,2,1,1,50.0,"[""124583""]",NORMAL
2015-06-03 02:56:00,2015-06-03 03:01:00,96,1,1,1,100.0,"[""124583""]",HIGH_RISK
2015-06-03 02:57:00,2015-06-03 03:02:00,94,1,1,1,100.0,"[""124583""]",HIGH_RISK
2015-06-03 02:58:00,2015-06-03 03:03:00,86,1,1,1,100.0,"[""124583""]",HIGH_RISK
2015-06-03 02:59:00,2015-06-03 03:04:00,92,1,1,1,100.0,"[""124583""]",HIGH_RISK
2015-06-03 03:00:00,2015-06-03 03:05:00,93,0,0,0,0.0,[],NORMAL
2015-06-03 03:01:00,2015-06-03 03:06:00,81,1,0,1,100.0,"[""37763""]",HIGH_RISK
2015-06-03 03:02:00,2015-06-03 03:07:00,87,3,0,3,100.0,"[""37763"", ""179159"", ""368159""]",HIGH_RISK
2015-06-03 03:03:00,2015-06-03 03:08:00,93,4,0,4,100.0,"[""37763"", ""179159"", ""368159"", ""466657""]",HIGH_RISK
2015-06-03 03:04:00,2015-06-03 03:09:00,87,4,0,4,100.0,"[""37763"", ""179159"", ""368159"", ""466657""]",HIGH_RISK
2015-06-03 03:05:00,2015-06-03 03:10:00,93,4,0,4,100.0,"[""37763"", ""179159"", ""368159"", ""466657""]",HIGH_RISK
2015-06-03 03:06:00,2015-06-03 03:11:00,98,3,0,3,100.0,"[""179159"", ""368159"", ""466657""]",HIGH_RISK
2015-06-03 03:07:00,2015-06-03 03:12:00,87,1,0,1,100.0,"[""466657""]",HIGH_RISK
2015-06-03 03:08:00,2015-06-03 03:13:00,87,1,0,1,100.0,"[""8724""]",HIGH_RISK
2015-06-03 03:09:00,2015-06-03 03:14:00,84,1,0,1,100.0,"[""8724""]",HIGH_RISK
2015-06-03 03:10:00,2015-06-03 03:15:00,80,1,1,0,0.0,[],NORMAL
2015-06-03 03:11:00,2015-06-03 03:16:00,84,1,1,0,0.0,[],NORMAL
2015-06-03 03:12:00,2015-06-03 03:17:00,90,2,1,1,50.0,"[""12609""]",NORMAL
2015-06-03 03:13:00,2015-06-03 03:18:00,89,2,1,2,100.0,"[""12609"", ""52776""]",HIGH_RISK
2015-06-03 03:14:00,2015-06-03 03:19:00,90,2,1,2,100.0,"[""12609"", ""52776""]",HIGH_RISK
2015-06-03 03:15:00,2015-06-03 03:20:00,82,2,0,2,100.0,"[""12609"", ""52776""]",HIGH_RISK
2015-06-03 03:16:00,2015-06-03 03:21:00,89,2,0,2,100.0,"[""12609"", ""52776""]",HIGH_RISK
2015-06-03 03:17:00,2015-06-03 03:22:00,90,1,0,1,100.0,"[""52776""]",HIGH_RISK
2015-06-03 03:18:00,2015-06-03 03:23:00,93,0,0,0,0.0,[],NORMAL
2015-06-03 03:19:00,2015-06-03 03:24:00,107,1,0,1,100.0,"[""359203""]",HIGH_RISK
2015-06-03 03:20:00,2015-06-03 03:25:00,112,1,0,1,100.0,"[""359203""]",HIGH_RISK
2015-06-03 03:21:00,2015-06-03 03:26:00,112,4,0,4,100.0,"[""359203"", ""431918"", ""328486"", ""110200""]",HIGH_RISK
2015-06-03 03:22:00,2015-06-03 03:27:00,108,4,0,4,100.0,"[""359203"", ""431918"", ""328486"", ""110200""]",HIGH_RISK
2015-06-03 03:23:00,2015-06-03 03:28:00,110,4,0,4,100.0,"[""359203"", ""431918"", ""328486"", ""110200""]",HIGH_RISK
2015-06-03 03:24:00,2015-06-03 03:29:00,97,3,0,3,100.0,"[""431918"", ""328486"", ""110200""]",HIGH_RISK
2015-06-03 03:25:00,2015-06-03 03:30:00,90,3,0,3,100.0,"[""431918"", ""328486"", ""110200""]",HIGH_RISK
2015-06-03 03:26:00,2015-06-03 03:31:00,75,1,0,1,100.0,"[""361431""]",HIGH_RISK
2015-06-03 03:27:00,2015-06-03 03:32:00,79,1,0,1,100.0,"[""361431""]",HIGH_RISK
2015-06-03 03:28:00,2015-06-03 03:33:00,76,1,0,1,100.0,"[""361431""]",HIGH_RISK
2015-06-03 03:29:00,2015-06-03 03:34:00,81,2,0,2,100.0,"[""361431"", ""451806""]",HIGH_RISK
2015-06-03 03:30:00,2015-06-03 03:35:00,93,3,0,3,100.0,"[""361431"", ""451806"", ""58638""]",HIGH_RISK
2015-06-03 03:31:00,2015-06-03 03:36:00,93,2,0,2,100.0,"[""451806"", ""58638""]",HIGH_RISK
2015-06-03 03:32:00,2015-06-03 03:37:00,96,2,1,1,50.0,"[""58638""]",NORMAL
2015-06-03 03:33:00,2015-06-03 03:38:00,109,2,1,1,50.0,"[""58638""]",NORMAL
2015-06-03 03:34:00,2015-06-03 03:39:00,115,2,1,2,100.0,"[""58638"", ""306328""]",HIGH_RISK
2015-06-03 03:35:00,2015-06-03 03:40:00,113,1,1,1,100.0,"[""306328""]",HIGH_RISK
2015-06-03 03:36:00,2015-06-03 03:41:00,127,2,1,2,100.0,"[""306328"", ""194643""]",HIGH_RISK
2015-06-03 03:37:00,2015-06-03 03:42:00,128,3,1,3,100.0,"[""306328"", ""194643"", ""249161""]",HIGH_RISK
2015-06-03 03:38:00,2015-06-03 03:43:00,132,3,1,3,100.0,"[""306328"", ""194643"", ""249161""]",HIGH_RISK
2015-06-03 03:39:00,2015-06-03 03:44:00,135,5,1,5,100.0,"[""194643"", ""249161"", ""396575"", ""20740"", ""114155""]",HIGH_RISK
2015-06-03 03:40:00,2015-06-03 03:45:00,133,6,1,6,100.0,"[""194643"", ""249161"", ""396575"", ""20740"", ""114155""]",HIGH_RISK
2015-06-03 03:41:00,2015-06-03 03:46:00,135,5,1,5,100.0,"[""249161"", ""396575"", ""20740"", ""114155"", ""421739""]",HIGH_RISK
2015-06-03 03:42:00,2015-06-03 03:47:00,128,4,0,4,100.0,"[""396575"", ""20740"", ""114155"", ""421739""]",HIGH_RISK
2015-06-03 03:43:00,2015-06-03 03:48:00,114,5,0,5,100.0,"[""396575"", ""20740"", ""114155"", ""421739"", ""198934""]",HIGH_RISK
2015-06-03 03:44:00,2015-06-03 03:49:00,104,3,0,3,100.0,"[""421739"", ""198934"", ""445785""]",HIGH_RISK
2015-06-03 03:45:00,2015-06-03 03:50:00,100,4,0,4,100.0,"[""198934"", ""445785"", ""368130"", ""502""]",HIGH_RISK
2015-06-03 03:46:00,2015-06-03 03:51:00,95,5,1,5,100.0,"[""198934"", ""445785"", ""368130"", ""502"", ""232172""]",HIGH_RISK
2015-06-03 03:47:00,2015-06-03 03:52:00,106,6,4,6,100.0,"[""198934"", ""445785"", ""368130"", ""502"", ""232172""]",HIGH_RISK
2015-06-03 03:48:00,2015-06-03 03:53:00,107,6,4,6,100.0,"[""445785"", ""368130"", ""502"", ""232172"", ""85366""]",HIGH_RISK
2015-06-03 03:49:00,2015-06-03 03:54:00,103,5,4,5,100.0,"[""368130"", ""502"", ""232172"", ""85366"", ""466861""]",HIGH_RISK
2015-06-03 03:50:00,2015-06-03 03:55:00,102,3,4,3,100.0,"[""232172"", ""85366"", ""466861""]",HIGH_RISK
2015-06-03 03:51:00,2015-06-03 03:56:00,97,2,3,2,100.0,"[""85366"", ""466861""]",HIGH_RISK
2015-06-03 03:52:00,2015-06-03 03:57:00,88,2,0,2,100.0,"[""466861"", ""391289""]",HIGH_RISK
2015-06-03 03:53:00,2015-06-03 03:58:00,89,1,0,1,100.0,"[""391289""]",HIGH_RISK
2015-06-03 03:54:00,2015-06-03 03:59:00,102,1,0,1,100.0,"[""391289""]",HIGH_RISK
2015-06-03 03:55:00,2015-06-03 04:00:00,102,1,0,1,100.0,"[""391289""]",HIGH_RISK
2015-06-03 03:56:00,2015-06-03 04:01:00,115,2,0,2,100.0,"[""391289"", ""432478""]",HIGH_RISK
2015-06-03 03:57:00,2015-06-03 04:02:00,111,1,0,1,100.0,"[""432478""]",HIGH_RISK
2015-06-03 03:58:00,2015-06-03 04:03:00,107,1,0,1,100.0,"[""432478""]",HIGH_RISK
2015-06-03 03:59:00,2015-06-03 04:04:00,102,2,0,2,100.0,"[""432478"", ""203915""]",HIGH_RISK
2015-06-03 04:00:00,2015-06-03 04:05:00,104,3,0,3,100.0,"[""432478"", ""203915"", ""407661""]",HIGH_RISK
2015-06-03 04:01:00,2015-06-03 04:06:00,100,2,0,2,100.0,"[""203915"", ""407661""]",HIGH_RISK
2015-06-03 04:02:00,2015-06-03 04:07:00,115,2,0,2,100.0,"[""203915"", ""407661""]",HIGH_RISK
2015-06-03 04:03:00,2015-06-03 04:08:00,109,2,0,2,100.0,"[""203915"", ""407661""]",HIGH_RISK
2015-06-03 04:04:00,2015-06-03 04:09:00,108,4,0,3,100.0,"[""407661"", ""181014"", ""440244""]",HIGH_RISK
2015-06-03 04:05:00,2015-06-03 04:10:00,118,5,0,3,100.0,"[""181014"", ""440244"", ""415393""]",HIGH_RISK
2015-06-03 04:06:00,2015-06-03 04:11:00,110,5,0,3,100.0,"[""181014"", ""440244"", ""415393""]",HIGH_RISK
2015-06-03 04:07:00,2015-06-03 04:12:00,96,6,0,4,100.0,"[""181014"", ""440244"", ""415393"", ""265012""]",HIGH_RISK
2015-06-03 04:08:00,2015-06-03 04:13:00,113,6,0,4,100.0,"[""181014"", ""440244"", ""415393"", ""265012""]",HIGH_RISK
2015-06-03 04:09:00,2015-06-03 04:14:00,114,3,0,2,100.0,"[""415393"", ""265012""]",HIGH_RISK
2015-06-03 04:10:00,2015-06-03 04:15:00,105,2,0,2,100.0,"[""265012"", ""466""]",HIGH_RISK
2015-06-03 04:11:00,2015-06-03 04:16:00,99,2,0,2,100.0,"[""265012"", ""466""]",HIGH_RISK
2015-06-03 04:12:00,2015-06-03 04:17:00,108,2,0,2,100.0,"[""466"", ""130371""]",HIGH_RISK
2015-06-03 04:13:00,2015-06-03 04:18:00,93,3,0,3,100.0,"[""466"", ""130371"", ""65820""]",HIGH_RISK
2015-06-03 04:14:00,2015-06-03 04:19:00,97,3,0,3,100.0,"[""466"", ""130371"", ""65820""]",HIGH_RISK
2015-06-03 04:15:00,2015-06-03 04:20:00,105,2,0,2,100.0,"[""130371"", ""65820""]",HIGH_RISK
2015-06-03 04:16:00,2015-06-03 04:21:00,109,2,0,2,100.0,"[""130371"", ""65820""]",HIGH_RISK
2015-06-03 04:17:00,2015-06-03 04:22:00,96,1,0,1,100.0,"[""65820""]",HIGH_RISK
2015-06-03 04:18:00,2015-06-03 04:23:00,106,0,0,0,0.0,[],NORMAL
2015-06-03 04:19:00,2015-06-03 04:24:00,89,0,0,0,0.0,[],NORMAL
2015-06-03 04:20:00,2015-06-03 04:25:00,84,0,0,0,0.0,[],NORMAL
2015-06-03 04:21:00,2015-06-03 04:26:00,91,1,0,1,100.0,"[""277609""]",HIGH_RISK
2015-06-03 04:22:00,2015-06-03 04:27:00,100,1,0,1,100.0,"[""277609""]",HIGH_RISK
2015-06-03 04:23:00,2015-06-03 04:28:00,91,1,0,1,100.0,"[""277609""]",HIGH_RISK
2015-06-03 04:24:00,2015-06-03 04:29:00,100,1,0,1,100.0,"[""277609""]",HIGH_RISK
2015-06-03 04:25:00,2015-06-03 04:30:00,93,1,0,1,100.0,"[""277609""]",HIGH_RISK
2015-06-03 04:26:00,2015-06-03 04:31:00,92,0,0,0,0.0,[],NORMAL
2015-06-03 04:27:00,2015-06-03 04:32:00,89,1,0,1,100.0,"[""205582""]",HIGH_RISK
2015-06-03 04:28:00,2015-06-03 04:33:00,89,1,0,1,100.0,"[""205582""]",HIGH_RISK
2015-06-03 04:29:00,2015-06-03 04:34:00,86,1,1,1,100.0,"[""205582""]",HIGH_RISK
2015-06-03 04:30:00,2015-06-03 04:35:00,90,2,1,2,100.0,"[""205582"", ""151471""]",HIGH_RISK
2015-06-03 04:31:00,2015-06-03 04:36:00,90,2,1,2,100.0,"[""205582"", ""151471""]",HIGH_RISK
2015-06-03 04:32:00,2015-06-03 04:37:00,87,1,1,1,100.0,"[""151471""]",HIGH_RISK
2015-06-03 04:33:00,2015-06-03 04:38:00,100,1,1,1,100.0,"[""151471""]",HIGH_RISK
2015-06-03 04:34:00,2015-06-03 04:39:00,97,1,0,1,100.0,"[""151471""]",HIGH_RISK
2015-06-03 04:35:00,2015-06-03 04:40:00,92,1,0,1,100.0,"[""415331""]",HIGH_RISK
2015-06-03 04:36:00,2015-06-03 04:41:00,86,1,1,1,100.0,"[""415331""]",HIGH_RISK
2015-06-03 04:37:00,2015-06-03 04:42:00,90,1,1,1,100.0,"[""415331""]",HIGH_RISK
2015-06-03 04:38:00,2015-06-03 04:43:00,80,1,1,1,100.0,"[""415331""]",HIGH_RISK
2015-06-03 04:39:00,2015-06-03 04:44:00,86,1,1,1,100.0,"[""415331""]",HIGH_RISK
2015-06-03 04:40:00,2015-06-03 04:45:00,92,0,1,0,0.0,[],NORMAL
2015-06-03 04:41:00,2015-06-03 04:46:00,99,0,0,0,0.0,[],NORMAL
2015-06-03 04:42:00,2015-06-03 04:47:00,100,0,0,0,0.0,[],NORMAL
2015-06-03 04:43:00,2015-06-03 04:48:00,104,0,0,0,0.0,[],NORMAL
2015-06-03 04:44:00,2015-06-03 04:49:00,102,0,0,0,0.0,[],NORMAL
2015-06-03 04:45:00,2015-06-03 04:50:00,103,0,0,0,0.0,[],NORMAL
2015-06-03 04:46:00,2015-06-03 04:51:00,91,0,0,0,0.0,[],NORMAL
2015-06-03 04:47:00,2015-06-03 04:52:00,91,0,0,0,0.0,[],NORMAL
2015-06-03 04:48:00,2015-06-03 04:53:00,83,0,0,0,0.0,[],NORMAL
2015-06-03 04:49:00,2015-06-03 04:54:00,98,0,0,0,0.0,[],NORMAL
2015-06-03 04:50:00,2015-06-03 04:55:00,103,0,0,0,0.0,[],NORMAL
2015-06-03 04:51:00,2015-06-03 04:56:00,110,0,0,0,0.0,[],NORMAL
2015-06-03 04:52:00,2015-06-03 04:57:00,105,1,0,1,100.0,"[""347576""]",HIGH_RISK
2015-06-03 04:53:00,2015-06-03 04:58:00,110,1,0,1,100.0,"[""347576""]",HIGH_RISK
2015-06-03 04:54:00,2015-06-03 04:59:00,97,2,0,2,100.0,"[""347576"", ""215904""]",HIGH_RISK
2015-06-03 04:55:00,2015-06-03 05:00:00,91,3,0,3,100.0,"[""347576"", ""215904"", ""138027""]",HIGH_RISK
2015-06-03 04:56:00,2015-06-03 05:01:00,85,3,0,3,100.0,"[""347576"", ""215904"", ""138027""]",HIGH_RISK
2015-06-03 04:57:00,2015-06-03 05:02:00,89,3,0,3,100.0,"[""215904"", ""138027"", ""41217""]",HIGH_RISK
2015-06-03 04:58:00,2015-06-03 05:03:00,89,3,0,3,100.0,"[""215904"", ""138027"", ""41217""]",HIGH_RISK
2015-06-03 04:59:00,2015-06-03 05:04:00,86,3,0,3,100.0,"[""138027"", ""41217"", ""143643""]",HIGH_RISK
2015-06-03 05:00:00,2015-06-03 05:05:00,87,3,0,3,100.0,"[""41217"", ""143643"", ""260559""]",HIGH_RISK
2015-06-03 05:01:00,2015-06-03 05:06:00,95,4,0,4,100.0,"[""41217"", ""143643"", ""260559"", ""298056""]",HIGH_RISK
2015-06-03 05:02:00,2015-06-03 05:07:00,96,4,0,4,100.0,"[""143643"", ""260559"", ""298056"", ""203117""]",HIGH_RISK
2015-06-03 05:03:00,2015-06-03 05:08:00,103,4,0,4,100.0,"[""143643"", ""260559"", ""298056"", ""203117""]",HIGH_RISK
2015-06-03 05:04:00,2015-06-03 05:09:00,102,3,0,3,100.0,"[""260559"", ""298056"", ""203117""]",HIGH_RISK
2015-06-03 05:05:00,2015-06-03 05:10:00,104,3,0,3,100.0,"[""298056"", ""203117"", ""336359""]",HIGH_RISK
2015-06-03 05:06:00,2015-06-03 05:11:00,99,2,0,2,100.0,"[""203117"", ""336359""]",HIGH_RISK
2015-06-03 05:07:00,2015-06-03 05:12:00,90,1,0,1,100.0,"[""336359""]",HIGH_RISK
2015-06-03 05:08:00,2015-06-03 05:13:00,84,1,0,1,100.0,"[""336359""]",HIGH_RISK
2015-06-03 05:09:00,2015-06-03 05:14:00,86,1,0,1,100.0,"[""336359""]",HIGH_RISK
2015-06-03 05:10:00,2015-06-03 05:15:00,85,0,0,0,0.0,[],NORMAL
2015-06-03 05:11:00,2015-06-03 05:16:00,91,0,0,0,0.0,[],NORMAL
2015-06-03 05:12:00,2015-06-03 05:17:00,94,1,0,1,100.0,"[""380649""]",HIGH_RISK
2015-06-03 05:13:00,2015-06-03 05:18:00,92,2,0,2,100.0,"[""380649"", ""30024""]",HIGH_RISK
2015-06-03 05:14:00,2015-06-03 05:19:00,93,2,0,2,100.0,"[""380649"", ""30024""]",HIGH_RISK
2015-06-03 05:15:00,2015-06-03 05:20:00,93,3,0,3,100.0,"[""380649"", ""30024"", ""229504""]",HIGH_RISK
2015-06-03 05:16:00,2015-06-03 05:21:00,89,3,0,3,100.0,"[""380649"", ""30024"", ""229504""]",HIGH_RISK
2015-06-03 05:17:00,2015-06-03 05:22:00,92,2,0,2,100.0,"[""30024"", ""229504""]",HIGH_RISK
2015-06-03 05:18:00,2015-06-03 05:23:00,97,1,0,1,100.0,"[""229504""]",HIGH_RISK
2015-06-03 05:19:00,2015-06-03 05:24:00,92,1,0,1,100.0,"[""229504""]",HIGH_RISK
2015-06-03 05:20:00,2015-06-03 05:25:00,88,0,0,0,0.0,[],NORMAL
2015-06-03 05:21:00,2015-06-03 05:26:00,93,0,0,0,0.0,[],NORMAL
2015-06-03 05:22:00,2015-06-03 05:27:00,87,0,1,0,0.0,[],NORMAL
2015-06-03 05:23:00,2015-06-03 05:28:00,79,0,1,0,0.0,[],NORMAL
2015-06-03 05:24:00,2015-06-03 05:29:00,82,0,1,0,0.0,[],NORMAL
2015-06-03 05:25:00,2015-06-03 05:30:00,80,1,1,1,100.0,"[""9018""]",HIGH_RISK
2015-06-03 05:26:00,2015-06-03 05:31:00,72,1,1,1,100.0,"[""9018""]",HIGH_RISK
2015-06-03 05:27:00,2015-06-03 05:32:00,78,1,0,1,100.0,"[""9018""]",HIGH_RISK
2015-06-03 05:28:00,2015-06-03 05:33:00,89,2,0,2,100.0,"[""9018"", ""13576""]",HIGH_RISK
2015-06-03 05:29:00,2015-06-03 05:34:00,86,2,0,2,100.0,"[""9018"", ""13576""]",HIGH_RISK
2015-06-03 05:30:00,2015-06-03 05:35:00,95,1,0,1,100.0,"[""13576""]",HIGH_RISK
2015-06-03 05:31:00,2015-06-03 05:36:00,105,1,0,1,100.0,"[""13576""]",HIGH_RISK
2015-06-03 05:32:00,2015-06-03 05:37:00,105,1,0,1,100.0,"[""13576""]",HIGH_RISK
2015-06-03 05:33:00,2015-06-03 05:38:00,97,1,0,1,100.0,"[""221501""]",HIGH_RISK
2015-06-03 05:34:00,2015-06-03 05:39:00,101,2,0,2,100.0,"[""221501"", ""448119""]",HIGH_RISK
2015-06-03 05:35:00,2015-06-03 05:40:00,87,2,0,2,100.0,"[""221501"", ""448119""]",HIGH_RISK
2015-06-03 05:36:00,2015-06-03 05:41:00,77,2,0,2,100.0,"[""221501"", ""448119""]",HIGH_RISK
2015-06-03 05:37:00,2015-06-03 05:42:00,79,4,0,4,100.0,"[""221501"", ""448119"", ""9025"", ""51755""]",HIGH_RISK
2015-06-03 05:38:00,2015-06-03 05:43:00,84,3,0,3,100.0,"[""448119"", ""9025"", ""51755""]",HIGH_RISK
2015-06-03 05:39:00,2015-06-03 05:44:00,74,3,0,3,100.0,"[""9025"", ""51755"", ""234463""]",HIGH_RISK
2015-06-03 05:40:00,2015-06-03 05:45:00,81,5,0,5,100.0,"[""9025"", ""51755"", ""234463"", ""86057"", ""234493""]",HIGH_RISK
2015-06-03 05:41:00,2015-06-03 05:46:00,85,6,1,6,100.0,"[""9025"", ""51755"", ""234463"", ""86057"", ""234493""]",HIGH_RISK
2015-06-03 05:42:00,2015-06-03 05:47:00,95,5,1,5,100.0,"[""234463"", ""86057"", ""234493"", ""213670"", ""10785""]",HIGH_RISK
2015-06-03 05:43:00,2015-06-03 05:48:00,84,5,1,5,100.0,"[""234463"", ""86057"", ""234493"", ""213670"", ""10785""]",HIGH_RISK
2015-06-03 05:44:00,2015-06-03 05:49:00,91,4,1,4,100.0,"[""86057"", ""234493"", ""213670"", ""10785""]",HIGH_RISK
2015-06-03 05:45:00,2015-06-03 05:50:00,87,2,1,2,100.0,"[""213670"", ""10785""]",HIGH_RISK
2015-06-03 05:46:00,2015-06-03 05:51:00,80,1,0,1,100.0,"[""10785""]",HIGH_RISK
2015-06-03 05:47:00,2015-06-03 05:52:00,69,1,0,1,100.0,"[""171143""]",HIGH_RISK
2015-06-03 05:48:00,2015-06-03 05:53:00,74,2,0,2,100.0,"[""171143"", ""290126""]",HIGH_RISK
2015-06-03 05:49:00,2015-06-03 05:54:00,69,2,0,2,100.0,"[""171143"", ""290126""]",HIGH_RISK
2015-06-03 05:50:00,2015-06-03 05:55:00,63,2,0,2,100.0,"[""171143"", ""290126""]",HIGH_RISK
2015-06-03 05:51:00,2015-06-03 05:56:00,59,3,0,3,100.0,"[""171143"", ""290126"", ""256721""]",HIGH_RISK
2015-06-03 05:52:00,2015-06-03 05:57:00,55,2,0,2,100.0,"[""290126"", ""256721""]",HIGH_RISK
2015-06-03 05:53:00,2015-06-03 05:58:00,59,1,0,1,100.0,"[""256721""]",HIGH_RISK
2015-06-03 05:54:00,2015-06-03 05:59:00,65,1,0,1,100.0,"[""256721""]",HIGH_RISK
2015-06-03 05:55:00,2015-06-03 06:00:00,68,1,0,1,100.0,"[""256721""]",HIGH_RISK
2015-06-03 05:56:00,2015-06-03 06:01:00,62,0,0,0,0.0,[],NORMAL
2015-06-03 05:57:00,2015-06-03 06:02:00,51,0,0,0,0.0,[],NORMAL
2015-06-03 05:58:00,2015-06-03 06:03:00,32,0,0,0,0.0,[],NORMAL
2015-06-03 05:59:00,2015-06-03 06:04:00,19,0,0,0,0.0,[],NORMAL
2015-06-03 06:00:00,2015-06-03 06:05:00,12,0,0,0,0.0,[],NORMAL
2015-06-03 06:01:00,2015-06-03 06:06:00,13,0,0,0,0.0,[],NORMAL
2015-06-03 06:02:00,2015-06-03 06:07:00,13,0,0,0,0.0,[],NORMAL
2015-06-03 06:03:00,2015-06-03 06:08:00,12,0,0,0,0.0,[],NORMAL
2015-06-03 06:04:00,2015-06-03 06:09:00,11,0,0,0,0.0,[],NORMAL
2015-06-03 06:05:00,2015-06-03 06:10:00,11,0,0,0,0.0,[],NORMAL
2015-06-03 06:06:00,2015-06-03 06:11:00,11,1,0,1,100.0,"[""121086""]",HIGH_RISK
2015-06-03 06:07:00,2015-06-03 06:12:00,9,2,0,2,100.0,"[""121086"", ""328869""]",HIGH_RISK
2015-06-03 06:08:00,2015-06-03 06:13:00,10,2,0,2,100.0,"[""121086"", ""328869""]",HIGH_RISK
2015-06-03 06:09:00,2015-06-03 06:14:00,10,2,0,2,100.0,"[""121086"", ""328869""]",HIGH_RISK
2015-06-03 06:10:00,2015-06-03 06:15:00,9,2,0,2,100.0,"[""121086"", ""328869""]",HIGH_RISK
2015-06-03 06:11:00,2015-06-03 06:16:00,9,1,0,1,100.0,"[""328869""]",HIGH_RISK
2015-06-03 06:12:00,2015-06-03 06:17:00,11,0,0,0,0.0,[],NORMAL
2015-06-03 06:13:00,2015-06-03 06:18:00,12,0,0,0,0.0,[],NORMAL
2015-06-03 06:14:00,2015-06-03 06:19:00,12,0,0,0,0.0,[],NORMAL
2015-06-03 06:15:00,2015-06-03 06:20:00,12,0,0,0,0.0,[],NORMAL
2015-06-03 06:16:00,2015-06-03 06:21:00,12,1,0,1,100.0,"[""366403""]",HIGH_RISK
2015-06-03 06:17:00,2015-06-03 06:22:00,11,1,0,1,100.0,"[""366403""]",HIGH_RISK
2015-06-03 06:18:00,2015-06-03 06:23:00,11,1,0,1,100.0,"[""366403""]",HIGH_RISK
2015-06-03 06:19:00,2015-06-03 06:24:00,11,1,0,1,100.0,"[""366403""]",HIGH_RISK
2015-06-03 06:20:00,2015-06-03 06:25:00,12,2,0,2,100.0,"[""366403"", ""309005""]",HIGH_RISK
2015-06-03 06:21:00,2015-06-03 06:26:00,12,1,0,1,100.0,"[""309005""]",HIGH_RISK
2015-06-03 06:22:00,2015-06-03 06:27:00,13,1,0,1,100.0,"[""309005""]",HIGH_RISK
2015-06-03 06:23:00,2015-06-03 06:28:00,10,1,0,1,100.0,"[""309005""]",HIGH_RISK
2015-06-03 06:24:00,2015-06-03 06:29:00,8,1,0,1,100.0,"[""309005""]",HIGH_RISK
2015-06-03 06:25:00,2015-06-03 06:30:00,8,0,0,0,0.0,[],NORMAL
2015-06-03 06:26:00,2015-06-03 06:31:00,8,0,0,0,0.0,[],NORMAL
2015-06-03 06:27:00,2015-06-03 06:32:00,7,0,0,0,0.0,[],NORMAL
2015-06-03 06:28:00,2015-06-03 06:33:00,11,0,0,0,0.0,[],NORMAL
2015-06-03 06:29:00,2015-06-03 06:34:00,11,0,0,0,0.0,[],NORMAL
2015-06-03 06:30:00,2015-06-03 06:35:00,11,0,0,0,0.0,[],NORMAL
2015-06-03 06:31:00,2015-06-03 06:36:00,10,0,0,0,0.0,[],NORMAL
2015-06-03 06:32:00,2015-06-03 06:37:00,11,0,0,0,0.0,[],NORMAL
2015-06-03 06:33:00,2015-06-03 06:38:00,10,0,0,0,0.0,[],NORMAL
2015-06-03 06:34:00,2015-06-03 06:39:00,11,0,0,0,0.0,[],NORMAL
2015-06-03 06:35:00,2015-06-03 06:40:00,8,0,0,0,0.0,[],NORMAL
2015-06-03 06:36:00,2015-06-03 06:41:00,7,0,0,0,0.0,[],NORMAL
2015-06-03 06:37:00,2015-06-03 06:42:00,5,0,0,0,0.0,[],NORMAL
2015-06-03 06:38:00,2015-06-03 06:43:00,5,0,0,0,0.0,[],NORMAL
2015-06-03 06:39:00,2015-06-03 06:44:00,5,0,0,0,0.0,[],NORMAL
2015-06-03 06:40:00,2015-06-03 06:45:00,6,0,0,0,0.0,[],NORMAL
2015-06-03 06:41:00,2015-06-03 06:46:00,6,0,0,0,0.0,[],NORMAL
2015-06-03 06:42:00,2015-06-03 06:47:00,5,0,0,0,0.0,[],NORMAL
2015-06-03 06:43:00,2015-06-03 06:48:00,4,0,0,0,0.0,[],NORMAL
2015-06-03 06:44:00,2015-06-03 06:49:00,3,0,0,0,0.0,[],NORMAL
2015-06-03 06:45:00,2015-06-03 06:50:00,5,0,0,0,0.0,[],NORMAL
2015-06-03 06:46:00,2015-06-03 06:51:00,6,0,0,0,0.0,[],NORMAL
2015-06-03 06:47:00,2015-06-03 06:52:00,9,0,0,0,0.0,[],NORMAL
2015-06-03 06:48:00,2015-06-03 06:53:00,9,0,0,0,0.0,[],NORMAL
2015-06-03 06:49:00,2015-06-03 06:54:00,10,1,0,1,100.0,"[""340190""]",HIGH_RISK
2015-06-03 06:50:00,2015-06-03 06:55:00,10,1,0,1,100.0,"[""340190""]",HIGH_RISK
2015-06-03 06:51:00,2015-06-03 06:56:00,9,1,0,1,100.0,"[""340190""]",HIGH_RISK
2015-06-03 06:52:00,2015-06-03 06:57:00,7,1,0,1,100.0,"[""340190""]",HIGH_RISK
2015-06-03 06:53:00,2015-06-03 06:58:00,6,1,0,1,100.0,"[""340190""]",HIGH_RISK
2015-06-03 06:54:00,2015-06-03 06:59:00,6,0,0,0,0.0,[],NORMAL
2015-06-03 06:55:00,2015-06-03 07:00:00,4,0,0,0,0.0,[],NORMAL
2015-06-03 06:56:00,2015-06-03 07:01:00,5,0,0,0,0.0,[],NORMAL
2015-06-03 06:57:00,2015-06-03 07:02:00,4,0,0,0,0.0,[],NORMAL
2015-06-03 06:58:00,2015-06-03 07:03:00,4,1,0,1,100.0,"[""43090""]",HIGH_RISK
2015-06-03 06:59:00,2015-06-03 07:04:00,4,1,0,1,100.0,"[""43090""]",HIGH_RISK
2015-06-03 07:00:00,2015-06-03 07:05:00,5,2,0,2,100.0,"[""43090"", ""432994""]",HIGH_RISK
2015-06-03 07:01:00,2015-06-03 07:06:00,6,2,0,2,100.0,"[""43090"", ""432994""]",HIGH_RISK
2015-06-03 07:02:00,2015-06-03 07:07:00,8,3,0,3,100.0,"[""43090"", ""432994"", ""214113""]",HIGH_RISK
2015-06-03 07:03:00,2015-06-03 07:08:00,10,2,0,2,100.0,"[""432994"", ""214113""]",HIGH_RISK
2015-06-03 07:04:00,2015-06-03 07:09:00,11,2,0,2,100.0,"[""432994"", ""214113""]",HIGH_RISK
2015-06-03 07:05:00,2015-06-03 07:10:00,9,1,0,1,100.0,"[""214113""]",HIGH_RISK
2015-06-03 07:06:00,2015-06-03 07:11:00,9,1,0,1,100.0,"[""214113""]",HIGH_RISK
2015-06-03 07:07:00,2015-06-03 07:12:00,9,0,0,0,0.0,[],NORMAL
2015-06-03 07:08:00,2015-06-03 07:13:00,6,0,0,0,0.0,[],NORMAL
2015-06-03 07:09:00,2015-06-03 07:14:00,4,0,0,0,0.0,[],NORMAL
2015-06-03 07:10:00,2015-06-03 07:15:00,4,0,0,0,0.0,[],NORMAL
2015-06-03 07:11:00,2015-06-03 07:16:00,3,0,0,0,0.0,[],NORMAL
2015-06-03 07:12:00,2015-06-03 07:17:00,3,0,0,0,0.0,[],NORMAL
2015-06-03 07:13:00,2015-06-03 07:18:00,3,0,0,0,0.0,[],NORMAL
2015-06-03 07:14:00,2015-06-03 07:19:00,4,0,0,0,0.0,[],NORMAL
2015-06-03 07:15:00,2015-06-03 07:20:00,6,0,0,0,0.0,[],NORMAL
2015-06-03 07:16:00,2015-06-03 07:21:00,6,0,0,0,0.0,[],NORMAL
2015-06-03 07:17:00,2015-06-03 07:22:00,4,0,0,0,0.0,[],NORMAL
2015-06-03 07:18:00,2015-06-03 07:23:00,6,0,0,0,0.0,[],NORMAL
2015-06-03 07:19:00,2015-06-03 07:24:00,6,0,0,0,0.0,[],NORMAL
2015-06-03 07:20:00,2015-06-03 07:25:00,4,0,0,0,0.0,[],NORMAL
2015-06-03 07:21:00,2015-06-03 07:26:00,3,0,0,0,0.0,[],NORMAL
2015-06-03 07:22:00,2015-06-03 07:27:00,4,0,0,0,0.0,[],NORMAL
2015-06-03 07:23:00,2015-06-03 07:28:00,3,0,0,0,0.0,[],NORMAL
2015-06-03 07:24:00,2015-06-03 07:29:00,2,0,0,0,0.0,[],NORMAL
2015-06-03 07:25:00,2015-06-03 07:30:00,2,0,0,0,0.0,[],NORMAL
2015-06-03 07:26:00,2015-06-03 07:31:00,3,0,0,0,0.0,[],NORMAL
2015-06-03 07:27:00,2015-06-03 07:32:00,2,0,0,0,0.0,[],NORMAL
2015-06-03 07:28:00,2015-06-03 07:33:00,2,0,0,0,0.0,[],NORMAL
2015-06-03 07:29:00,2015-06-03 07:34:00,4,0,0,0,0.0,[],NORMAL
2015-06-03 07:30:00,2015-06-03 07:35:00,5,0,0,0,0.0,[],NORMAL
2015-06-03 07:31:00,2015-06-03 07:36:00,6,0,0,0,0.0,[],NORMAL
2015-06-03 07:32:00,2015-06-03 07:37:00,8,0,0,0,0.0,[],NORMAL
2015-06-03 07:33:00,2015-06-03 07:38:00,8,0,0,0,0.0,[],NORMAL
2015-06-03 07:34:00,2015-06-03 07:39:00,6,0,0,0,0.0,[],NORMAL
2015-06-03 07:35:00,2015-06-03 07:40:00,6,0,0,0,0.0,[],NORMAL
2015-06-03 07:36:00,2015-06-03 07:41:00,5,0,0,0,0.0,[],NORMAL
2015-06-03 07:37:00,2015-06-03 07:42:00,4,0,0,0,0.0,[],NORMAL
2015-06-03 07:38:00,2015-06-03 07:43:00,4,1,0,1,100.0,"[""249659""]",HIGH_RISK
2015-06-03 07:39:00,2015-06-03 07:44:00,5,1,0,1,100.0,"[""249659""]",HIGH_RISK
2015-06-03 07:40:00,2015-06-03 07:45:00,6,1,0,1,100.0,"[""249659""]",HIGH_RISK
2015-06-03 07:41:00,2015-06-03 07:46:00,6,1,0,1,100.0,"[""249659""]",HIGH_RISK
2015-06-03 07:42:00,2015-06-03 07:47:00,6,1,0,1,100.0,"[""249659""]",HIGH_RISK
2015-06-03 07:43:00,2015-06-03 07:48:00,5,0,0,0,0.0,[],NORMAL
2015-06-03 07:44:00,2015-06-03 07:49:00,5,0,1,0,0.0,[],NORMAL
2015-06-03 07:45:00,2015-06-03 07:50:00,4,0,1,0,0.0,[],NORMAL
2015-06-03 07:46:00,2015-06-03 07:51:00,3,0,1,0,0.0,[],NORMAL
2015-06-03 07:47:00,2015-06-03 07:52:00,2,0,1,0,0.0,[],NORMAL
2015-06-03 07:48:00,2015-06-03 07:53:00,5,0,1,0,0.0,[],NORMAL
2015-06-03 07:49:00,2015-06-03 07:54:00,5,0,0,0,0.0,[],NORMAL
2015-06-03 07:50:00,2015-06-03 07:55:00,6,0,0,0,0.0,[],NORMAL
2015-06-03 07:51:00,2015-06-03 07:56:00,6,0,0,0,0.0,[],NORMAL
2015-06-03 07:52:00,2015-06-03 07:57:00,6,0,0,0,0.0,[],NORMAL
2015-06-03 07:53:00,2015-06-03 07:58:00,4,0,0,0,0.0,[],NORMAL
2015-06-03 07:54:00,2015-06-03 07:59:00,3,0,0,0,0.0,[],NORMAL
2015-06-03 07:55:00,2015-06-03 08:00:00,1,0,0,0,0.0,[],NORMAL
2015-06-03 07:56:00,2015-06-03 08:01:00,2,0,0,0,0.0,[],NORMAL
2015-06-03 07:57:00,2015-06-03 08:02:00,4,0,0,0,0.0,[],NORMAL
2015-06-03 07:58:00,2015-06-03 08:03:00,4,0,0,0,0.0,[],NORMAL
2015-06-03 07:59:00,2015-06-03 08:04:00,7,0,0,0,0.0,[],NORMAL
2015-06-03 08:00:00,2015-06-03 08:05:00,8,0,0,0,0.0,[],NORMAL
2015-06-03 08:01:00,2015-06-03 08:06:00,8,0,0,0,0.0,[],NORMAL
2015-06-03 08:02:00,2015-06-03 08:07:00,7,0,0,0,0.0,[],NORMAL
2015-06-03 08:03:00,2015-06-03 08:08:00,7,0,0,0,0.0,[],NORMAL
2015-06-03 08:04:00,2015-06-03 08:09:00,6,0,0,0,0.0,[],NORMAL
2015-06-03 08:05:00,2015-06-03 08:10:00,7,0,0,0,0.0,[],NORMAL
2015-06-03 08:06:00,2015-06-03 08:11:00,6,0,0,0,0.0,[],NORMAL
2015-06-03 08:07:00,2015-06-03 08:12:00,5,0,0,0,0.0,[],NORMAL
2015-06-03 08:08:00,2015-06-03 08:13:00,5,0,0,0,0.0,[],NORMAL
2015-06-03 08:09:00,2015-06-03 08:14:00,4,0,0,0,0.0,[],NORMAL
2015-06-03 08:10:00,2015-06-03 08:15:00,2,0,0,0,0.0,[],NORMAL
2015-06-03 08:11:00,2015-06-03 08:16:00,2,0,0,0,0.0,[],NORMAL
2015-06-03 08:12:00,2015-06-03 08:17:00,2,0,0,0,0.0,[],NORMAL
2015-06-03 08:13:00,2015-06-03 08:18:00,3,1,0,1,100.0,"[""163915""]",HIGH_RISK
2015-06-03 08:14:00,2015-06-03 08:19:00,2,1,0,1,100.0,"[""163915""]",HIGH_RISK
2015-06-03 08:15:00,2015-06-03 08:20:00,4,2,0,2,100.0,"[""163915"", ""196060""]",HIGH_RISK
2015-06-03 08:16:00,2015-06-03 08:21:00,4,2,0,2,100.0,"[""163915"", ""196060""]",HIGH_RISK
2015-06-03 08:17:00,2015-06-03 08:22:00,4,2,0,2,100.0,"[""163915"", ""196060""]",HIGH_RISK
2015-06-03 08:18:00,2015-06-03 08:23:00,2,1,0,1,100.0,"[""196060""]",HIGH_RISK
2015-06-03 08:19:00,2015-06-03 08:24:00,2,1,0,1,100.0,"[""196060""]",HIGH_RISK
2015-06-03 08:22:00,2015-06-03 08:27:00,1,0,0,0,0.0,[],NORMAL
2015-06-03 08:23:00,2015-06-03 08:28:00,2,0,0,0,0.0,[],NORMAL
2015-06-03 08:24:00,2015-06-03 08:29:00,2,0,0,0,0.0,[],NORMAL
2015-06-03 08:25:00,2015-06-03 08:30:00,2,0,0,0,0.0,[],NORMAL
2015-06-03 08:26:00,2015-06-03 08:31:00,4,0,0,0,0.0,[],NORMAL
2015-06-03 08:27:00,2015-06-03 08:32:00,3,0,0,0,0.0,[],NORMAL
2015-06-03 08:28:00,2015-06-03 08:33:00,2,0,0,0,0.0,[],NORMAL
2015-06-03 08:29:00,2015-06-03 08:34:00,3,0,0,0,0.0,[],NORMAL
2015-06-03 08:30:00,2015-06-03 08:35:00,5,0,0,0,0.0,[],NORMAL
2015-06-03 08:31:00,2015-06-03 08:36:00,4,0,0,0,0.0,[],NORMAL
2015-06-03 08:32:00,2015-06-03 08:37:00,4,0,0,0,0.0,[],NORMAL
2015-06-03 08:33:00,2015-06-03 08:38:00,4,0,0,0,0.0,[],NORMAL
2015-06-03 08:34:00,2015-06-03 08:39:00,3,0,0,0,0.0,[],NORMAL
2015-06-03 08:35:00,2015-06-03 08:40:00,1,0,0,0,0.0,[],NORMAL
2015-06-03 08:40:00,2015-06-03 08:45:00,1,0,0,0,0.0,[],NORMAL
2015-06-03 08:41:00,2015-06-03 08:46:00,1,0,0,0,0.0,[],NORMAL
2015-06-03 08:42:00,2015-06-03 08:47:00,1,0,0,0,0.0,[],NORMAL
2015-06-03 08:43:00,2015-06-03 08:48:00,2,0,0,0,0.0,[],NORMAL
2015-06-03 08:44:00,2015-06-03 08:49:00,3,0,0,0,0.0,[],NORMAL
2015-06-03 08:45:00,2015-06-03 08:50:00,3,0,0,0,0.0,[],NORMAL
2015-06-03 08:46:00,2015-06-03 08:51:00,4,0,0,0,0.0,[],NORMAL
2015-06-03 08:47:00,2015-06-03 08:52:00,4,0,0,0,0.0,[],NORMAL
2015-06-03 08:48:00,2015-06-03 08:53:00,4,0,0,0,0.0,[],NORMAL
2015-06-03 08:49:00,2015-06-03 08:54:00,4,0,0,0,0.0,[],NORMAL
2015-06-03 08:50:00,2015-06-03 08:55:00,4,0,0,0,0.0,[],NORMAL
2015-06-03 08:51:00,2015-06-03 08:56:00,5,0,0,0,0.0,[],NORMAL
2015-06-03 08:52:00,2015-06-03 08:57:00,5,0,0,0,0.0,[],NORMAL
2015-06-03 08:53:00,2015-06-03 08:58:00,4,0,0,0,0.0,[],NORMAL
2015-06-03 08:54:00,2015-06-03 08:59:00,3,0,0,0,0.0,[],NORMAL
2015-06-03 08:55:00,2015-06-03 09:00:00,3,0,0,0,0.0,[],NORMAL
2015-06-03 08:56:00,2015-06-03 09:01:00,1,0,0,0,0.0,[],NORMAL
2015-06-03 08:57:00,2015-06-03 09:02:00,1,0,0,0,0.0,[],NORMAL
2015-06-03 08:58:00,2015-06-03 09:03:00,1,0,0,0,0.0,[],NORMAL
2015-06-03 08:59:00,2015-06-03 09:04:00,1,0,0,0,0.0,[],NORMAL
2015-06-03 09:02:00,2015-06-03 09:07:00,2,0,0,0,0.0,[],NORMAL
2015-06-03 09:03:00,2015-06-03 09:08:00,2,0,0,0,0.0,[],NORMAL
2015-06-03 09:04:00,2015-06-03 09:09:00,3,0,0,0,0.0,[],NORMAL
2015-06-03 09:05:00,2015-06-03 09:10:00,3,0,0,0,0.0,[],NORMAL
2015-06-03 09:06:00,2015-06-03 09:11:00,3,0,0,0,0.0,[],NORMAL
2015-06-03 09:07:00,2015-06-03 09:12:00,1,0,0,0,0.0,[],NORMAL
2015-06-03 09:08:00,2015-06-03 09:13:00,2,0,0,0,0.0,[],NORMAL
2015-06-03 09:09:00,2015-06-03 09:14:00,1,0,0,0,0.0,[],NORMAL
2015-06-03 09:10:00,2015-06-03 09:15:00,1,0,0,0,0.0,[],NORMAL
2015-06-03 09:11:00,2015-06-03 09:16:00,2,0,0,0,0.0,[],NORMAL
2015-06-03 09:12:00,2015-06-03 09:17:00,2,0,0,0,0.0,[],NORMAL
2015-06-03 09:13:00,2015-06-03 09:18:00,1,0,0,0,0.0,[],NORMAL
2015-06-03 09:14:00,2015-06-03 09:19:00,1,0,0,0,0.0,[],NORMAL
2015-06-03 09:15:00,2015-06-03 09:20:00,1,0,0,0,0.0,[],NORMAL
2015-06-03 09:17:00,2015-06-03 09:22:00,1,0,0,0,0.0,[],NORMAL
2015-06-03 09:18:00,2015-06-03 09:23:00,1,0,0,0,0.0,[],NORMAL
2015-06-03 09:19:00,2015-06-03 09:24:00,1,0,0,0,0.0,[],NORMAL
2015-06-03 09:20:00,2015-06-03 09:25:00,1,0,0,0,0.0,[],NORMAL
2015-06-03 09:21:00,2015-06-03 09:26:00,2,0,0,0,0.0,[],NORMAL
2015-06-03 09:22:00,2015-06-03 09:27:00,1,0,0,0,0.0,[],NORMAL
2015-06-03 09:23:00,2015-06-03 09:28:00,1,0,0,0,0.0,[],NORMAL
2015-06-03 09:24:00,2015-06-03 09:29:00,1,0,0,0,0.0,[],NORMAL
2015-06-03 09:25:00,2015-06-03 09:30:00,1,0,0,0,0.0,[],NORMAL
2015-06-03 09:28:00,2015-06-03 09:33:00,2,0,0,0,0.0,[],NORMAL
2015-06-03 09:29:00,2015-06-03 09:34:00,2,0,0,0,0.0,[],NORMAL
2015-06-03 09:30:00,2015-06-03 09:35:00,2,0,0,0,0.0,[],NORMAL
2015-06-03 09:31:00,2015-06-03 09:36:00,3,0,0,0,0.0,[],NORMAL
2015-06-03 09:32:00,2015-06-03 09:37:00,3,0,0,0,0.0,[],NORMAL
2015-06-03 09:33:00,2015-06-03 09:38:00,1,0,0,0,0.0,[],NORMAL
2015-06-03 09:34:00,2015-06-03 09:39:00,2,0,0,0,0.0,[],NORMAL
2015-06-03 09:35:00,2015-06-03 09:40:00,3,0,0,0,0.0,[],NORMAL
2015-06-03 09:36:00,2015-06-03 09:41:00,2,0,0,0,0.0,[],NORMAL
2015-06-03 09:37:00,2015-06-03 09:42:00,3,0,0,0,0.0,[],NORMAL
2015-06-03 09:38:00,2015-06-03 09:43:00,3,0,0,0,0.0,[],NORMAL
2015-06-03 09:39:00,2015-06-03 09:44:00,2,0,0,0,0.0,[],NORMAL
2015-06-03 09:40:00,2015-06-03 09:45:00,1,0,0,0,0.0,[],NORMAL
2015-06-03 09:41:00,2015-06-03 09:46:00,2,0,0,0,0.0,[],NORMAL
2015-06-03 09:42:00,2015-06-03 09:47:00,1,0,0,0,0.0,[],NORMAL
2015-06-03 09:43:00,2015-06-03 09:48:00,2,0,0,0,0.0,[],NORMAL
2015-06-03 09:44:00,2015-06-03 09:49:00,3,0,0,0,0.0,[],NORMAL
2015-06-03 09:45:00,2015-06-03 09:50:00,3,0,0,0,0.0,[],NORMAL
2015-06-03 09:46:00,2015-06-03 09:51:00,2,0,0,0,0.0,[],NORMAL
2015-06-03 09:47:00,2015-06-03 09:52:00,2,0,0,0,0.0,[],NORMAL
2015-06-03 09:48:00,2015-06-03 09:53:00,2,0,0,0,0.0,[],NORMAL
2015-06-03 09:49:00,2015-06-03 09:54:00,1,0,0,0,0.0,[],NORMAL
2015-06-03 09:50:00,2015-06-03 09:55:00,2,0,0,0,0.0,[],NORMAL
2015-06-03 09:51:00,2015-06-03 09:56:00,3,0,0,0,0.0,[],NORMAL
2015-06-03 09:52:00,2015-06-03 09:57:00,4,1,0,1,100.0,"[""72740""]",HIGH_RISK
2015-06-03 09:53:00,2015-06-03 09:58:00,6,1,0,1,100.0,"[""72740""]",HIGH_RISK
2015-06-03 09:54:00,2015-06-03 09:59:00,7,1,0,1,100.0,"[""72740""]",HIGH_RISK
2015-06-03 09:55:00,2015-06-03 10:00:00,6,1,0,1,100.0,"[""72740""]",HIGH_RISK
2015-06-03 09:56:00,2015-06-03 10:01:00,5,1,0,1,100.0,"[""72740""]",HIGH_RISK
2015-06-03 09:57:00,2015-06-03 10:02:00,4,0,0,0,0.0,[],NORMAL
2015-06-03 09:58:00,2015-06-03 10:03:00,2,0,0,0,0.0,[],NORMAL
2015-06-03 09:59:00,2015-06-03 10:04:00,1,0,0,0,0.0,[],NORMAL
2015-06-03 10:00:00,2015-06-03 10:05:00,2,0,0,0,0.0,[],NORMAL
2015-06-03 10:01:00,2015-06-03 10:06:00,3,0,0,0,0.0,[],NORMAL
2015-06-03 10:02:00,2015-06-03 10:07:00,3,0,0,0,0.0,[],NORMAL
2015-06-03 10:03:00,2015-06-03 10:08:00,2,0,0,0,0.0,[],NORMAL
2015-06-03 10:04:00,2015-06-03 10:09:00,2,0,0,0,0.0,[],NORMAL
2015-06-03 10:05:00,2015-06-03 10:10:00,1,0,0,0,0.0,[],NORMAL
2015-06-03 10:06:00,2015-06-03 10:11:00,1,0,0,0,0.0,[],NORMAL
2015-06-03 10:07:00,2015-06-03 10:12:00,1,0,0,0,0.0,[],NORMAL
2015-06-03 10:08:00,2015-06-03 10:13:00,2,0,0,0,0.0,[],NORMAL
2015-06-03 10:09:00,2015-06-03 10:14:00,3,0,0,0,0.0,[],NORMAL
2015-06-03 10:10:00,2015-06-03 10:15:00,4,0,0,0,0.0,[],NORMAL
2015-06-03 10:11:00,2015-06-03 10:16:00,3,0,0,0,0.0,[],NORMAL
2015-06-03 10:12:00,2015-06-03 10:17:00,3,0,0,0,0.0,[],NORMAL
2015-06-03 10:13:00,2015-06-03 10:18:00,3,0,0,0,0.0,[],NORMAL
2015-06-03 10:14:00,2015-06-03 10:19:00,2,0,0,0,0.0,[],NORMAL
2015-06-03 10:15:00,2015-06-03 10:20:00,1,0,0,0,0.0,[],NORMAL
2015-06-03 10:16:00,2015-06-03 10:21:00,1,0,0,0,0.0,[],NORMAL
2015-06-03 10:17:00,2015-06-03 10:22:00,2,0,0,0,0.0,[],NORMAL
2015-06-03 10:18:00,2015-06-03 10:23:00,1,0,0,0,0.0,[],NORMAL
2015-06-03 10:19:00,2015-06-03 10:24:00,1,0,0,0,0.0,[],NORMAL
2015-06-03 10:20:00,2015-06-03 10:25:00,1,0,0,0,0.0,[],NORMAL
2015-06-03 10:21:00,2015-06-03 10:26:00,1,0,0,0,0.0,[],NORMAL
2015-06-03 10:22:00,2015-06-03 10:27:00,1,0,0,0,0.0,[],NORMAL
2015-06-03 10:23:00,2015-06-03 10:28:00,1,0,0,0,0.0,[],NORMAL
2015-06-03 10:24:00,2015-06-03 10:29:00,1,0,0,0,0.0,[],NORMAL
2015-06-03 10:25:00,2015-06-03 10:30:00,1,0,0,0,0.0,[],NORMAL
2015-06-03 10:26:00,2015-06-03 10:31:00,1,0,0,0,0.0,[],NORMAL
2015-06-03 10:27:00,2015-06-03 10:32:00,1,0,0,0,0.0,[],NORMAL
2015-06-03 10:28:00,2015-06-03 10:33:00,2,0,0,0,0.0,[],NORMAL
2015-06-03 10:29:00,2015-06-03 10:34:00,2,0,0,0,0.0,[],NORMAL
2015-06-03 10:30:00,2015-06-03 10:35:00,2,0,0,0,0.0,[],NORMAL
2015-06-03 10:31:00,2015-06-03 10:36:00,2,0,0,0,0.0,[],NORMAL
2015-06-03 10:32:00,2015-06-03 10:37:00,1,0,0,0,0.0,[],NORMAL
2015-06-03 10:33:00,2015-06-03 10:38:00,1,0,0,0,0.0,[],NORMAL
2015-06-03 10:34:00,2015-06-03 10:39:00,2,0,0,0,0.0,[],NORMAL
2015-06-03 10:35:00,2015-06-03 10:40:00,2,0,0,0,0.0,[],NORMAL
2015-06-03 10:36:00,2015-06-03 10:41:00,2,0,0,0,0.0,[],NORMAL
2015-06-03 10:37:00,2015-06-03 10:42:00,3,0,0,0,0.0,[],NORMAL
2015-06-03 10:38:00,2015-06-03 10:43:00,2,0,0,0,0.0,[],NORMAL
2015-06-03 10:39:00,2015-06-03 10:44:00,1,0,0,0,0.0,[],NORMAL
2015-06-03 10:40:00,2015-06-03 10:45:00,1,0,0,0,0.0,[],NORMAL
2015-06-03 10:41:00,2015-06-03 10:46:00,3,0,0,0,0.0,[],NORMAL
2015-06-03 10:42:00,2015-06-03 10:47:00,3,0,0,0,0.0,[],NORMAL
2015-06-03 10:43:00,2015-06-03 10:48:00,3,0,0,0,0.0,[],NORMAL
2015-06-03 10:44:00,2015-06-03 10:49:00,5,0,0,0,0.0,[],NORMAL
2015-06-03 10:45:00,2015-06-03 10:50:00,5,0,0,0,0.0,[],NORMAL
2015-06-03 10:46:00,2015-06-03 10:51:00,4,0,0,0,0.0,[],NORMAL
2015-06-03 10:47:00,2015-06-03 10:52:00,3,0,0,0,0.0,[],NORMAL
2015-06-03 10:48:00,2015-06-03 10:53:00,3,0,0,0,0.0,[],NORMAL
2015-06-03 10:49:00,2015-06-03 10:54:00,2,0,0,0,0.0,[],NORMAL
2015-06-03 10:50:00,2015-06-03 10:55:00,2,0,0,0,0.0,[],NORMAL
2015-06-03 10:51:00,2015-06-03 10:56:00,1,0,0,0,0.0,[],NORMAL
2015-06-03 10:52:00,2015-06-03 10:57:00,1,0,0,0,0.0,[],NORMAL
2015-06-03 10:53:00,2015-06-03 10:58:00,1,0,0,0,0.0,[],NORMAL
2015-06-03 10:57:00,2015-06-03 11:02:00,1,0,0,0,0.0,[],NORMAL
2015-06-03 10:58:00,2015-06-03 11:03:00,2,0,0,0,0.0,[],NORMAL
2015-06-03 10:59:00,2015-06-03 11:04:00,2,0,0,0,0.0,[],NORMAL
2015-06-03 11:00:00,2015-06-03 11:05:00,3,0,0,0,0.0,[],NORMAL
2015-06-03 11:01:00,2015-06-03 11:06:00,4,0,0,0,0.0,[],NORMAL
2015-06-03 11:02:00,2015-06-03 11:07:00,3,0,0,0,0.0,[],NORMAL
2015-06-03 11:03:00,2015-06-03 11:08:00,2,0,0,0,0.0,[],NORMAL
2015-06-03 11:04:00,2015-06-03 11:09:00,2,0,0,0,0.0,[],NORMAL
2015-06-03 11:05:00,2015-06-03 11:10:00,1,0,0,0,0.0,[],NORMAL
2015-06-03 11:07:00,2015-06-03 11:12:00,1,0,0,0,0.0,[],NORMAL
2015-06-03 11:08:00,2015-06-03 11:13:00,2,0,0,0,0.0,[],NORMAL
2015-06-03 11:09:00,2015-06-03 11:14:00,2,0,0,0,0.0,[],NORMAL
2015-06-03 11:10:00,2015-06-03 11:15:00,2,0,0,0,0.0,[],NORMAL
2015-06-03 11:11:00,2015-06-03 11:16:00,2,0,0,0,0.0,[],NORMAL
2015-06-03 11:12:00,2015-06-03 11:17:00,1,0,0,0,0.0,[],NORMAL
2015-06-03 11:14:00,2015-06-03 11:19:00,1,0,0,0,0.0,[],NORMAL
2015-06-03 11:15:00,2015-06-03 11:20:00,2,0,0,0,0.0,[],NORMAL
2015-06-03 11:16:00,2015-06-03 11:21:00,2,0,0,0,0.0,[],NORMAL
2015-06-03 11:17:00,2015-06-03 11:22:00,2,0,0,0,0.0,[],NORMAL
2015-06-03 11:18:00,2015-06-03 11:23:00,2,0,0,0,0.0,[],NORMAL
2015-06-03 11:19:00,2015-06-03 11:24:00,2,0,0,0,0.0,[],NORMAL
2015-06-03 11:20:00,2015-06-03 11:25:00,1,0,0,0,0.0,[],NORMAL
2015-06-03 11:21:00,2015-06-03 11:26:00,1,0,0,0,0.0,[],NORMAL
2015-06-03 11:22:00,2015-06-03 11:27:00,1,0,0,0,0.0,[],NORMAL
2015-06-03 11:23:00,2015-06-03 11:28:00,1,0,0,0,0.0,[],NORMAL
2015-06-03 11:24:00,2015-06-03 11:29:00,1,0,0,0,0.0,[],NORMAL
2015-06-03 11:25:00,2015-06-03 11:30:00,1,0,0,0,0.0,[],NORMAL
2015-06-03 11:26:00,2015-06-03 11:31:00,3,0,0,0,0.0,[],NORMAL
2015-06-03 11:27:00,2015-06-03 11:32:00,3,0,0,0,0.0,[],NORMAL
2015-06-03 11:28:00,2015-06-03 11:33:00,3,0,0,0,0.0,[],NORMAL
2015-06-03 11:29:00,2015-06-03 11:34:00,2,0,0,0,0.0,[],NORMAL
2015-06-03 11:30:00,2015-06-03 11:35:00,2,0,0,0,0.0,[],NORMAL
2015-06-03 11:32:00,2015-06-03 11:37:00,1,0,0,0,0.0,[],NORMAL
2015-06-03 11:33:00,2015-06-03 11:38:00,2,0,0,0,0.0,[],NORMAL
2015-06-03 11:34:00,2015-06-03 11:39:00,3,0,0,0,0.0,[],NORMAL
2015-06-03 11:35:00,2015-06-03 11:40:00,3,0,0,0,0.0,[],NORMAL
2015-06-03 11:36:00,2015-06-03 11:41:00,3,0,0,0,0.0,[],NORMAL
2015-06-03 11:37:00,2015-06-03 11:42:00,2,0,0,0,0.0,[],NORMAL
2015-06-03 11:38:00,2015-06-03 11:43:00,1,0,0,0,0.0,[],NORMAL
2015-06-03 11:40:00,2015-06-03 11:45:00,1,0,0,0,0.0,[],NORMAL
2015-06-03 11:41:00,2015-06-03 11:46:00,1,0,0,0,0.0,[],NORMAL
2015-06-03 11:42:00,2015-06-03 11:47:00,3,0,0,0,0.0,[],NORMAL
2015-06-03 11:43:00,2015-06-03 11:48:00,3,0,0,0,0.0,[],NORMAL
2015-06-03 11:44:00,2015-06-03 11:49:00,4,0,0,0,0.0,[],NORMAL
2015-06-03 11:45:00,2015-06-03 11:50:00,3,0,0,0,0.0,[],NORMAL
2015-06-03 11:46:00,2015-06-03 11:51:00,3,0,0,0,0.0,[],NORMAL
2015-06-03 11:47:00,2015-06-03 11:52:00,1,0,0,0,0.0,[],NORMAL
2015-06-03 11:48:00,2015-06-03 11:53:00,1,0,0,0,0.0,[],NORMAL
2015-06-03 11:50:00,2015-06-03 11:55:00,1,0,0,0,0.0,[],NORMAL
2015-06-03 11:51:00,2015-06-03 11:56:00,1,0,0,0,0.0,[],NORMAL
2015-06-03 11:52:00,2015-06-03 11:57:00,1,0,0,0,0.0,[],NORMAL
2015-06-03 11:53:00,2015-06-03 11:58:00,3,0,0,0,0.0,[],NORMAL
2015-06-03 11:54:00,2015-06-03 11:59:00,3,0,0,0,0.0,[],NORMAL
2015-06-03 11:55:00,2015-06-03 12:00:00,2,0,0,0,0.0,[],NORMAL
2015-06-03 11:56:00,2015-06-03 12:01:00,2,0,0,0,0.0,[],NORMAL
2015-06-03 11:57:00,2015-06-03 12:02:00,4,0,0,0,0.0,[],NORMAL
2015-06-03 11:58:00,2015-06-03 12:03:00,2,0,0,0,0.0,[],NORMAL
2015-06-03 11:59:00,2015-06-03 12:04:00,2,0,0,0,0.0,[],NORMAL
2015-06-03 12:00:00,2015-06-03 12:05:00,3,0,0,0,0.0,[],NORMAL
2015-06-03 12:01:00,2015-06-03 12:06:00,4,0,0,0,0.0,[],NORMAL
2015-06-03 12:02:00,2015-06-03 12:07:00,4,0,0,0,0.0,[],NORMAL
2015-06-03 12:03:00,2015-06-03 12:08:00,5,0,0,0,0.0,[],NORMAL
2015-06-03 12:04:00,2015-06-03 12:09:00,8,0,0,0,0.0,[],NORMAL
2015-06-03 12:05:00,2015-06-03 12:10:00,8,0,0,0,0.0,[],NORMAL
2015-06-03 12:06:00,2015-06-03 12:11:00,7,0,0,0,0.0,[],NORMAL
2015-06-03 12:07:00,2015-06-03 12:12:00,5,0,0,0,0.0,[],NORMAL
2015-06-03 12:08:00,2015-06-03 12:13:00,4,0,0,0,0.0,[],NORMAL
2015-06-03 12:09:00,2015-06-03 12:14:00,1,0,0,0,0.0,[],NORMAL
2015-06-03 12:15:00,2015-06-03 12:20:00,1,0,0,0,0.0,[],NORMAL
2015-06-03 12:16:00,2015-06-03 12:21:00,4,0,0,0,0.0,[],NORMAL
2015-06-03 12:17:00,2015-06-03 12:22:00,5,0,0,0,0.0,[],NORMAL
2015-06-03 12:18:00,2015-06-03 12:23:00,6,0,0,0,0.0,[],NORMAL
2015-06-03 12:19:00,2015-06-03 12:24:00,7,0,0,0,0.0,[],NORMAL
2015-06-03 12:20:00,2015-06-03 12:25:00,6,0,0,0,0.0,[],NORMAL
2015-06-03 12:21:00,2015-06-03 12:26:00,4,0,0,0,0.0,[],NORMAL
2015-06-03 12:22:00,2015-06-03 12:27:00,4,0,0,0,0.0,[],NORMAL
2015-06-03 12:23:00,2015-06-03 12:28:00,4,0,0,0,0.0,[],NORMAL
2015-06-03 12:24:00,2015-06-03 12:29:00,3,0,0,0,0.0,[],NORMAL
2015-06-03 12:25:00,2015-06-03 12:30:00,3,0,0,0,0.0,[],NORMAL
2015-06-03 12:26:00,2015-06-03 12:31:00,2,0,0,0,0.0,[],NORMAL
2015-06-03 12:27:00,2015-06-03 12:32:00,3,0,1,0,0.0,[],NORMAL
2015-06-03 12:28:00,2015-06-03 12:33:00,5,0,1,0,0.0,[],NORMAL
2015-06-03 12:29:00,2015-06-03 12:34:00,6,0,1,0,0.0,[],NORMAL
2015-06-03 12:30:00,2015-06-03 12:35:00,6,0,1,0,0.0,[],NORMAL
2015-06-03 12:31:00,2015-06-03 12:36:00,6,0,1,0,0.0,[],NORMAL
2015-06-03 12:32:00,2015-06-03 12:37:00,4,0,0,0,0.0,[],NORMAL
2015-06-03 12:33:00,2015-06-03 12:38:00,3,0,0,0,0.0,[],NORMAL
2015-06-03 12:34:00,2015-06-03 12:39:00,3,0,0,0,0.0,[],NORMAL
2015-06-03 12:35:00,2015-06-03 12:40:00,4,1,0,1,100.0,"[""91116""]",HIGH_RISK
2015-06-03 12:36:00,2015-06-03 12:41:00,4,1,0,1,100.0,"[""91116""]",HIGH_RISK
2015-06-03 12:37:00,2015-06-03 12:42:00,4,1,0,1,100.0,"[""91116""]",HIGH_RISK
2015-06-03 12:38:00,2015-06-03 12:43:00,2,1,0,1,100.0,"[""91116""]",HIGH_RISK
2015-06-03 12:39:00,2015-06-03 12:44:00,1,1,0,1,100.0,"[""91116""]",HIGH_RISK
2015-06-03 12:41:00,2015-06-03 12:46:00,1,0,0,0,0.0,[],NORMAL
2015-06-03 12:42:00,2015-06-03 12:47:00,1,0,0,0,0.0,[],NORMAL
2015-06-03 12:43:00,2015-06-03 12:48:00,1,0,0,0,0.0,[],NORMAL
2015-06-03 12:44:00,2015-06-03 12:49:00,1,0,0,0,0.0,[],NORMAL
2015-06-03 12:45:00,2015-06-03 12:50:00,5,0,0,0,0.0,[],NORMAL
2015-06-03 12:46:00,2015-06-03 12:51:00,4,0,0,0,0.0,[],NORMAL
2015-06-03 12:47:00,2015-06-03 12:52:00,5,0,0,0,0.0,[],NORMAL
2015-06-03 12:48:00,2015-06-03 12:53:00,6,0,0,0,0.0,[],NORMAL
2015-06-03 12:49:00,2015-06-03 12:54:00,7,0,0,0,0.0,[],NORMAL
2015-06-03 12:50:00,2015-06-03 12:55:00,3,0,0,0,0.0,[],NORMAL
2015-06-03 12:51:00,2015-06-03 12:56:00,4,0,1,0,0.0,[],NORMAL
2015-06-03 12:52:00,2015-06-03 12:57:00,3,0,1,0,0.0,[],NORMAL
2015-06-03 12:53:00,2015-06-03 12:58:00,5,1,1,1,100.0,"[""273747""]",HIGH_RISK
2015-06-03 12:54:00,2015-06-03 12:59:00,6,1,1,1,100.0,"[""273747""]",HIGH_RISK
2015-06-03 12:55:00,2015-06-03 13:00:00,6,1,1,1,100.0,"[""273747""]",HIGH_RISK
2015-06-03 12:56:00,2015-06-03 13:01:00,5,1,0,1,100.0,"[""273747""]",HIGH_RISK
2015-06-03 12:57:00,2015-06-03 13:02:00,5,1,0,1,100.0,"[""273747""]",HIGH_RISK
2015-06-03 12:58:00,2015-06-03 13:03:00,3,0,0,0,0.0,[],NORMAL
2015-06-03 12:59:00,2015-06-03 13:04:00,1,0,0,0,0.0,[],NORMAL
2015-06-03 13:00:00,2015-06-03 13:05:00,1,0,0,0,0.0,[],NORMAL
2015-06-03 13:01:00,2015-06-03 13:06:00,1,0,0,0,0.0,[],NORMAL
2015-06-03 13:02:00,2015-06-03 13:07:00,1,0,0,0,0.0,[],NORMAL
2015-06-03 13:04:00,2015-06-03 13:09:00,1,0,0,0,0.0,[],NORMAL
2015-06-03 13:05:00,2015-06-03 13:10:00,4,0,0,0,0.0,[],NORMAL
2015-06-03 13:06:00,2015-06-03 13:11:00,4,0,0,0,0.0,[],NORMAL
2015-06-03 13:07:00,2015-06-03 13:12:00,6,0,0,0,0.0,[],NORMAL
2015-06-03 13:08:00,2015-06-03 13:13:00,6,0,0,0,0.0,[],NORMAL
2015-06-03 13:09:00,2015-06-03 13:14:00,6,0,0,0,0.0,[],NORMAL
2015-06-03 13:10:00,2015-06-03 13:15:00,3,0,0,0,0.0,[],NORMAL
2015-06-03 13:11:00,2015-06-03 13:16:00,3,0,0,0,0.0,[],NORMAL
2015-06-03 13:12:00,2015-06-03 13:17:00,1,0,0,0,0.0,[],NORMAL
2015-06-03 13:13:00,2015-06-03 13:18:00,1,0,0,0,0.0,[],NORMAL
2015-06-03 13:14:00,2015-06-03 13:19:00,2,0,0,0,0.0,[],NORMAL
2015-06-03 13:15:00,2015-06-03 13:20:00,3,0,0,0,0.0,[],NORMAL
2015-06-03 13:16:00,2015-06-03 13:21:00,3,0,0,0,0.0,[],NORMAL
2015-06-03 13:17:00,2015-06-03 13:22:00,3,0,0,0,0.0,[],NORMAL
2015-06-03 13:18:00,2015-06-03 13:23:00,5,0,0,0,0.0,[],NORMAL
2015-06-03 13:19:00,2015-06-03 13:24:00,4,0,0,0,0.0,[],NORMAL
2015-06-03 13:20:00,2015-06-03 13:25:00,3,0,0,0,0.0,[],NORMAL
2015-06-03 13:21:00,2015-06-03 13:26:00,3,0,0,0,0.0,[],NORMAL
2015-06-03 13:22:00,2015-06-03 13:27:00,4,0,0,0,0.0,[],NORMAL
2015-06-03 13:23:00,2015-06-03 13:28:00,4,0,0,0,0.0,[],NORMAL
2015-06-03 13:24:00,2015-06-03 13:29:00,5,0,0,0,0.0,[],NORMAL
2015-06-03 13:25:00,2015-06-03 13:30:00,5,0,0,0,0.0,[],NORMAL
2015-06-03 13:26:00,2015-06-03 13:31:00,5,0,0,0,0.0,[],NORMAL
2015-06-03 13:27:00,2015-06-03 13:32:00,4,0,0,0,0.0,[],NORMAL
2015-06-03 13:28:00,2015-06-03 13:33:00,3,0,0,0,0.0,[],NORMAL
2015-06-03 13:29:00,2015-06-03 13:34:00,4,0,0,0,0.0,[],NORMAL
2015-06-03 13:30:00,2015-06-03 13:35:00,4,0,0,0,0.0,[],NORMAL
2015-06-03 13:31:00,2015-06-03 13:36:00,5,0,0,0,0.0,[],NORMAL
2015-06-03 13:32:00,2015-06-03 13:37:00,6,0,0,0,0.0,[],NORMAL
2015-06-03 13:33:00,2015-06-03 13:38:00,6,0,0,0,0.0,[],NORMAL
2015-06-03 13:34:00,2015-06-03 13:39:00,5,0,0,0,0.0,[],NORMAL
2015-06-03 13:35:00,2015-06-03 13:40:00,7,0,0,0,0.0,[],NORMAL
2015-06-03 13:36:00,2015-06-03 13:41:00,8,0,0,0,0.0,[],NORMAL
2015-06-03 13:37:00,2015-06-03 13:42:00,8,0,0,0,0.0,[],NORMAL
2015-06-03 13:38:00,2015-06-03 13:43:00,7,0,0,0,0.0,[],NORMAL
2015-06-03 13:39:00,2015-06-03 13:44:00,6,0,0,0,0.0,[],NORMAL
2015-06-03 13:40:00,2015-06-03 13:45:00,4,0,0,0,0.0,[],NORMAL
2015-06-03 13:41:00,2015-06-03 13:46:00,3,0,0,0,0.0,[],NORMAL
2015-06-03 13:42:00,2015-06-03 13:47:00,4,0,0,0,0.0,[],NORMAL
2015-06-03 13:43:00,2015-06-03 13:48:00,5,0,0,0,0.0,[],NORMAL
2015-06-03 13:44:00,2015-06-03 13:49:00,4,0,0,0,0.0,[],NORMAL
2015-06-03 13:45:00,2015-06-03 13:50:00,4,0,0,0,0.0,[],NORMAL
2015-06-03 13:46:00,2015-06-03 13:51:00,4,0,0,0,0.0,[],NORMAL
2015-06-03 13:47:00,2015-06-03 13:52:00,3,0,0,0,0.0,[],NORMAL
2015-06-03 13:48:00,2015-06-03 13:53:00,3,0,0,0,0.0,[],NORMAL
2015-06-03 13:49:00,2015-06-03 13:54:00,7,0,0,0,0.0,[],NORMAL
2015-06-03 13:50:00,2015-06-03 13:55:00,12,0,0,0,0.0,[],NORMAL
2015-06-03 13:51:00,2015-06-03 13:56:00,12,0,0,0,0.0,[],NORMAL
2015-06-03 13:52:00,2015-06-03 13:57:00,12,0,0,0,0.0,[],NORMAL
2015-06-03 13:53:00,2015-06-03 13:58:00,12,0,0,0,0.0,[],NORMAL
2015-06-03 13:54:00,2015-06-03 13:59:00,9,0,0,0,0.0,[],NORMAL
2015-06-03 13:55:00,2015-06-03 14:00:00,5,0,0,0,0.0,[],NORMAL
2015-06-03 13:56:00,2015-06-03 14:01:00,8,0,0,0,0.0,[],NORMAL
2015-06-03 13:57:00,2015-06-03 14:02:00,8,0,0,0,0.0,[],NORMAL
2015-06-03 13:58:00,2015-06-03 14:03:00,8,0,0,0,0.0,[],NORMAL
2015-06-03 13:59:00,2015-06-03 14:04:00,11,0,0,0,0.0,[],NORMAL
2015-06-03 14:00:00,2015-06-03 14:05:00,11,0,0,0,0.0,[],NORMAL
2015-06-03 14:01:00,2015-06-03 14:06:00,7,0,0,0,0.0,[],NORMAL
2015-06-03 14:02:00,2015-06-03 14:07:00,11,0,0,0,0.0,[],NORMAL
2015-06-03 14:03:00,2015-06-03 14:08:00,11,0,0,0,0.0,[],NORMAL
2015-06-03 14:04:00,2015-06-03 14:09:00,8,0,0,0,0.0,[],NORMAL
2015-06-03 14:05:00,2015-06-03 14:10:00,10,0,0,0,0.0,[],NORMAL
2015-06-03 14:06:00,2015-06-03 14:11:00,12,0,0,0,0.0,[],NORMAL
2015-06-03 14:07:00,2015-06-03 14:12:00,9,0,0,0,0.0,[],NORMAL
2015-06-03 14:08:00,2015-06-03 14:13:00,9,0,0,0,0.0,[],NORMAL
2015-06-03 14:09:00,2015-06-03 14:14:00,9,0,0,0,0.0,[],NORMAL
2015-06-03 14:10:00,2015-06-03 14:15:00,8,0,0,0,0.0,[],NORMAL
2015-06-03 14:11:00,2015-06-03 14:16:00,8,0,0,0,0.0,[],NORMAL
2015-06-03 14:12:00,2015-06-03 14:17:00,8,0,0,0,0.0,[],NORMAL
2015-06-03 14:13:00,2015-06-03 14:18:00,8,0,0,0,0.0,[],NORMAL
2015-06-03 14:14:00,2015-06-03 14:19:00,7,0,0,0,0.0,[],NORMAL
2015-06-03 14:15:00,2015-06-03 14:20:00,8,0,0,0,0.0,[],NORMAL
2015-06-03 14:16:00,2015-06-03 14:21:00,6,0,0,0,0.0,[],NORMAL
2015-06-03 14:17:00,2015-06-03 14:22:00,5,0,0,0,0.0,[],NORMAL
2015-06-03 14:18:00,2015-06-03 14:23:00,8,0,0,0,0.0,[],NORMAL
2015-06-03 14:19:00,2015-06-03 14:24:00,12,0,0,0,0.0,[],NORMAL
2015-06-03 14:20:00,2015-06-03 14:25:00,10,0,0,0,0.0,[],NORMAL
2015-06-03 14:21:00,2015-06-03 14:26:00,14,0,0,0,0.0,[],NORMAL
2015-06-03 14:22:00,2015-06-03 14:27:00,15,1,0,1,100.0,"[""386947""]",HIGH_RISK
2015-06-03 14:23:00,2015-06-03 14:28:00,12,1,0,1,100.0,"[""386947""]",HIGH_RISK
2015-06-03 14:24:00,2015-06-03 14:29:00,10,1,0,1,100.0,"[""386947""]",HIGH_RISK
2015-06-03 14:25:00,2015-06-03 14:30:00,10,1,0,1,100.0,"[""386947""]",HIGH_RISK
2015-06-03 14:26:00,2015-06-03 14:31:00,8,1,0,1,100.0,"[""386947""]",HIGH_RISK
2015-06-03 14:27:00,2015-06-03 14:32:00,10,0,0,0,0.0,[],NORMAL
2015-06-03 14:28:00,2015-06-03 14:33:00,12,0,0,0,0.0,[],NORMAL
2015-06-03 14:29:00,2015-06-03 14:34:00,12,0,0,0,0.0,[],NORMAL
2015-06-03 14:30:00,2015-06-03 14:35:00,15,0,0,0,0.0,[],NORMAL
2015-06-03 14:31:00,2015-06-03 14:36:00,13,0,0,0,0.0,[],NORMAL
2015-06-03 14:32:00,2015-06-03 14:37:00,10,0,0,0,0.0,[],NORMAL
2015-06-03 14:33:00,2015-06-03 14:38:00,11,0,0,0,0.0,[],NORMAL
2015-06-03 14:34:00,2015-06-03 14:39:00,10,0,0,0,0.0,[],NORMAL
2015-06-03 14:35:00,2015-06-03 14:40:00,6,0,0,0,0.0,[],NORMAL
2015-06-03 14:36:00,2015-06-03 14:41:00,7,0,0,0,0.0,[],NORMAL
2015-06-03 14:37:00,2015-06-03 14:42:00,7,0,0,0,0.0,[],NORMAL
2015-06-03 14:38:00,2015-06-03 14:43:00,4,0,0,0,0.0,[],NORMAL
2015-06-03 14:39:00,2015-06-03 14:44:00,4,0,0,0,0.0,[],NORMAL
2015-06-03 14:40:00,2015-06-03 14:45:00,8,0,0,0,0.0,[],NORMAL
2015-06-03 14:41:00,2015-06-03 14:46:00,10,0,0,0,0.0,[],NORMAL
2015-06-03 14:42:00,2015-06-03 14:47:00,11,0,0,0,0.0,[],NORMAL
2015-06-03 14:43:00,2015-06-03 14:48:00,13,0,0,0,0.0,[],NORMAL
2015-06-03 14:44:00,2015-06-03 14:49:00,14,0,0,0,0.0,[],NORMAL
2015-06-03 14:45:00,2015-06-03 14:50:00,12,0,0,0,0.0,[],NORMAL
2015-06-03 14:46:00,2015-06-03 14:51:00,13,0,0,0,0.0,[],NORMAL
2015-06-03 14:47:00,2015-06-03 14:52:00,12,0,0,0,0.0,[],NORMAL
2015-06-03 14:48:00,2015-06-03 14:53:00,11,0,0,0,0.0,[],NORMAL
2015-06-03 14:49:00,2015-06-03 14:54:00,13,0,0,0,0.0,[],NORMAL
2015-06-03 14:50:00,2015-06-03 14:55:00,12,0,0,0,0.0,[],NORMAL
2015-06-03 14:51:00,2015-06-03 14:56:00,10,0,0,0,0.0,[],NORMAL
2015-06-03 14:52:00,2015-06-03 14:57:00,11,0,0,0,0.0,[],NORMAL
2015-06-03 14:53:00,2015-06-03 14:58:00,10,0,0,0,0.0,[],NORMAL
2015-06-03 14:54:00,2015-06-03 14:59:00,8,0,0,0,0.0,[],NORMAL
2015-06-03 14:55:00,2015-06-03 15:00:00,12,1,0,1,100.0,"[""312744""]",HIGH_RISK
2015-06-03 14:56:00,2015-06-03 15:01:00,12,1,0,1,100.0,"[""312744""]",HIGH_RISK
2015-06-03 14:57:00,2015-06-03 15:02:00,12,1,0,1,100.0,"[""312744""]",HIGH_RISK
2015-06-03 14:58:00,2015-06-03 15:03:00,17,1,1,1,100.0,"[""312744""]",HIGH_RISK
2015-06-03 14:59:00,2015-06-03 15:04:00,17,1,1,1,100.0,"[""312744""]",HIGH_RISK
2015-06-03 15:00:00,2015-06-03 15:05:00,17,0,1,0,0.0,[],NORMAL
2015-06-03 15:01:00,2015-06-03 15:06:00,19,0,1,0,0.0,[],NORMAL
2015-06-03 15:02:00,2015-06-03 15:07:00,19,0,1,0,0.0,[],NORMAL
2015-06-03 15:03:00,2015-06-03 15:08:00,15,0,0,0,0.0,[],NORMAL
2015-06-03 15:04:00,2015-06-03 15:09:00,15,0,0,0,0.0,[],NORMAL
2015-06-03 15:05:00,2015-06-03 15:10:00,11,0,0,0,0.0,[],NORMAL
2015-06-03 15:06:00,2015-06-03 15:11:00,9,0,0,0,0.0,[],NORMAL
2015-06-03 15:07:00,2015-06-03 15:12:00,10,0,0,0,0.0,[],NORMAL
2015-06-03 15:08:00,2015-06-03 15:13:00,10,0,0,0,0.0,[],NORMAL
2015-06-03 15:09:00,2015-06-03 15:14:00,8,0,0,0,0.0,[],NORMAL
2015-06-03 15:10:00,2015-06-03 15:15:00,7,0,0,0,0.0,[],NORMAL
2015-06-03 15:11:00,2015-06-03 15:16:00,5,0,0,0,0.0,[],NORMAL
2015-06-03 15:12:00,2015-06-03 15:17:00,2,0,0,0,0.0,[],NORMAL
2015-06-03 16:28:00,2015-06-03 16:33:00,2,0,0,0,0.0,[],NORMAL
2015-06-03 16:29:00,2015-06-03 16:34:00,5,0,0,0,0.0,[],NORMAL
2015-06-03 16:30:00,2015-06-03 16:35:00,9,0,0,0,0.0,[],NORMAL
2015-06-03 16:31:00,2015-06-03 16:36:00,18,1,0,1,100.0,"[""413973""]",HIGH_RISK
2015-06-03 16:32:00,2015-06-03 16:37:00,20,1,0,1,100.0,"[""413973""]",HIGH_RISK
2015-06-03 16:33:00,2015-06-03 16:38:00,19,1,0,1,100.0,"[""413973""]",HIGH_RISK
2015-06-03 16:34:00,2015-06-03 16:39:00,20,2,0,2,100.0,"[""413973"", ""242521""]",HIGH_RISK
2015-06-03 16:35:00,2015-06-03 16:40:00,21,2,0,2,100.0,"[""413973"", ""242521""]",HIGH_RISK
2015-06-03 16:36:00,2015-06-03 16:41:00,19,2,0,2,100.0,"[""242521"", ""400998""]",HIGH_RISK
2015-06-03 16:37:00,2015-06-03 16:42:00,18,2,0,2,100.0,"[""242521"", ""400998""]",HIGH_RISK
2015-06-03 16:38:00,2015-06-03 16:43:00,23,2,0,2,100.0,"[""242521"", ""400998""]",HIGH_RISK
2015-06-03 16:39:00,2015-06-03 16:44:00,23,1,0,1,100.0,"[""400998""]",HIGH_RISK
2015-06-03 16:40:00,2015-06-03 16:45:00,19,1,0,1,100.0,"[""400998""]",HIGH_RISK
2015-06-03 16:41:00,2015-06-03 16:46:00,13,0,0,0,0.0,[],NORMAL
2015-06-03 16:42:00,2015-06-03 16:47:00,17,0,0,0,0.0,[],NORMAL
2015-06-03 16:43:00,2015-06-03 16:48:00,17,0,0,0,0.0,[],NORMAL
2015-06-03 16:44:00,2015-06-03 16:49:00,16,0,0,0,0.0,[],NORMAL
2015-06-03 16:45:00,2015-06-03 16:50:00,20,0,1,0,0.0,[],NORMAL
2015-06-03 16:46:00,2015-06-03 16:51:00,24,0,1,0,0.0,[],NORMAL
2015-06-03 16:47:00,2015-06-03 16:52:00,23,0,1,0,0.0,[],NORMAL
2015-06-03 16:48:00,2015-06-03 16:53:00,19,0,2,0,0.0,[],NORMAL
2015-06-03 16:49:00,2015-06-03 16:54:00,22,0,2,0,0.0,[],NORMAL
2015-06-03 16:50:00,2015-06-03 16:55:00,21,0,1,0,0.0,[],NORMAL
2015-06-03 16:51:00,2015-06-03 16:56:00,20,0,1,0,0.0,[],NORMAL
2015-06-03 16:52:00,2015-06-03 16:57:00,20,0,1,0,0.0,[],NORMAL
2015-06-03 16:53:00,2015-06-03 16:58:00,23,1,0,1,100.0,"[""444763""]",HIGH_RISK
2015-06-03 16:54:00,2015-06-03 16:59:00,21,1,2,1,100.0,"[""444763""]",HIGH_RISK
2015-06-03 16:55:00,2015-06-03 17:00:00,20,1,2,1,100.0,"[""444763""]",HIGH_RISK
2015-06-03 16:56:00,2015-06-03 17:01:00,17,1,2,1,100.0,"[""444763""]",HIGH_RISK
2015-06-03 16:57:00,2015-06-03 17:02:00,23,1,2,1,100.0,"[""444763""]",HIGH_RISK
2015-06-03 16:58:00,2015-06-03 17:03:00,19,0,2,0,0.0,[],NORMAL
2015-06-03 16:59:00,2015-06-03 17:04:00,21,1,0,1,100.0,"[""448481""]",HIGH_RISK
2015-06-03 17:00:00,2015-06-03 17:05:00,20,1,0,1,100.0,"[""448481""]",HIGH_RISK
2015-06-03 17:01:00,2015-06-03 17:06:00,22,1,0,1,100.0,"[""448481""]",HIGH_RISK
2015-06-03 17:02:00,2015-06-03 17:07:00,16,1,0,1,100.0,"[""448481""]",HIGH_RISK
2015-06-03 17:03:00,2015-06-03 17:08:00,21,1,0,1,100.0,"[""448481""]",HIGH_RISK
2015-06-03 17:04:00,2015-06-03 17:09:00,16,0,0,0,0.0,[],NORMAL
2015-06-03 17:05:00,2015-06-03 17:10:00,19,0,0,0,0.0,[],NORMAL
2015-06-03 17:06:00,2015-06-03 17:11:00,21,0,0,0,0.0,[],NORMAL
2015-06-03 17:07:00,2015-06-03 17:12:00,21,0,0,0,0.0,[],NORMAL
2015-06-03 17:08:00,2015-06-03 17:13:00,20,0,0,0,0.0,[],NORMAL
2015-06-03 17:09:00,2015-06-03 17:14:00,23,0,0,0,0.0,[],NORMAL
2015-06-03 17:10:00,2015-06-03 17:15:00,24,0,1,0,0.0,[],NORMAL
2015-06-03 17:11:00,2015-06-03 17:16:00,20,0,1,0,0.0,[],NORMAL
2015-06-03 17:12:00,2015-06-03 17:17:00,22,0,1,0,0.0,[],NORMAL
2015-06-03 17:13:00,2015-06-03 17:18:00,20,0,1,0,0.0,[],NORMAL
2015-06-03 17:14:00,2015-06-03 17:19:00,23,0,1,0,0.0,[],NORMAL
2015-06-03 17:15:00,2015-06-03 17:20:00,21,0,0,0,0.0,[],NORMAL
2015-06-03 17:16:00,2015-06-03 17:21:00,24,0,0,0,0.0,[],NORMAL
2015-06-03 17:17:00,2015-06-03 17:22:00,22,0,0,0,0.0,[],NORMAL
2015-06-03 17:18:00,2015-06-03 17:23:00,24,0,0,0,0.0,[],NORMAL
2015-06-03 17:19:00,2015-06-03 17:24:00,20,0,0,0,0.0,[],NORMAL
2015-06-03 17:20:00,2015-06-03 17:25:00,19,0,0,0,0.0,[],NORMAL
2015-06-03 17:21:00,2015-06-03 17:26:00,17,0,0,0,0.0,[],NORMAL
2015-06-03 17:22:00,2015-06-03 17:27:00,19,0,0,0,0.0,[],NORMAL
2015-06-03 17:23:00,2015-06-03 17:28:00,18,0,0,0,0.0,[],NORMAL
2015-06-03 17:24:00,2015-06-03 17:29:00,20,0,0,0,0.0,[],NORMAL
2015-06-03 17:25:00,2015-06-03 17:30:00,22,0,0,0,0.0,[],NORMAL
2015-06-03 17:26:00,2015-06-03 17:31:00,22,0,0,0,0.0,[],NORMAL
2015-06-03 17:27:00,2015-06-03 17:32:00,22,0,0,0,0.0,[],NORMAL
2015-06-03 17:28:00,2015-06-03 17:33:00,21,1,0,1,100.0,"[""277139""]",HIGH_RISK
2015-06-03 17:29:00,2015-06-03 17:34:00,27,1,0,1,100.0,"[""277139""]",HIGH_RISK
2015-06-03 17:30:00,2015-06-03 17:35:00,29,1,0,1,100.0,"[""277139""]",HIGH_RISK
2015-06-03 17:31:00,2015-06-03 17:36:00,38,1,0,1,100.0,"[""277139""]",HIGH_RISK
2015-06-03 17:32:00,2015-06-03 17:37:00,37,1,0,1,100.0,"[""277139""]",HIGH_RISK
2015-06-03 17:33:00,2015-06-03 17:38:00,37,0,0,0,0.0,[],NORMAL
2015-06-03 17:34:00,2015-06-03 17:39:00,29,0,0,0,0.0,[],NORMAL
2015-06-03 17:35:00,2015-06-03 17:40:00,27,0,0,0,0.0,[],NORMAL
2015-06-03 17:36:00,2015-06-03 17:41:00,21,0,0,0,0.0,[],NORMAL
2015-06-03 17:37:00,2015-06-03 17:42:00,21,1,0,1,100.0,"[""572""]",HIGH_RISK
2015-06-03 17:38:00,2015-06-03 17:43:00,24,2,0,2,100.0,"[""572"", ""432925""]",HIGH_RISK
2015-06-03 17:39:00,2015-06-03 17:44:00,28,2,0,2,100.0,"[""572"", ""432925""]",HIGH_RISK
2015-06-03 17:40:00,2015-06-03 17:45:00,26,2,0,2,100.0,"[""572"", ""432925""]",HIGH_RISK
2015-06-03 17:41:00,2015-06-03 17:46:00,28,2,0,2,100.0,"[""572"", ""432925""]",HIGH_RISK
2015-06-03 17:42:00,2015-06-03 17:47:00,29,2,0,2,100.0,"[""432925"", ""138027""]",HIGH_RISK
2015-06-03 17:43:00,2015-06-03 17:48:00,26,1,0,1,100.0,"[""138027""]",HIGH_RISK
2015-06-03 17:44:00,2015-06-03 17:49:00,23,1,0,1,100.0,"[""138027""]",HIGH_RISK
2015-06-03 17:45:00,2015-06-03 17:50:00,26,1,0,1,100.0,"[""138027""]",HIGH_RISK
2015-06-03 17:46:00,2015-06-03 17:51:00,24,1,0,1,100.0,"[""138027""]",HIGH_RISK
2015-06-03 17:47:00,2015-06-03 17:52:00,23,0,0,0,0.0,[],NORMAL
2015-06-03 17:48:00,2015-06-03 17:53:00,24,1,0,1,100.0,"[""178554""]",HIGH_RISK
2015-06-03 17:49:00,2015-06-03 17:54:00,22,1,0,1,100.0,"[""178554""]",HIGH_RISK
2015-06-03 17:50:00,2015-06-03 17:55:00,18,1,0,1,100.0,"[""178554""]",HIGH_RISK
2015-06-03 17:51:00,2015-06-03 17:56:00,15,1,0,1,100.0,"[""178554""]",HIGH_RISK
2015-06-03 17:52:00,2015-06-03 17:57:00,16,1,0,1,100.0,"[""178554""]",HIGH_RISK
2015-06-03 17:53:00,2015-06-03 17:58:00,19,0,0,0,0.0,[],NORMAL
2015-06-03 17:54:00,2015-06-03 17:59:00,26,0,0,0,0.0,[],NORMAL
2015-06-03 17:55:00,2015-06-03 18:00:00,26,0,0,0,0.0,[],NORMAL
2015-06-03 17:56:00,2015-06-03 18:01:00,30,0,0,0,0.0,[],NORMAL
2015-06-03 17:57:00,2015-06-03 18:02:00,28,0,0,0,0.0,[],NORMAL
2015-06-03 17:58:00,2015-06-03 18:03:00,25,1,0,1,100.0,"[""346015""]",HIGH_RISK
2015-06-03 17:59:00,2015-06-03 18:04:00,20,1,0,1,100.0,"[""346015""]",HIGH_RISK
2015-06-03 18:00:00,2015-06-03 18:05:00,23,2,0,2,100.0,"[""346015"", ""179494""]",HIGH_RISK
2015-06-03 18:01:00,2015-06-03 18:06:00,19,2,0,2,100.0,"[""346015"", ""179494""]",HIGH_RISK
2015-06-03 18:02:00,2015-06-03 18:07:00,21,2,0,2,100.0,"[""346015"", ""179494""]",HIGH_RISK
2015-06-03 18:03:00,2015-06-03 18:08:00,22,1,0,1,100.0,"[""179494""]",HIGH_RISK
2015-06-03 18:04:00,2015-06-03 18:09:00,22,1,0,1,100.0,"[""179494""]",HIGH_RISK
2015-06-03 18:05:00,2015-06-03 18:10:00,21,1,1,1,100.0,"[""58863""]",HIGH_RISK
2015-06-03 18:06:00,2015-06-03 18:11:00,23,1,1,1,100.0,"[""58863""]",HIGH_RISK
2015-06-03 18:07:00,2015-06-03 18:12:00,20,1,1,1,100.0,"[""58863""]",HIGH_RISK
2015-06-03 18:08:00,2015-06-03 18:13:00,19,1,1,1,100.0,"[""58863""]",HIGH_RISK
2015-06-03 18:09:00,2015-06-03 18:14:00,21,2,1,2,100.0,"[""58863"", ""45323""]",HIGH_RISK
2015-06-03 18:10:00,2015-06-03 18:15:00,20,1,0,1,100.0,"[""45323""]",HIGH_RISK
2015-06-03 18:11:00,2015-06-03 18:16:00,21,1,0,1,100.0,"[""45323""]",HIGH_RISK
2015-06-03 18:12:00,2015-06-03 18:17:00,22,1,0,1,100.0,"[""45323""]",HIGH_RISK
2015-06-03 18:13:00,2015-06-03 18:18:00,21,1,0,1,100.0,"[""45323""]",HIGH_RISK
2015-06-03 18:14:00,2015-06-03 18:19:00,20,0,0,0,0.0,[],NORMAL
2015-06-03 18:15:00,2015-06-03 18:20:00,24,0,0,0,0.0,[],NORMAL
2015-06-03 18:16:00,2015-06-03 18:21:00,23,0,0,0,0.0,[],NORMAL
2015-06-03 18:17:00,2015-06-03 18:22:00,26,0,0,0,0.0,[],NORMAL
2015-06-03 18:18:00,2015-06-03 18:23:00,24,0,0,0,0.0,[],NORMAL
2015-06-03 18:19:00,2015-06-03 18:24:00,21,0,0,0,0.0,[],NORMAL
2015-06-03 18:20:00,2015-06-03 18:25:00,18,0,0,0,0.0,[],NORMAL
2015-06-03 18:21:00,2015-06-03 18:26:00,26,1,1,1,100.0,"[""232172""]",HIGH_RISK
2015-06-03 18:22:00,2015-06-03 18:27:00,28,1,1,1,100.0,"[""232172""]",HIGH_RISK
2015-06-03 18:23:00,2015-06-03 18:28:00,31,2,1,2,100.0,"[""232172"", ""342938""]",HIGH_RISK
2015-06-03 18:24:00,2015-06-03 18:29:00,36,3,1,3,100.0,"[""232172"", ""342938"", ""373360""]",HIGH_RISK
2015-06-03 18:25:00,2015-06-03 18:30:00,43,3,1,3,100.0,"[""232172"", ""342938"", ""373360""]",HIGH_RISK
2015-06-03 18:26:00,2015-06-03 18:31:00,32,2,0,2,100.0,"[""342938"", ""373360""]",HIGH_RISK
2015-06-03 18:27:00,2015-06-03 18:32:00,28,2,0,2,100.0,"[""342938"", ""373360""]",HIGH_RISK
2015-06-03 18:28:00,2015-06-03 18:33:00,32,1,0,1,100.0,"[""373360""]",HIGH_RISK
2015-06-03 18:29:00,2015-06-03 18:34:00,33,0,0,0,0.0,[],NORMAL
2015-06-03 18:30:00,2015-06-03 18:35:00,27,0,0,0,0.0,[],NORMAL
2015-06-03 18:31:00,2015-06-03 18:36:00,34,0,0,0,0.0,[],NORMAL
2015-06-03 18:32:00,2015-06-03 18:37:00,35,0,0,0,0.0,[],NORMAL
2015-06-03 18:33:00,2015-06-03 18:38:00,29,0,0,0,0.0,[],NORMAL
2015-06-03 18:34:00,2015-06-03 18:39:00,27,0,0,0,0.0,[],NORMAL
2015-06-03 18:35:00,2015-06-03 18:40:00,25,0,0,0,0.0,[],NORMAL
2015-06-03 18:36:00,2015-06-03 18:41:00,18,0,0,0,0.0,[],NORMAL
2015-06-03 18:37:00,2015-06-03 18:42:00,15,0,0,0,0.0,[],NORMAL
2015-06-03 18:38:00,2015-06-03 18:43:00,21,0,0,0,0.0,[],NORMAL
2015-06-03 18:39:00,2015-06-03 18:44:00,19,0,0,0,0.0,[],NORMAL
2015-06-03 18:40:00,2015-06-03 18:45:00,16,0,0,0,0.0,[],NORMAL
2015-06-03 18:41:00,2015-06-03 18:46:00,15,0,0,0,0.0,[],NORMAL
2015-06-03 18:42:00,2015-06-03 18:47:00,12,0,0,0,0.0,[],NORMAL
2015-06-03 18:43:00,2015-06-03 18:48:00,4,0,0,0,0.0,[],NORMAL
2015-06-03 19:44:00,2015-06-03 19:49:00,4,0,1,0,0.0,[],NORMAL
2015-06-03 19:45:00,2015-06-03 19:50:00,8,0,1,0,0.0,[],NORMAL
2015-06-03 19:46:00,2015-06-03 19:51:00,15,0,1,0,0.0,[],NORMAL
2015-06-03 19:47:00,2015-06-03 19:52:00,18,0,1,0,0.0,[],NORMAL
2015-06-03 19:48:00,2015-06-03 19:53:00,20,0,1,0,0.0,[],NORMAL
2015-06-03 19:49:00,2015-06-03 19:54:00,22,0,0,0,0.0,[],NORMAL
2015-06-03 19:50:00,2015-06-03 19:55:00,24,0,0,0,0.0,[],NORMAL
2015-06-03 19:51:00,2015-06-03 19:56:00,18,0,0,0,0.0,[],NORMAL
2015-06-03 19:52:00,2015-06-03 19:57:00,20,1,0,1,100.0,"[""379739""]",HIGH_RISK
2015-06-03 19:53:00,2015-06-03 19:58:00,21,1,0,1,100.0,"[""379739""]",HIGH_RISK
2015-06-03 19:54:00,2015-06-03 19:59:00,18,1,0,1,100.0,"[""379739""]",HIGH_RISK
2015-06-03 19:55:00,2015-06-03 20:00:00,16,1,0,1,100.0,"[""379739""]",HIGH_RISK
2015-06-03 19:56:00,2015-06-03 20:01:00,22,1,0,1,100.0,"[""379739""]",HIGH_RISK
2015-06-03 19:57:00,2015-06-03 20:02:00,24,1,0,1,100.0,"[""50934""]",HIGH_RISK
2015-06-03 19:58:00,2015-06-03 20:03:00,28,1,0,1,100.0,"[""50934""]",HIGH_RISK
2015-06-03 19:59:00,2015-06-03 20:04:00,26,1,0,1,100.0,"[""50934""]",HIGH_RISK
2015-06-03 20:00:00,2015-06-03 20:05:00,29,1,0,1,100.0,"[""50934""]",HIGH_RISK
2015-06-03 20:01:00,2015-06-03 20:06:00,25,1,0,1,100.0,"[""50934""]",HIGH_RISK
2015-06-03 20:02:00,2015-06-03 20:07:00,24,0,0,0,0.0,[],NORMAL
2015-06-03 20:03:00,2015-06-03 20:08:00,23,0,0,0,0.0,[],NORMAL
2015-06-03 20:04:00,2015-06-03 20:09:00,25,0,0,0,0.0,[],NORMAL
2015-06-03 20:05:00,2015-06-03 20:10:00,18,0,0,0,0.0,[],NORMAL
2015-06-03 20:06:00,2015-06-03 20:11:00,17,0,0,0,0.0,[],NORMAL
2015-06-03 20:07:00,2015-06-03 20:12:00,16,0,0,0,0.0,[],NORMAL
2015-06-03 20:08:00,2015-06-03 20:13:00,11,0,0,0,0.0,[],NORMAL
2015-06-03 20:09:00,2015-06-03 20:14:00,11,0,0,0,0.0,[],NORMAL
2015-06-03 20:10:00,2015-06-03 20:15:00,18,0,0,0,0.0,[],NORMAL
2015-06-03 20:11:00,2015-06-03 20:16:00,20,0,0,0,0.0,[],NORMAL
2015-06-03 20:12:00,2015-06-03 20:17:00,18,0,0,0,0.0,[],NORMAL
2015-06-03 20:13:00,2015-06-03 20:18:00,21,0,0,0,0.0,[],NORMAL
2015-06-03 20:14:00,2015-06-03 20:19:00,20,0,0,0,0.0,[],NORMAL
2015-06-03 20:15:00,2015-06-03 20:20:00,15,0,0,0,0.0,[],NORMAL
2015-06-03 20:16:00,2015-06-03 20:21:00,17,0,0,0,0.0,[],NORMAL
2015-06-03 20:17:00,2015-06-03 20:22:00,19,0,0,0,0.0,[],NORMAL
2015-06-03 20:18:00,2015-06-03 20:23:00,19,0,0,0,0.0,[],NORMAL
2015-06-03 20:19:00,2015-06-03 20:24:00,21,0,0,0,0.0,[],NORMAL
2015-06-03 20:20:00,2015-06-03 20:25:00,25,0,0,0,0.0,[],NORMAL
2015-06-03 20:21:00,2015-06-03 20:26:00,25,0,0,0,0.0,[],NORMAL
2015-06-03 20:22:00,2015-06-03 20:27:00,26,0,0,0,0.0,[],NORMAL
2015-06-03 20:23:00,2015-06-03 20:28:00,24,0,0,0,0.0,[],NORMAL
2015-06-03 20:24:00,2015-06-03 20:29:00,21,0,0,0,0.0,[],NORMAL
2015-06-03 20:25:00,2015-06-03 20:30:00,18,0,0,0,0.0,[],NORMAL
2015-06-03 20:26:00,2015-06-03 20:31:00,15,0,0,0,0.0,[],NORMAL
2015-06-03 20:27:00,2015-06-03 20:32:00,14,0,0,0,0.0,[],NORMAL
2015-06-03 20:28:00,2015-06-03 20:33:00,15,1,0,1,100.0,"[""256721""]",HIGH_RISK
2015-06-03 20:29:00,2015-06-03 20:34:00,20,1,0,1,100.0,"[""256721""]",HIGH_RISK
2015-06-03 20:30:00,2015-06-03 20:35:00,20,1,0,1,100.0,"[""256721""]",HIGH_RISK
2015-06-03 20:31:00,2015-06-03 20:36:00,21,1,0,1,100.0,"[""256721""]",HIGH_RISK
2015-06-03 20:32:00,2015-06-03 20:37:00,20,1,0,1,100.0,"[""256721""]",HIGH_RISK
2015-06-03 20:33:00,2015-06-03 20:38:00,23,0,0,0,0.0,[],NORMAL
2015-06-03 20:34:00,2015-06-03 20:39:00,20,0,0,0,0.0,[],NORMAL
2015-06-03 20:35:00,2015-06-03 20:40:00,19,0,0,0,0.0,[],NORMAL
2015-06-03 20:36:00,2015-06-03 20:41:00,17,0,0,0,0.0,[],NORMAL
2015-06-03 20:37:00,2015-06-03 20:42:00,17,0,0,0,0.0,[],NORMAL
2015-06-03 20:38:00,2015-06-03 20:43:00,15,0,0,0,0.0,[],NORMAL
2015-06-03 20:39:00,2015-06-03 20:44:00,16,0,0,0,0.0,[],NORMAL
2015-06-03 20:40:00,2015-06-03 20:45:00,23,0,0,0,0.0,[],NORMAL
2015-06-03 20:41:00,2015-06-03 20:46:00,23,0,0,0,0.0,[],NORMAL
2015-06-03 20:42:00,2015-06-03 20:47:00,25,0,0,0,0.0,[],NORMAL
2015-06-03 20:43:00,2015-06-03 20:48:00,27,0,0,0,0.0,[],NORMAL
2015-06-03 20:44:00,2015-06-03 20:49:00,25,0,0,0,0.0,[],NORMAL
2015-06-03 20:45:00,2015-06-03 20:50:00,26,0,0,0,0.0,[],NORMAL
2015-06-03 20:46:00,2015-06-03 20:51:00,30,0,0,0,0.0,[],NORMAL
2015-06-03 20:47:00,2015-06-03 20:52:00,30,0,0,0,0.0,[],NORMAL
2015-06-03 20:48:00,2015-06-03 20:53:00,32,1,0,1,100.0,"[""422425""]",HIGH_RISK
2015-06-03 20:49:00,2015-06-03 20:54:00,33,1,0,1,100.0,"[""422425""]",HIGH_RISK
2015-06-03 20:50:00,2015-06-03 20:55:00,30,1,0,1,100.0,"[""422425""]",HIGH_RISK
2015-06-03 20:51:00,2015-06-03 20:56:00,30,1,0,1,100.0,"[""422425""]",HIGH_RISK
2015-06-03 20:52:00,2015-06-03 20:57:00,28,1,0,1,100.0,"[""422425""]",HIGH_RISK
2015-06-03 20:53:00,2015-06-03 20:58:00,24,1,0,1,100.0,"[""46232""]",HIGH_RISK
2015-06-03 20:54:00,2015-06-03 20:59:00,25,1,0,1,100.0,"[""46232""]",HIGH_RISK
2015-06-03 20:55:00,2015-06-03 21:00:00,21,1,0,1,100.0,"[""46232""]",HIGH_RISK
2015-06-03 20:56:00,2015-06-03 21:01:00,19,1,0,1,100.0,"[""46232""]",HIGH_RISK
2015-06-03 20:57:00,2015-06-03 21:02:00,19,1,0,1,100.0,"[""46232""]",HIGH_RISK
2015-06-03 20:58:00,2015-06-03 21:03:00,23,0,0,0,0.0,[],NORMAL
2015-06-03 20:59:00,2015-06-03 21:04:00,22,0,1,0,0.0,[],NORMAL
2015-06-03 21:00:00,2015-06-03 21:05:00,23,0,1,0,0.0,[],NORMAL
2015-06-03 21:01:00,2015-06-03 21:06:00,23,0,1,0,0.0,[],NORMAL
2015-06-03 21:02:00,2015-06-03 21:07:00,21,0,1,0,0.0,[],NORMAL
2015-06-03 21:03:00,2015-06-03 21:08:00,15,0,2,0,0.0,[],NORMAL
2015-06-03 21:04:00,2015-06-03 21:09:00,17,0,1,0,0.0,[],NORMAL
2015-06-03 21:05:00,2015-06-03 21:10:00,20,0,1,0,0.0,[],NORMAL
2015-06-03 21:06:00,2015-06-03 21:11:00,22,0,1,0,0.0,[],NORMAL
2015-06-03 21:07:00,2015-06-03 21:12:00,23,0,1,0,0.0,[],NORMAL
2015-06-03 21:08:00,2015-06-03 21:13:00,26,0,0,0,0.0,[],NORMAL
2015-06-03 21:09:00,2015-06-03 21:14:00,25,0,0,0,0.0,[],NORMAL
2015-06-03 21:10:00,2015-06-03 21:15:00,22,1,0,1,100.0,"[""444603""]",HIGH_RISK
2015-06-03 21:11:00,2015-06-03 21:16:00,24,1,0,1,100.0,"[""444603""]",HIGH_RISK
2015-06-03 21:12:00,2015-06-03 21:17:00,25,1,0,1,100.0,"[""444603""]",HIGH_RISK
2015-06-03 21:13:00,2015-06-03 21:18:00,22,1,0,1,100.0,"[""444603""]",HIGH_RISK
2015-06-03 21:14:00,2015-06-03 21:19:00,21,1,0,1,100.0,"[""444603""]",HIGH_RISK
2015-06-03 21:15:00,2015-06-03 21:20:00,23,2,0,2,100.0,"[""122219"", ""291877""]",HIGH_RISK
2015-06-03 21:16:00,2015-06-03 21:21:00,23,2,0,2,100.0,"[""122219"", ""291877""]",HIGH_RISK
2015-06-03 21:17:00,2015-06-03 21:22:00,24,2,0,2,100.0,"[""122219"", ""291877""]",HIGH_RISK
2015-06-03 21:18:00,2015-06-03 21:23:00,28,2,0,2,100.0,"[""122219"", ""291877""]",HIGH_RISK
2015-06-03 21:19:00,2015-06-03 21:24:00,33,2,0,2,100.0,"[""122219"", ""291877""]",HIGH_RISK
2015-06-03 21:20:00,2015-06-03 21:25:00,31,0,0,0,0.0,[],NORMAL
2015-06-03 21:21:00,2015-06-03 21:26:00,31,0,0,0,0.0,[],NORMAL
2015-06-03 21:22:00,2015-06-03 21:27:00,29,0,0,0,0.0,[],NORMAL
2015-06-03 21:23:00,2015-06-03 21:28:00,25,0,0,0,0.0,[],NORMAL
2015-06-03 21:24:00,2015-06-03 21:29:00,20,0,0,0,0.0,[],NORMAL
2015-06-03 21:25:00,2015-06-03 21:30:00,27,0,0,0,0.0,[],NORMAL
2015-06-03 21:26:00,2015-06-03 21:31:00,26,0,0,0,0.0,[],NORMAL
2015-06-03 21:27:00,2015-06-03 21:32:00,28,0,0,0,0.0,[],NORMAL
2015-06-03 21:28:00,2015-06-03 21:33:00,32,1,0,1,100.0,"[""386480""]",HIGH_RISK
2015-06-03 21:29:00,2015-06-03 21:34:00,35,1,0,1,100.0,"[""386480""]",HIGH_RISK
2015-06-03 21:30:00,2015-06-03 21:35:00,25,1,0,1,100.0,"[""386480""]",HIGH_RISK
2015-06-03 21:31:00,2015-06-03 21:36:00,23,1,0,1,100.0,"[""386480""]",HIGH_RISK
2015-06-03 21:32:00,2015-06-03 21:37:00,22,1,0,1,100.0,"[""386480""]",HIGH_RISK
2015-06-03 21:33:00,2015-06-03 21:38:00,20,0,0,0,0.0,[],NORMAL
2015-06-03 21:34:00,2015-06-03 21:39:00,15,0,0,0,0.0,[],NORMAL
2015-06-03 21:35:00,2015-06-03 21:40:00,16,0,0,0,0.0,[],NORMAL
2015-06-03 21:36:00,2015-06-03 21:41:00,13,0,0,0,0.0,[],NORMAL
2015-06-03 21:37:00,2015-06-03 21:42:00,14,0,0,0,0.0,[],NORMAL
2015-06-03 21:38:00,2015-06-03 21:43:00,11,0,0,0,0.0,[],NORMAL
2015-06-03 21:39:00,2015-06-03 21:44:00,15,0,0,0,0.0,[],NORMAL
2015-06-03 21:40:00,2015-06-03 21:45:00,20,0,1,0,0.0,[],NORMAL
2015-06-03 21:41:00,2015-06-03 21:46:00,22,1,1,1,100.0,"[""196177""]",HIGH_RISK
2015-06-03 21:42:00,2015-06-03 21:47:00,21,1,1,1,100.0,"[""196177""]",HIGH_RISK
2015-06-03 21:43:00,2015-06-03 21:48:00,27,1,2,1,100.0,"[""196177""]",HIGH_RISK
2015-06-03 21:44:00,2015-06-03 21:49:00,25,1,2,1,100.0,"[""196177""]",HIGH_RISK
2015-06-03 21:45:00,2015-06-03 21:50:00,20,2,1,2,100.0,"[""196177"", ""87069""]",HIGH_RISK
2015-06-03 21:46:00,2015-06-03 21:51:00,23,1,1,1,100.0,"[""87069""]",HIGH_RISK
2015-06-03 21:47:00,2015-06-03 21:52:00,24,1,2,1,100.0,"[""87069""]",HIGH_RISK
2015-06-03 21:48:00,2015-06-03 21:53:00,25,1,1,1,100.0,"[""87069""]",HIGH_RISK
2015-06-03 21:49:00,2015-06-03 21:54:00,26,1,1,1,100.0,"[""87069""]",HIGH_RISK
2015-06-03 21:50:00,2015-06-03 21:55:00,33,0,1,0,0.0,[],NORMAL
2015-06-03 21:51:00,2015-06-03 21:56:00,31,0,1,0,0.0,[],NORMAL
2015-06-03 21:52:00,2015-06-03 21:57:00,30,0,0,0,0.0,[],NORMAL
2015-06-03 21:53:00,2015-06-03 21:58:00,26,1,0,1,100.0,"[""461891""]",HIGH_RISK
2015-06-03 21:54:00,2015-06-03 21:59:00,25,1,0,1,100.0,"[""461891""]",HIGH_RISK
2015-06-03 21:55:00,2015-06-03 22:00:00,23,1,0,1,100.0,"[""461891""]",HIGH_RISK
2015-06-03 21:56:00,2015-06-03 22:01:00,23,1,0,1,100.0,"[""461891""]",HIGH_RISK
2015-06-03 21:57:00,2015-06-03 22:02:00,25,1,0,1,100.0,"[""461891""]",HIGH_RISK
2015-06-03 21:58:00,2015-06-03 22:03:00,25,0,0,0,0.0,[],NORMAL
2015-06-03 21:59:00,2015-06-03 22:04:00,23,0,0,0,0.0,[],NORMAL
2015-06-03 22:00:00,2015-06-03 22:05:00,21,0,0,0,0.0,[],NORMAL
2015-06-03 22:01:00,2015-06-03 22:06:00,22,0,0,0,0.0,[],NORMAL
2015-06-03 22:02:00,2015-06-03 22:07:00,25,0,0,0,0.0,[],NORMAL
2015-06-03 22:03:00,2015-06-03 22:08:00,23,0,0,0,0.0,[],NORMAL
2015-06-03 22:04:00,2015-06-03 22:09:00,27,0,0,0,0.0,[],NORMAL
2015-06-03 22:05:00,2015-06-03 22:10:00,25,0,0,0,0.0,[],NORMAL
2015-06-03 22:06:00,2015-06-03 22:11:00,23,0,0,0,0.0,[],NORMAL
2015-06-03 22:07:00,2015-06-03 22:12:00,20,1,0,1,100.0,"[""128515""]",HIGH_RISK
2015-06-03 22:08:00,2015-06-03 22:13:00,21,1,0,1,100.0,"[""128515""]",HIGH_RISK
2015-06-03 22:09:00,2015-06-03 22:14:00,20,1,0,1,100.0,"[""128515""]",HIGH_RISK
2015-06-03 22:10:00,2015-06-03 22:15:00,22,1,0,1,100.0,"[""128515""]",HIGH_RISK
2015-06-03 22:11:00,2015-06-03 22:16:00,20,1,0,1,100.0,"[""128515""]",HIGH_RISK
2015-06-03 22:12:00,2015-06-03 22:17:00,18,0,0,0,0.0,[],NORMAL
2015-06-03 22:13:00,2015-06-03 22:18:00,21,0,0,0,0.0,[],NORMAL
2015-06-03 22:14:00,2015-06-03 22:19:00,19,0,0,0,0.0,[],NORMAL
2015-06-03 22:15:00,2015-06-03 22:20:00,17,0,0,0,0.0,[],NORMAL
2015-06-03 22:16:00,2015-06-03 22:21:00,18,0,0,0,0.0,[],NORMAL
2015-06-03 22:17:00,2015-06-03 22:22:00,26,0,0,0,0.0,[],NORMAL
2015-06-03 22:18:00,2015-06-03 22:23:00,22,0,0,0,0.0,[],NORMAL
2015-06-03 22:19:00,2015-06-03 22:24:00,25,0,0,0,0.0,[],NORMAL
2015-06-03 22:20:00,2015-06-03 22:25:00,26,0,0,0,0.0,[],NORMAL
2015-06-03 22:21:00,2015-06-03 22:26:00,27,0,0,0,0.0,[],NORMAL
2015-06-03 22:22:00,2015-06-03 22:27:00,19,0,0,0,0.0,[],NORMAL
2015-06-03 22:23:00,2015-06-03 22:28:00,21,0,0,0,0.0,[],NORMAL
2015-06-03 22:24:00,2015-06-03 22:29:00,20,0,0,0,0.0,[],NORMAL
2015-06-03 22:25:00,2015-06-03 22:30:00,25,0,0,0,0.0,[],NORMAL
2015-06-03 22:26:00,2015-06-03 22:31:00,27,0,0,0,0.0,[],NORMAL
2015-06-03 22:27:00,2015-06-03 22:32:00,27,0,0,0,0.0,[],NORMAL
2015-06-03 22:28:00,2015-06-03 22:33:00,30,0,0,0,0.0,[],NORMAL
2015-06-03 22:29:00,2015-06-03 22:34:00,30,1,0,1,100.0,"[""453646""]",HIGH_RISK
2015-06-03 22:30:00,2015-06-03 22:35:00,25,1,0,1,100.0,"[""453646""]",HIGH_RISK
2015-06-03 22:31:00,2015-06-03 22:36:00,23,1,0,1,100.0,"[""453646""]",HIGH_RISK
2015-06-03 22:32:00,2015-06-03 22:37:00,24,1,0,1,100.0,"[""453646""]",HIGH_RISK
2015-06-03 22:33:00,2015-06-03 22:38:00,20,1,0,1,100.0,"[""453646""]",HIGH_RISK
2015-06-03 22:34:00,2015-06-03 22:39:00,21,0,0,0,0.0,[],NORMAL
2015-06-03 22:35:00,2015-06-03 22:40:00,23,0,0,0,0.0,[],NORMAL
2015-06-03 22:36:00,2015-06-03 22:41:00,26,0,0,0,0.0,[],NORMAL
2015-06-03 22:37:00,2015-06-03 22:42:00,27,0,0,0,0.0,[],NORMAL
2015-06-03 22:38:00,2015-06-03 22:43:00,32,1,0,1,100.0,"[""129490""]",HIGH_RISK
2015-06-03 22:39:00,2015-06-03 22:44:00,33,1,0,1,100.0,"[""129490""]",HIGH_RISK
2015-06-03 22:40:00,2015-06-03 22:45:00,29,1,0,1,100.0,"[""129490""]",HIGH_RISK
2015-06-03 22:41:00,2015-06-03 22:46:00,27,1,0,1,100.0,"[""129490""]",HIGH_RISK
2015-06-03 22:42:00,2015-06-03 22:47:00,26,1,0,1,100.0,"[""129490""]",HIGH_RISK
2015-06-03 22:43:00,2015-06-03 22:48:00,21,0,0,0,0.0,[],NORMAL
2015-06-03 22:44:00,2015-06-03 22:49:00,19,0,0,0,0.0,[],NORMAL
2015-06-03 22:45:00,2015-06-03 22:50:00,21,0,0,0,0.0,[],NORMAL
2015-06-03 22:46:00,2015-06-03 22:51:00,21,0,0,0,0.0,[],NORMAL
2015-06-03 22:47:00,2015-06-03 22:52:00,19,0,0,0,0.0,[],NORMAL
2015-06-03 22:48:00,2015-06-03 22:53:00,21,1,0,1,100.0,"[""259755""]",HIGH_RISK
2015-06-03 22:49:00,2015-06-03 22:54:00,19,1,0,1,100.0,"[""259755""]",HIGH_RISK
2015-06-03 22:50:00,2015-06-03 22:55:00,17,1,0,1,100.0,"[""259755""]",HIGH_RISK
2015-06-03 22:51:00,2015-06-03 22:56:00,17,1,0,1,100.0,"[""259755""]",HIGH_RISK
2015-06-03 22:52:00,2015-06-03 22:57:00,14,1,0,1,100.0,"[""259755""]",HIGH_RISK
2015-06-03 22:53:00,2015-06-03 22:58:00,11,0,0,0,0.0,[],NORMAL
2015-06-03 22:54:00,2015-06-03 22:59:00,12,0,0,0,0.0,[],NORMAL
2015-06-03 22:55:00,2015-06-03 23:00:00,15,0,0,0,0.0,[],NORMAL
2015-06-03 22:56:00,2015-06-03 23:01:00,13,0,0,0,0.0,[],NORMAL
2015-06-03 22:57:00,2015-06-03 23:02:00,20,0,0,0,0.0,[],NORMAL
2015-06-03 22:58:00,2015-06-03 23:03:00,23,0,0,0,0.0,[],NORMAL
2015-06-03 22:59:00,2015-06-03 23:04:00,21,0,0,0,0.0,[],NORMAL
2015-06-03 23:00:00,2015-06-03 23:05:00,22,0,0,0,0.0,[],NORMAL
2015-06-03 23:01:00,2015-06-03 23:06:00,25,0,0,0,0.0,[],NORMAL
2015-06-03 23:02:00,2015-06-03 23:07:00,23,0,0,0,0.0,[],NORMAL
2015-06-03 23:03:00,2015-06-03 23:08:00,20,0,0,0,0.0,[],NORMAL
2015-06-03 23:04:00,2015-06-03 23:09:00,22,0,0,0,0.0,[],NORMAL
2015-06-03 23:05:00,2015-06-03 23:10:00,16,0,0,0,0.0,[],NORMAL
2015-06-03 23:06:00,2015-06-03 23:11:00,13,0,0,0,0.0,[],NORMAL
2015-06-03 23:07:00,2015-06-03 23:12:00,10,0,0,0,0.0,[],NORMAL
2015-06-03 23:08:00,2015-06-03 23:13:00,14,1,0,1,100.0,"[""22436""]",HIGH_RISK
2015-06-03 23:09:00,2015-06-03 23:14:00,14,1,0,1,100.0,"[""22436""]",HIGH_RISK
2015-06-03 23:10:00,2015-06-03 23:15:00,15,1,0,1,100.0,"[""22436""]",HIGH_RISK
2015-06-03 23:11:00,2015-06-03 23:16:00,16,1,0,1,100.0,"[""22436""]",HIGH_RISK
2015-06-03 23:12:00,2015-06-03 23:17:00,18,1,0,1,100.0,"[""22436""]",HIGH_RISK
2015-06-03 23:13:00,2015-06-03 23:18:00,12,0,0,0,0.0,[],NORMAL
2015-06-03 23:14:00,2015-06-03 23:19:00,12,0,0,0,0.0,[],NORMAL
2015-06-03 23:15:00,2015-06-03 23:20:00,13,0,0,0,0.0,[],NORMAL
2015-06-03 23:16:00,2015-06-03 23:21:00,13,0,0,0,0.0,[],NORMAL
2015-06-03 23:17:00,2015-06-03 23:22:00,10,0,0,0,0.0,[],NORMAL
2015-06-03 23:18:00,2015-06-03 23:23:00,12,0,1,0,0.0,[],NORMAL
2015-06-03 23:19:00,2015-06-03 23:24:00,9,0,1,0,0.0,[],NORMAL
2015-06-03 23:20:00,2015-06-03 23:25:00,12,0,1,0,0.0,[],NORMAL
2015-06-03 23:21:00,2015-06-03 23:26:00,12,0,1,0,0.0,[],NORMAL
2015-06-03 23:22:00,2015-06-03 23:27:00,14,0,1,0,0.0,[],NORMAL
2015-06-03 23:23:00,2015-06-03 23:28:00,13,0,0,0,0.0,[],NORMAL
2015-06-03 23:24:00,2015-06-03 23:29:00,18,0,0,0,0.0,[],NORMAL
2015-06-03 23:25:00,2015-06-03 23:30:00,17,0,0,0,0.0,[],NORMAL
2015-06-03 23:26:00,2015-06-03 23:31:00,16,0,0,0,0.0,[],NORMAL
2015-06-03 23:27:00,2015-06-03 23:32:00,16,0,0,0,0.0,[],NORMAL
2015-06-03 23:28:00,2015-06-03 23:33:00,18,0,0,0,0.0,[],NORMAL
2015-06-03 23:29:00,2015-06-03 23:34:00,16,0,0,0,0.0,[],NORMAL
2015-06-03 23:30:00,2015-06-03 23:35:00,14,0,0,0,0.0,[],NORMAL
2015-06-03 23:31:00,2015-06-03 23:36:00,11,0,0,0,0.0,[],NORMAL
2015-06-03 23:32:00,2015-06-03 23:37:00,14,0,0,0,0.0,[],NORMAL
2015-06-03 23:33:00,2015-06-03 23:38:00,13,0,0,0,0.0,[],NORMAL
2015-06-03 23:34:00,2015-06-03 23:39:00,12,0,0,0,0.0,[],NORMAL
2015-06-03 23:35:00,2015-06-03 23:40:00,14,0,0,0,0.0,[],NORMAL
2015-06-03 23:36:00,2015-06-03 23:41:00,15,0,0,0,0.0,[],NORMAL
2015-06-03 23:37:00,2015-06-03 23:42:00,15,0,0,0,0.0,[],NORMAL
2015-06-03 23:38:00,2015-06-03 23:43:00,17,1,0,1,100.0,"[""99412""]",HIGH_RISK
2015-06-03 23:39:00,2015-06-03 23:44:00,18,1,0,1,100.0,"[""99412""]",HIGH_RISK
2015-06-03 23:40:00,2015-06-03 23:45:00,17,1,0,1,100.0,"[""99412""]",HIGH_RISK
2015-06-03 23:41:00,2015-06-03 23:46:00,22,1,0,1,100.0,"[""99412""]",HIGH_RISK
2015-06-03 23:42:00,2015-06-03 23:47:00,21,1,0,1,100.0,"[""99412""]",HIGH_RISK
2015-06-03 23:43:00,2015-06-03 23:48:00,21,0,0,0,0.0,[],NORMAL
2015-06-03 23:44:00,2015-06-03 23:49:00,21,0,0,0,0.0,[],NORMAL
2015-06-03 23:45:00,2015-06-03 23:50:00,22,0,0,0,0.0,[],NORMAL
2015-06-03 23:46:00,2015-06-03 23:51:00,18,0,0,0,0.0,[],NORMAL
2015-06-03 23:47:00,2015-06-03 23:52:00,16,0,0,0,0.0,[],NORMAL
2015-06-03 23:48:00,2015-06-03 23:53:00,17,0,0,0,0.0,[],NORMAL
2015-06-03 23:49:00,2015-06-03 23:54:00,16,0,0,0,0.0,[],NORMAL
2015-06-03 23:50:00,2015-06-03 23:55:00,15,0,0,0,0.0,[],NORMAL
2015-06-03 23:51:00,2015-06-03 23:56:00,16,0,0,0,0.0,[],NORMAL
2015-06-03 23:52:00,2015-06-03 23:57:00,16,0,0,0,0.0,[],NORMAL
2015-06-03 23:53:00,2015-06-03 23:58:00,12,0,0,0,0.0,[],NORMAL
2015-06-03 23:54:00,2015-06-03 23:59:00,12,0,0,0,0.0,[],NORMAL
2015-06-03 23:55:00,2015-06-04 00:00:00,13,0,0,0,0.0,[],NORMAL
2015-06-03 23:56:00,2015-06-04 00:01:00,13,0,0,0,0.0,[],NORMAL
2015-06-03 23:57:00,2015-06-04 00:02:00,15,1,0,1,100.0,"[""57151""]",HIGH_RISK
2015-06-03 23:58:00,2015-06-04 00:03:00,18,1,0,1,100.0,"[""57151""]",HIGH_RISK
2015-06-03 23:59:00,2015-06-04 00:04:00,21,2,0,2,100.0,"[""57151"", ""345080""]",HIGH_RISK
2015-06-04 00:00:00,2015-06-04 00:05:00,21,2,0,2,100.0,"[""57151"", ""345080""]",HIGH_RISK
2015-06-04 00:01:00,2015-06-04 00:06:00,20,2,0,2,100.0,"[""57151"", ""345080""]",HIGH_RISK
2015-06-04 00:02:00,2015-06-04 00:07:00,18,2,0,2,100.0,"[""345080"", ""367301""]",HIGH_RISK
2015-06-04 00:03:00,2015-06-04 00:08:00,18,2,0,2,100.0,"[""345080"", ""367301""]",HIGH_RISK
2015-06-04 00:04:00,2015-06-04 00:09:00,16,1,0,1,100.0,"[""367301""]",HIGH_RISK
2015-06-04 00:05:00,2015-06-04 00:10:00,13,1,0,1,100.0,"[""367301""]",HIGH_RISK
2015-06-04 00:06:00,2015-06-04 00:11:00,13,1,0,1,100.0,"[""367301""]",HIGH_RISK
2015-06-04 00:07:00,2015-06-04 00:12:00,13,0,0,0,0.0,[],NORMAL
2015-06-04 00:08:00,2015-06-04 00:13:00,12,0,0,0,0.0,[],NORMAL
2015-06-04 00:09:00,2015-06-04 00:14:00,10,0,0,0,0.0,[],NORMAL
2015-06-04 00:10:00,2015-06-04 00:15:00,12,0,0,0,0.0,[],NORMAL
2015-06-04 00:11:00,2015-06-04 00:16:00,17,1,0,1,100.0,"[""78388""]",HIGH_RISK
2015-06-04 00:12:00,2015-06-04 00:17:00,19,1,0,1,100.0,"[""78388""]",HIGH_RISK
2015-06-04 00:13:00,2015-06-04 00:18:00,18,1,0,1,100.0,"[""78388""]",HIGH_RISK
2015-06-04 00:14:00,2015-06-04 00:19:00,26,1,0,1,100.0,"[""78388""]",HIGH_RISK
2015-06-04 00:15:00,2015-06-04 00:20:00,27,2,0,2,100.0,"[""78388"", ""72273""]",HIGH_RISK
2015-06-04 00:16:00,2015-06-04 00:21:00,21,1,0,1,100.0,"[""72273""]",HIGH_RISK
2015-06-04 00:17:00,2015-06-04 00:22:00,18,1,0,1,100.0,"[""72273""]",HIGH_RISK
2015-06-04 00:18:00,2015-06-04 00:23:00,19,1,0,1,100.0,"[""72273""]",HIGH_RISK
2015-06-04 00:19:00,2015-06-04 00:24:00,11,1,0,1,100.0,"[""72273""]",HIGH_RISK
2015-06-04 00:20:00,2015-06-04 00:25:00,12,0,0,0,0.0,[],NORMAL
2015-06-04 00:21:00,2015-06-04 00:26:00,12,0,0,0,0.0,[],NORMAL
2015-06-04 00:22:00,2015-06-04 00:27:00,13,0,0,0,0.0,[],NORMAL
2015-06-04 00:23:00,2015-06-04 00:28:00,12,0,0,0,0.0,[],NORMAL
2015-06-04 00:24:00,2015-06-04 00:29:00,14,0,0,0,0.0,[],NORMAL
2015-06-04 00:25:00,2015-06-04 00:30:00,9,0,0,0,0.0,[],NORMAL
2015-06-04 00:26:00,2015-06-04 00:31:00,10,0,0,0,0.0,[],NORMAL
2015-06-04 00:27:00,2015-06-04 00:32:00,8,0,0,0,0.0,[],NORMAL
2015-06-04 00:28:00,2015-06-04 00:33:00,7,0,0,0,0.0,[],NORMAL
2015-06-04 00:29:00,2015-06-04 00:34:00,7,0,0,0,0.0,[],NORMAL
2015-06-04 00:30:00,2015-06-04 00:35:00,9,0,0,0,0.0,[],NORMAL
2015-06-04 00:31:00,2015-06-04 00:36:00,13,0,0,0,0.0,[],NORMAL
2015-06-04 00:32:00,2015-06-04 00:37:00,12,0,0,0,0.0,[],NORMAL
2015-06-04 00:33:00,2015-06-04 00:38:00,12,0,0,0,0.0,[],NORMAL
2015-06-04 00:34:00,2015-06-04 00:39:00,14,0,0,0,0.0,[],NORMAL
2015-06-04 00:35:00,2015-06-04 00:40:00,16,0,0,0,0.0,[],NORMAL
2015-06-04 00:36:00,2015-06-04 00:41:00,12,0,0,0,0.0,[],NORMAL
2015-06-04 00:37:00,2015-06-04 00:42:00,16,0,0,0,0.0,[],NORMAL
2015-06-04 00:38:00,2015-06-04 00:43:00,17,0,0,0,0.0,[],NORMAL
2015-06-04 00:39:00,2015-06-04 00:44:00,16,0,0,0,0.0,[],NORMAL
2015-06-04 00:40:00,2015-06-04 00:45:00,14,0,0,0,0.0,[],NORMAL
2015-06-04 00:41:00,2015-06-04 00:46:00,14,0,0,0,0.0,[],NORMAL
2015-06-04 00:42:00,2015-06-04 00:47:00,13,0,0,0,0.0,[],NORMAL
2015-06-04 00:43:00,2015-06-04 00:48:00,13,0,0,0,0.0,[],NORMAL
2015-06-04 00:44:00,2015-06-04 00:49:00,11,0,0,0,0.0,[],NORMAL
2015-06-04 00:45:00,2015-06-04 00:50:00,10,0,1,0,0.0,[],NORMAL
2015-06-04 00:46:00,2015-06-04 00:51:00,9,1,1,1,100.0,"[""398907""]",HIGH_RISK
2015-06-04 00:47:00,2015-06-04 00:52:00,8,1,1,1,100.0,"[""398907""]",HIGH_RISK
2015-06-04 00:48:00,2015-06-04 00:53:00,8,1,1,1,100.0,"[""398907""]",HIGH_RISK
2015-06-04 00:49:00,2015-06-04 00:54:00,11,1,1,1,100.0,"[""398907""]",HIGH_RISK
2015-06-04 00:50:00,2015-06-04 00:55:00,14,2,0,2,100.0,"[""398907"", ""290001""]",HIGH_RISK
2015-06-04 00:51:00,2015-06-04 00:56:00,16,1,0,1,100.0,"[""290001""]",HIGH_RISK
2015-06-04 00:52:00,2015-06-04 00:57:00,18,1,0,1,100.0,"[""290001""]",HIGH_RISK
2015-06-04 00:53:00,2015-06-04 00:58:00,20,1,0,1,100.0,"[""290001""]",HIGH_RISK
2015-06-04 00:54:00,2015-06-04 00:59:00,19,1,0,1,100.0,"[""290001""]",HIGH_RISK
2015-06-04 00:55:00,2015-06-04 01:00:00,18,0,0,0,0.0,[],NORMAL
2015-06-04 00:56:00,2015-06-04 01:01:00,16,0,0,0,0.0,[],NORMAL
2015-06-04 00:57:00,2015-06-04 01:02:00,14,0,0,0,0.0,[],NORMAL
2015-06-04 00:58:00,2015-06-04 01:03:00,14,0,0,0,0.0,[],NORMAL
2015-06-04 00:59:00,2015-06-04 01:04:00,12,0,0,0,0.0,[],NORMAL
2015-06-04 01:00:00,2015-06-04 01:05:00,13,0,0,0,0.0,[],NORMAL
2015-06-04 01:01:00,2015-06-04 01:06:00,16,0,0,0,0.0,[],NORMAL
2015-06-04 01:02:00,2015-06-04 01:07:00,19,0,0,0,0.0,[],NORMAL
2015-06-04 01:03:00,2015-06-04 01:08:00,21,0,0,0,0.0,[],NORMAL
2015-06-04 01:04:00,2015-06-04 01:09:00,22,0,0,0,0.0,[],NORMAL
2015-06-04 01:05:00,2015-06-04 01:10:00,22,0,0,0,0.0,[],NORMAL
2015-06-04 01:06:00,2015-06-04 01:11:00,21,0,0,0,0.0,[],NORMAL
2015-06-04 01:07:00,2015-06-04 01:12:00,20,0,0,0,0.0,[],NORMAL
2015-06-04 01:08:00,2015-06-04 01:13:00,16,0,0,0,0.0,[],NORMAL
2015-06-04 01:09:00,2015-06-04 01:14:00,18,0,0,0,0.0,[],NORMAL
2015-06-04 01:10:00,2015-06-04 01:15:00,16,0,1,0,0.0,[],NORMAL
2015-06-04 01:11:00,2015-06-04 01:16:00,16,0,1,0,0.0,[],NORMAL
2015-06-04 01:12:00,2015-06-04 01:17:00,16,0,1,0,0.0,[],NORMAL
2015-06-04 01:13:00,2015-06-04 01:18:00,18,0,1,0,0.0,[],NORMAL
2015-06-04 01:14:00,2015-06-04 01:19:00,18,0,1,0,0.0,[],NORMAL
2015-06-04 01:15:00,2015-06-04 01:20:00,18,0,0,0,0.0,[],NORMAL
2015-06-04 01:16:00,2015-06-04 01:21:00,17,0,0,0,0.0,[],NORMAL
2015-06-04 01:17:00,2015-06-04 01:22:00,16,0,0,0,0.0,[],NORMAL
2015-06-04 01:18:00,2015-06-04 01:23:00,15,0,0,0,0.0,[],NORMAL
2015-06-04 01:19:00,2015-06-04 01:24:00,13,0,0,0,0.0,[],NORMAL
2015-06-04 01:20:00,2015-06-04 01:25:00,19,0,0,0,0.0,[],NORMAL
2015-06-04 01:21:00,2015-06-04 01:26:00,17,0,0,0,0.0,[],NORMAL
2015-06-04 01:22:00,2015-06-04 01:27:00,17,0,0,0,0.0,[],NORMAL
2015-06-04 01:23:00,2015-06-04 01:28:00,15,0,0,0,0.0,[],NORMAL
2015-06-04 01:24:00,2015-06-04 01:29:00,16,1,0,1,100.0,"[""31557""]",HIGH_RISK
2015-06-04 01:25:00,2015-06-04 01:30:00,14,1,0,1,100.0,"[""31557""]",HIGH_RISK
2015-06-04 01:26:00,2015-06-04 01:31:00,20,1,0,1,100.0,"[""31557""]",HIGH_RISK
2015-06-04 01:27:00,2015-06-04 01:32:00,22,1,0,1,100.0,"[""31557""]",HIGH_RISK
2015-06-04 01:28:00,2015-06-04 01:33:00,24,1,0,1,100.0,"[""31557""]",HIGH_RISK
2015-06-04 01:29:00,2015-06-04 01:34:00,21,0,0,0,0.0,[],NORMAL
2015-06-04 01:30:00,2015-06-04 01:35:00,19,0,0,0,0.0,[],NORMAL
2015-06-04 01:31:00,2015-06-04 01:36:00,14,0,0,0,0.0,[],NORMAL
2015-06-04 01:32:00,2015-06-04 01:37:00,11,0,0,0,0.0,[],NORMAL
2015-06-04 01:33:00,2015-06-04 01:38:00,10,0,0,0,0.0,[],NORMAL
2015-06-04 01:34:00,2015-06-04 01:39:00,16,1,0,1,100.0,"[""224184""]",HIGH_RISK
2015-06-04 01:35:00,2015-06-04 01:40:00,19,1,1,1,100.0,"[""224184""]",HIGH_RISK
2015-06-04 01:36:00,2015-06-04 01:41:00,22,1,1,1,100.0,"[""224184""]",HIGH_RISK
2015-06-04 01:37:00,2015-06-04 01:42:00,22,1,1,1,100.0,"[""224184""]",HIGH_RISK
2015-06-04 01:38:00,2015-06-04 01:43:00,23,1,1,1,100.0,"[""224184""]",HIGH_RISK
2015-06-04 01:39:00,2015-06-04 01:44:00,19,1,1,1,100.0,"[""243980""]",HIGH_RISK
2015-06-04 01:40:00,2015-06-04 01:45:00,13,1,0,1,100.0,"[""243980""]",HIGH_RISK
2015-06-04 01:41:00,2015-06-04 01:46:00,15,1,0,1,100.0,"[""243980""]",HIGH_RISK
2015-06-04 01:42:00,2015-06-04 01:47:00,15,1,0,1,100.0,"[""243980""]",HIGH_RISK
2015-06-04 01:43:00,2015-06-04 01:48:00,17,1,0,1,100.0,"[""243980""]",HIGH_RISK
2015-06-04 01:44:00,2015-06-04 01:49:00,14,0,0,0,0.0,[],NORMAL
2015-06-04 01:45:00,2015-06-04 01:50:00,15,0,0,0,0.0,[],NORMAL
2015-06-04 01:46:00,2015-06-04 01:51:00,13,0,0,0,0.0,[],NORMAL
2015-06-04 01:47:00,2015-06-04 01:52:00,20,0,0,0,0.0,[],NORMAL
2015-06-04 01:48:00,2015-06-04 01:53:00,17,0,0,0,0.0,[],NORMAL
2015-06-04 01:49:00,2015-06-04 01:54:00,19,0,2,0,0.0,[],NORMAL
2015-06-04 01:50:00,2015-06-04 01:55:00,23,0,2,0,0.0,[],NORMAL
2015-06-04 01:51:00,2015-06-04 01:56:00,24,0,2,0,0.0,[],NORMAL
2015-06-04 01:52:00,2015-06-04 01:57:00,18,0,2,0,0.0,[],NORMAL
2015-06-04 01:53:00,2015-06-04 01:58:00,20,0,2,0,0.0,[],NORMAL
2015-06-04 01:54:00,2015-06-04 01:59:00,19,0,0,0,0.0,[],NORMAL
2015-06-04 01:55:00,2015-06-04 02:00:00,17,0,0,0,0.0,[],NORMAL
2015-06-04 01:56:00,2015-06-04 02:01:00,17,0,0,0,0.0,[],NORMAL
2015-06-04 01:57:00,2015-06-04 02:02:00,14,0,0,0,0.0,[],NORMAL
2015-06-04 01:58:00,2015-06-04 02:03:00,13,0,0,0,0.0,[],NORMAL
2015-06-04 01:59:00,2015-06-04 02:04:00,14,0,0,0,0.0,[],NORMAL
2015-06-04 02:00:00,2015-06-04 02:05:00,13,0,0,0,0.0,[],NORMAL
2015-06-04 02:01:00,2015-06-04 02:06:00,9,0,0,0,0.0,[],NORMAL
2015-06-04 02:02:00,2015-06-04 02:07:00,10,1,0,1,100.0,"[""188148""]",HIGH_RISK
2015-06-04 02:03:00,2015-06-04 02:08:00,12,2,0,2,100.0,"[""188148"", ""439274""]",HIGH_RISK
2015-06-04 02:04:00,2015-06-04 02:09:00,10,2,0,2,100.0,"[""188148"", ""439274""]",HIGH_RISK
2015-06-04 02:05:00,2015-06-04 02:10:00,12,2,0,2,100.0,"[""188148"", ""439274""]",HIGH_RISK
2015-06-04 02:06:00,2015-06-04 02:11:00,16,2,0,2,100.0,"[""188148"", ""439274""]",HIGH_RISK
2015-06-04 02:07:00,2015-06-04 02:12:00,18,1,0,1,100.0,"[""439274""]",HIGH_RISK
2015-06-04 02:08:00,2015-06-04 02:13:00,15,0,0,0,0.0,[],NORMAL
2015-06-04 02:09:00,2015-06-04 02:14:00,19,0,0,0,0.0,[],NORMAL
2015-06-04 02:10:00,2015-06-04 02:15:00,18,0,0,0,0.0,[],NORMAL
2015-06-04 02:11:00,2015-06-04 02:16:00,19,0,0,0,0.0,[],NORMAL
2015-06-04 02:12:00,2015-06-04 02:17:00,18,0,0,0,0.0,[],NORMAL
2015-06-04 02:13:00,2015-06-04 02:18:00,17,0,0,0,0.0,[],NORMAL
2015-06-04 02:14:00,2015-06-04 02:19:00,17,0,0,0,0.0,[],NORMAL
2015-06-04 02:15:00,2015-06-04 02:20:00,15,0,0,0,0.0,[],NORMAL
2015-06-04 02:16:00,2015-06-04 02:21:00,15,0,0,0,0.0,[],NORMAL
2015-06-04 02:17:00,2015-06-04 02:22:00,16,0,0,0,0.0,[],NORMAL
2015-06-04 02:18:00,2015-06-04 02:23:00,19,0,0,0,0.0,[],NORMAL
2015-06-04 02:19:00,2015-06-04 02:24:00,18,0,0,0,0.0,[],NORMAL
2015-06-04 02:20:00,2015-06-04 02:25:00,16,0,0,0,0.0,[],NORMAL
2015-06-04 02:21:00,2015-06-04 02:26:00,14,0,0,0,0.0,[],NORMAL
2015-06-04 02:22:00,2015-06-04 02:27:00,15,0,0,0,0.0,[],NORMAL
2015-06-04 02:23:00,2015-06-04 02:28:00,14,0,0,0,0.0,[],NORMAL
2015-06-04 02:24:00,2015-06-04 02:29:00,15,0,0,0,0.0,[],NORMAL
2015-06-04 02:25:00,2015-06-04 02:30:00,18,0,0,0,0.0,[],NORMAL
2015-06-04 02:26:00,2015-06-04 02:31:00,16,0,0,0,0.0,[],NORMAL
2015-06-04 02:27:00,2015-06-04 02:32:00,18,0,1,0,0.0,[],NORMAL
2015-06-04 02:28:00,2015-06-04 02:33:00,18,0,1,0,0.0,[],NORMAL
2015-06-04 02:29:00,2015-06-04 02:34:00,16,0,1,0,0.0,[],NORMAL
2015-06-04 02:30:00,2015-06-04 02:35:00,15,0,1,0,0.0,[],NORMAL
2015-06-04 02:31:00,2015-06-04 02:36:00,19,0,1,0,0.0,[],NORMAL
2015-06-04 02:32:00,2015-06-04 02:37:00,18,0,0,0,0.0,[],NORMAL
2015-06-04 02:33:00,2015-06-04 02:38:00,19,0,0,0,0.0,[],NORMAL
2015-06-04 02:34:00,2015-06-04 02:39:00,20,0,1,0,0.0,[],NORMAL
2015-06-04 02:35:00,2015-06-04 02:40:00,22,0,1,0,0.0,[],NORMAL
2015-06-04 02:36:00,2015-06-04 02:41:00,17,0,1,0,0.0,[],NORMAL
2015-06-04 02:37:00,2015-06-04 02:42:00,14,0,1,0,0.0,[],NORMAL
2015-06-04 02:38:00,2015-06-04 02:43:00,10,0,1,0,0.0,[],NORMAL
2015-06-04 02:39:00,2015-06-04 02:44:00,14,0,1,0,0.0,[],NORMAL
2015-06-04 02:40:00,2015-06-04 02:45:00,12,0,1,0,0.0,[],NORMAL
2015-06-04 02:41:00,2015-06-04 02:46:00,15,0,1,0,0.0,[],NORMAL
2015-06-04 02:42:00,2015-06-04 02:47:00,16,0,1,0,0.0,[],NORMAL
2015-06-04 02:43:00,2015-06-04 02:48:00,21,0,1,0,0.0,[],NORMAL
2015-06-04 02:44:00,2015-06-04 02:49:00,17,0,0,0,0.0,[],NORMAL
2015-06-04 02:45:00,2015-06-04 02:50:00,18,0,0,0,0.0,[],NORMAL
2015-06-04 02:46:00,2015-06-04 02:51:00,19,0,0,0,0.0,[],NORMAL
2015-06-04 02:47:00,2015-06-04 02:52:00,20,0,0,0,0.0,[],NORMAL
2015-06-04 02:48:00,2015-06-04 02:53:00,20,0,0,0,0.0,[],NORMAL
2015-06-04 02:49:00,2015-06-04 02:54:00,18,0,0,0,0.0,[],NORMAL
2015-06-04 02:50:00,2015-06-04 02:55:00,18,0,0,0,0.0,[],NORMAL
2015-06-04 02:51:00,2015-06-04 02:56:00,15,1,0,1,100.0,"[""36904""]",HIGH_RISK
2015-06-04 02:52:00,2015-06-04 02:57:00,14,1,0,1,100.0,"[""36904""]",HIGH_RISK
2015-06-04 02:53:00,2015-06-04 02:58:00,15,1,0,1,100.0,"[""36904""]",HIGH_RISK
2015-06-04 02:54:00,2015-06-04 02:59:00,15,1,0,1,100.0,"[""36904""]",HIGH_RISK
2015-06-04 02:55:00,2015-06-04 03:00:00,15,1,0,1,100.0,"[""36904""]",HIGH_RISK
2015-06-04 02:56:00,2015-06-04 03:01:00,14,0,0,0,0.0,[],NORMAL
2015-06-04 02:57:00,2015-06-04 03:02:00,13,0,0,0,0.0,[],NORMAL
2015-06-04 02:58:00,2015-06-04 03:03:00,12,0,0,0,0.0,[],NORMAL
2015-06-04 02:59:00,2015-06-04 03:04:00,14,0,0,0,0.0,[],NORMAL
2015-06-04 03:00:00,2015-06-04 03:05:00,17,0,0,0,0.0,[],NORMAL
2015-06-04 03:01:00,2015-06-04 03:06:00,21,0,0,0,0.0,[],NORMAL
2015-06-04 03:02:00,2015-06-04 03:07:00,23,0,0,0,0.0,[],NORMAL
2015-06-04 03:03:00,2015-06-04 03:08:00,20,0,0,0,0.0,[],NORMAL
2015-06-04 03:04:00,2015-06-04 03:09:00,19,0,0,0,0.0,[],NORMAL
2015-06-04 03:05:00,2015-06-04 03:10:00,16,0,0,0,0.0,[],NORMAL
2015-06-04 03:06:00,2015-06-04 03:11:00,17,0,0,0,0.0,[],NORMAL
2015-06-04 03:07:00,2015-06-04 03:12:00,17,0,0,0,0.0,[],NORMAL
2015-06-04 03:08:00,2015-06-04 03:13:00,17,1,0,1,100.0,"[""170262""]",HIGH_RISK
2015-06-04 03:09:00,2015-06-04 03:14:00,19,1,0,1,100.0,"[""170262""]",HIGH_RISK
2015-06-04 03:10:00,2015-06-04 03:15:00,23,1,0,1,100.0,"[""170262""]",HIGH_RISK
2015-06-04 03:11:00,2015-06-04 03:16:00,25,1,0,1,100.0,"[""170262""]",HIGH_RISK
2015-06-04 03:12:00,2015-06-04 03:17:00,24,1,1,0,0.0,[],NORMAL
2015-06-04 03:13:00,2015-06-04 03:18:00,25,0,1,0,0.0,[],NORMAL
2015-06-04 03:14:00,2015-06-04 03:19:00,28,1,1,1,100.0,"[""247376""]",HIGH_RISK
2015-06-04 03:15:00,2015-06-04 03:20:00,27,1,1,1,100.0,"[""247376""]",HIGH_RISK
2015-06-04 03:16:00,2015-06-04 03:21:00,24,1,1,1,100.0,"[""247376""]",HIGH_RISK
2015-06-04 03:17:00,2015-06-04 03:22:00,25,1,0,1,100.0,"[""247376""]",HIGH_RISK
2015-06-04 03:18:00,2015-06-04 03:23:00,24,1,0,1,100.0,"[""247376""]",HIGH_RISK
2015-06-04 03:19:00,2015-06-04 03:24:00,20,0,0,0,0.0,[],NORMAL
2015-06-04 03:20:00,2015-06-04 03:25:00,16,0,0,0,0.0,[],NORMAL
2015-06-04 03:21:00,2015-06-04 03:26:00,15,0,0,0,0.0,[],NORMAL
2015-06-04 03:22:00,2015-06-04 03:27:00,12,0,0,0,0.0,[],NORMAL
2015-06-04 03:23:00,2015-06-04 03:28:00,13,0,0,0,0.0,[],NORMAL
2015-06-04 03:24:00,2015-06-04 03:29:00,12,0,0,0,0.0,[],NORMAL
2015-06-04 03:25:00,2015-06-04 03:30:00,14,0,0,0,0.0,[],NORMAL
2015-06-04 03:26:00,2015-06-04 03:31:00,12,0,0,0,0.0,[],NORMAL
2015-06-04 03:27:00,2015-06-04 03:32:00,14,0,0,0,0.0,[],NORMAL
2015-06-04 03:28:00,2015-06-04 03:33:00,15,0,0,0,0.0,[],NORMAL
2015-06-04 03:29:00,2015-06-04 03:34:00,17,0,0,0,0.0,[],NORMAL
2015-06-04 03:30:00,2015-06-04 03:35:00,14,0,0,0,0.0,[],NORMAL
2015-06-04 03:31:00,2015-06-04 03:36:00,17,0,0,0,0.0,[],NORMAL
2015-06-04 03:32:00,2015-06-04 03:37:00,19,0,0,0,0.0,[],NORMAL
2015-06-04 03:33:00,2015-06-04 03:38:00,18,0,0,0,0.0,[],NORMAL
2015-06-04 03:34:00,2015-06-04 03:39:00,16,0,0,0,0.0,[],NORMAL
2015-06-04 03:35:00,2015-06-04 03:40:00,16,0,0,0,0.0,[],NORMAL
2015-06-04 03:36:00,2015-06-04 03:41:00,13,0,0,0,0.0,[],NORMAL
2015-06-04 03:37:00,2015-06-04 03:42:00,12,0,0,0,0.0,[],NORMAL
2015-06-04 03:38:00,2015-06-04 03:43:00,13,0,0,0,0.0,[],NORMAL
2015-06-04 03:39:00,2015-06-04 03:44:00,14,0,0,0,0.0,[],NORMAL
2015-06-04 03:40:00,2015-06-04 03:45:00,19,0,0,0,0.0,[],NORMAL
2015-06-04 03:41:00,2015-06-04 03:46:00,19,0,0,0,0.0,[],NORMAL
2015-06-04 03:42:00,2015-06-04 03:47:00,17,0,0,0,0.0,[],NORMAL
2015-06-04 03:43:00,2015-06-04 03:48:00,20,0,0,0,0.0,[],NORMAL
2015-06-04 03:44:00,2015-06-04 03:49:00,20,0,0,0,0.0,[],NORMAL
2015-06-04 03:45:00,2015-06-04 03:50:00,16,0,0,0,0.0,[],NORMAL
2015-06-04 03:46:00,2015-06-04 03:51:00,16,0,0,0,0.0,[],NORMAL
2015-06-04 03:47:00,2015-06-04 03:52:00,18,0,0,0,0.0,[],NORMAL
2015-06-04 03:48:00,2015-06-04 03:53:00,12,0,0,0,0.0,[],NORMAL
2015-06-04 03:49:00,2015-06-04 03:54:00,12,0,0,0,0.0,[],NORMAL
2015-06-04 03:50:00,2015-06-04 03:55:00,15,0,0,0,0.0,[],NORMAL
2015-06-04 03:51:00,2015-06-04 03:56:00,16,0,0,0,0.0,[],NORMAL
2015-06-04 03:52:00,2015-06-04 03:57:00,14,0,0,0,0.0,[],NORMAL
2015-06-04 03:53:00,2015-06-04 03:58:00,16,1,0,1,100.0,"[""299440""]",HIGH_RISK
2015-06-04 03:54:00,2015-06-04 03:59:00,14,1,0,1,100.0,"[""299440""]",HIGH_RISK
2015-06-04 03:55:00,2015-06-04 04:00:00,10,1,0,1,100.0,"[""299440""]",HIGH_RISK
2015-06-04 03:56:00,2015-06-04 04:01:00,12,1,0,1,100.0,"[""299440""]",HIGH_RISK
2015-06-04 03:57:00,2015-06-04 04:02:00,12,1,0,1,100.0,"[""299440""]",HIGH_RISK
2015-06-04 03:58:00,2015-06-04 04:03:00,10,0,0,0,0.0,[],NORMAL
2015-06-04 03:59:00,2015-06-04 04:04:00,16,0,1,0,0.0,[],NORMAL
2015-06-04 04:00:00,2015-06-04 04:05:00,21,0,1,0,0.0,[],NORMAL
2015-06-04 04:01:00,2015-06-04 04:06:00,19,0,1,0,0.0,[],NORMAL
2015-06-04 04:02:00,2015-06-04 04:07:00,21,0,1,0,0.0,[],NORMAL
2015-06-04 04:03:00,2015-06-04 04:08:00,21,0,1,0,0.0,[],NORMAL
2015-06-04 04:04:00,2015-06-04 04:09:00,18,0,0,0,0.0,[],NORMAL
2015-06-04 04:05:00,2015-06-04 04:10:00,17,0,0,0,0.0,[],NORMAL
2015-06-04 04:06:00,2015-06-04 04:11:00,21,0,0,0,0.0,[],NORMAL
2015-06-04 04:07:00,2015-06-04 04:12:00,24,1,0,1,100.0,"[""92678""]",HIGH_RISK
2015-06-04 04:08:00,2015-06-04 04:13:00,24,1,0,1,100.0,"[""92678""]",HIGH_RISK
2015-06-04 04:09:00,2015-06-04 04:14:00,23,1,0,1,100.0,"[""92678""]",HIGH_RISK
2015-06-04 04:10:00,2015-06-04 04:15:00,21,1,0,1,100.0,"[""92678""]",HIGH_RISK
2015-06-04 04:11:00,2015-06-04 04:16:00,18,1,0,1,100.0,"[""92678""]",HIGH_RISK
2015-06-04 04:12:00,2015-06-04 04:17:00,11,0,0,0,0.0,[],NORMAL
2015-06-04 04:13:00,2015-06-04 04:18:00,13,0,0,0,0.0,[],NORMAL
2015-06-04 04:14:00,2015-06-04 04:19:00,12,0,0,0,0.0,[],NORMAL
2015-06-04 04:15:00,2015-06-04 04:20:00,12,0,0,0,0.0,[],NORMAL
2015-06-04 04:16:00,2015-06-04 04:21:00,12,0,0,0,0.0,[],NORMAL
2015-06-04 04:17:00,2015-06-04 04:22:00,15,0,0,0,0.0,[],NORMAL
2015-06-04 04:18:00,2015-06-04 04:23:00,16,0,0,0,0.0,[],NORMAL
2015-06-04 04:19:00,2015-06-04 04:24:00,21,1,0,1,100.0,"[""197789""]",HIGH_RISK
2015-06-04 04:20:00,2015-06-04 04:25:00,24,1,1,1,100.0,"[""197789""]",HIGH_RISK
2015-06-04 04:21:00,2015-06-04 04:26:00,25,1,1,1,100.0,"[""197789""]",HIGH_RISK
2015-06-04 04:22:00,2015-06-04 04:27:00,25,1,1,1,100.0,"[""197789""]",HIGH_RISK
2015-06-04 04:23:00,2015-06-04 04:28:00,25,1,1,1,100.0,"[""197789""]",HIGH_RISK
2015-06-04 04:24:00,2015-06-04 04:29:00,20,0,1,0,0.0,[],NORMAL
2015-06-04 04:25:00,2015-06-04 04:30:00,17,0,1,0,0.0,[],NORMAL
2015-06-04 04:26:00,2015-06-04 04:31:00,15,1,1,1,100.0,"[""30990""]",HIGH_RISK
2015-06-04 04:27:00,2015-06-04 04:32:00,15,1,1,1,100.0,"[""30990""]",HIGH_RISK
2015-06-04 04:28:00,2015-06-04 04:33:00,12,1,1,1,100.0,"[""30990""]",HIGH_RISK
2015-06-04 04:29:00,2015-06-04 04:34:00,11,1,1,1,100.0,"[""30990""]",HIGH_RISK
2015-06-04 04:30:00,2015-06-04 04:35:00,8,1,0,1,100.0,"[""30990""]",HIGH_RISK
2015-06-04 04:31:00,2015-06-04 04:36:00,10,0,0,0,0.0,[],NORMAL
2015-06-04 04:32:00,2015-06-04 04:37:00,8,0,0,0,0.0,[],NORMAL
2015-06-04 04:33:00,2015-06-04 04:38:00,10,0,0,0,0.0,[],NORMAL
2015-06-04 04:34:00,2015-06-04 04:39:00,11,0,0,0,0.0,[],NORMAL
2015-06-04 04:35:00,2015-06-04 04:40:00,13,0,0,0,0.0,[],NORMAL
2015-06-04 04:36:00,2015-06-04 04:41:00,8,0,0,0,0.0,[],NORMAL
2015-06-04 04:37:00,2015-06-04 04:42:00,9,0,0,0,0.0,[],NORMAL
2015-06-04 04:38:00,2015-06-04 04:43:00,12,0,0,0,0.0,[],NORMAL
2015-06-04 04:39:00,2015-06-04 04:44:00,16,0,0,0,0.0,[],NORMAL
2015-06-04 04:40:00,2015-06-04 04:45:00,16,0,0,0,0.0,[],NORMAL
2015-06-04 04:41:00,2015-06-04 04:46:00,16,0,0,0,0.0,[],NORMAL
2015-06-04 04:42:00,2015-06-04 04:47:00,14,0,0,0,0.0,[],NORMAL
2015-06-04 04:43:00,2015-06-04 04:48:00,10,0,0,0,0.0,[],NORMAL
2015-06-04 04:44:00,2015-06-04 04:49:00,5,0,0,0,0.0,[],NORMAL
2015-06-04 04:45:00,2015-06-04 04:50:00,5,0,0,0,0.0,[],NORMAL
2015-06-04 04:46:00,2015-06-04 04:51:00,6,0,0,0,0.0,[],NORMAL
2015-06-04 04:47:00,2015-06-04 04:52:00,8,0,0,0,0.0,[],NORMAL
2015-06-04 04:48:00,2015-06-04 04:53:00,6,0,0,0,0.0,[],NORMAL
2015-06-04 04:49:00,2015-06-04 04:54:00,7,0,0,0,0.0,[],NORMAL
2015-06-04 04:50:00,2015-06-04 04:55:00,8,0,0,0,0.0,[],NORMAL
2015-06-04 04:51:00,2015-06-04 04:56:00,9,0,0,0,0.0,[],NORMAL
2015-06-04 04:52:00,2015-06-04 04:57:00,12,0,0,0,0.0,[],NORMAL
2015-06-04 04:53:00,2015-06-04 04:58:00,16,0,0,0,0.0,[],NORMAL
2015-06-04 04:54:00,2015-06-04 04:59:00,16,0,0,0,0.0,[],NORMAL
2015-06-04 04:55:00,2015-06-04 05:00:00,16,0,0,0,0.0,[],NORMAL
2015-06-04 04:56:00,2015-06-04 05:01:00,15,0,0,0,0.0,[],NORMAL
2015-06-04 04:57:00,2015-06-04 05:02:00,12,0,0,0,0.0,[],NORMAL
2015-06-04 04:58:00,2015-06-04 05:03:00,9,0,0,0,0.0,[],NORMAL
2015-06-04 04:59:00,2015-06-04 05:04:00,8,0,0,0,0.0,[],NORMAL
2015-06-04 05:00:00,2015-06-04 05:05:00,5,0,0,0,0.0,[],NORMAL
2015-06-04 05:01:00,2015-06-04 05:06:00,6,0,0,0,0.0,[],NORMAL
2015-06-04 05:02:00,2015-06-04 05:07:00,7,0,0,0,0.0,[],NORMAL
2015-06-04 05:03:00,2015-06-04 05:08:00,10,0,0,0,0.0,[],NORMAL
2015-06-04 05:04:00,2015-06-04 05:09:00,9,0,0,0,0.0,[],NORMAL
2015-06-04 05:05:00,2015-06-04 05:10:00,11,0,0,0,0.0,[],NORMAL
2015-06-04 05:06:00,2015-06-04 05:11:00,13,0,0,0,0.0,[],NORMAL
2015-06-04 05:07:00,2015-06-04 05:12:00,13,0,0,0,0.0,[],NORMAL
2015-06-04 05:08:00,2015-06-04 05:13:00,12,0,0,0,0.0,[],NORMAL
2015-06-04 05:09:00,2015-06-04 05:14:00,14,0,0,0,0.0,[],NORMAL
2015-06-04 05:10:00,2015-06-04 05:15:00,13,0,0,0,0.0,[],NORMAL
2015-06-04 05:11:00,2015-06-04 05:16:00,12,0,0,0,0.0,[],NORMAL
2015-06-04 05:12:00,2015-06-04 05:17:00,10,0,0,0,0.0,[],NORMAL
2015-06-04 05:13:00,2015-06-04 05:18:00,10,0,0,0,0.0,[],NORMAL
2015-06-04 05:14:00,2015-06-04 05:19:00,10,0,0,0,0.0,[],NORMAL
2015-06-04 05:15:00,2015-06-04 05:20:00,12,0,0,0,0.0,[],NORMAL
2015-06-04 05:16:00,2015-06-04 05:21:00,10,0,0,0,0.0,[],NORMAL
2015-06-04 05:17:00,2015-06-04 05:22:00,11,0,0,0,0.0,[],NORMAL
2015-06-04 05:18:00,2015-06-04 05:23:00,8,0,0,0,0.0,[],NORMAL
2015-06-04 05:19:00,2015-06-04 05:24:00,8,0,1,0,0.0,[],NORMAL
2015-06-04 05:20:00,2015-06-04 05:25:00,7,0,1,0,0.0,[],NORMAL
2015-06-04 05:21:00,2015-06-04 05:26:00,6,0,1,0,0.0,[],NORMAL
2015-06-04 05:22:00,2015-06-04 05:27:00,6,0,1,0,0.0,[],NORMAL
2015-06-04 05:23:00,2015-06-04 05:28:00,7,0,1,0,0.0,[],NORMAL
2015-06-04 05:24:00,2015-06-04 05:29:00,8,0,0,0,0.0,[],NORMAL
2015-06-04 05:25:00,2015-06-04 05:30:00,7,0,0,0,0.0,[],NORMAL
2015-06-04 05:26:00,2015-06-04 05:31:00,9,0,0,0,0.0,[],NORMAL
2015-06-04 05:27:00,2015-06-04 05:32:00,8,0,0,0,0.0,[],NORMAL
2015-06-04 05:28:00,2015-06-04 05:33:00,12,0,1,0,0.0,[],NORMAL
2015-06-04 05:29:00,2015-06-04 05:34:00,13,0,1,0,0.0,[],NORMAL
2015-06-04 05:30:00,2015-06-04 05:35:00,17,1,1,1,100.0,"[""189764""]",HIGH_RISK
2015-06-04 05:31:00,2015-06-04 05:36:00,19,1,1,1,100.0,"[""189764""]",HIGH_RISK
2015-06-04 05:32:00,2015-06-04 05:37:00,20,1,1,1,100.0,"[""189764""]",HIGH_RISK
2015-06-04 05:33:00,2015-06-04 05:38:00,18,1,0,1,100.0,"[""189764""]",HIGH_RISK
2015-06-04 05:34:00,2015-06-04 05:39:00,14,1,0,1,100.0,"[""189764""]",HIGH_RISK
2015-06-04 05:35:00,2015-06-04 05:40:00,12,0,0,0,0.0,[],NORMAL
2015-06-04 05:36:00,2015-06-04 05:41:00,12,0,0,0,0.0,[],NORMAL
2015-06-04 05:37:00,2015-06-04 05:42:00,13,0,0,0,0.0,[],NORMAL
2015-06-04 05:38:00,2015-06-04 05:43:00,11,0,0,0,0.0,[],NORMAL
2015-06-04 05:39:00,2015-06-04 05:44:00,14,0,0,0,0.0,[],NORMAL
2015-06-04 05:40:00,2015-06-04 05:45:00,13,0,0,0,0.0,[],NORMAL
2015-06-04 05:41:00,2015-06-04 05:46:00,11,0,0,0,0.0,[],NORMAL
2015-06-04 05:42:00,2015-06-04 05:47:00,11,0,0,0,0.0,[],NORMAL
2015-06-04 05:43:00,2015-06-04 05:48:00,11,0,0,0,0.0,[],NORMAL
2015-06-04 05:44:00,2015-06-04 05:49:00,9,0,0,0,0.0,[],NORMAL
2015-06-04 05:45:00,2015-06-04 05:50:00,10,0,0,0,0.0,[],NORMAL
2015-06-04 05:46:00,2015-06-04 05:51:00,9,0,0,0,0.0,[],NORMAL
2015-06-04 05:47:00,2015-06-04 05:52:00,8,0,0,0,0.0,[],NORMAL
2015-06-04 05:48:00,2015-06-04 05:53:00,9,0,0,0,0.0,[],NORMAL
2015-06-04 05:49:00,2015-06-04 05:54:00,8,0,0,0,0.0,[],NORMAL
2015-06-04 05:50:00,2015-06-04 05:55:00,6,0,0,0,0.0,[],NORMAL
2015-06-04 05:51:00,2015-06-04 05:56:00,6,0,0,0,0.0,[],NORMAL
2015-06-04 05:52:00,2015-06-04 05:57:00,7,0,0,0,0.0,[],NORMAL
2015-06-04 05:53:00,2015-06-04 05:58:00,6,0,0,0,0.0,[],NORMAL
2015-06-04 05:54:00,2015-06-04 05:59:00,10,0,0,0,0.0,[],NORMAL
2015-06-04 05:55:00,2015-06-04 06:00:00,12,0,0,0,0.0,[],NORMAL
